representation,model,split,accuracy,f1,auc,ap
TUG,lr_l2,1,0.7027027027027027,0.7027027027027027,0.7294117647058824,0.8079526502013574
TUG,lr_l2,2,0.75,0.8,0.8235294117647058,0.7548118979946421
TUG,lr_l2,3,0.7777777777777778,0.8,0.848297213622291,0.8654482276440321
TUG,lr_l2,4,0.8333333333333334,0.85,0.846875,0.8814265238219547
TUG,lr_l2,5,0.7222222222222222,0.7058823529411765,0.821875,0.8097342009842011
TUG,lr_l2,6,0.6486486486486487,0.6829268292682927,0.7441176470588236,0.7361935329378322
TUG,lr_l2,7,0.6666666666666666,0.7142857142857143,0.758513931888545,0.7938045808008116
TUG,lr_l2,8,0.8333333333333334,0.85,0.9256965944272446,0.9398417234640144
TUG,lr_l2,9,0.7777777777777778,0.8,0.7875000000000001,0.7581825867388022
TUG,lr_l2,10,0.8333333333333334,0.8571428571428571,0.8624999999999999,0.8822765161376518
TUG,lr_l2,11,0.8378378378378378,0.85,0.8558823529411764,0.8707535674679641
TUG,lr_l2,12,0.75,0.7692307692307693,0.8080495356037152,0.8347714691388308
TUG,lr_l2,13,0.75,0.7692307692307693,0.8452012383900929,0.850128570596332
TUG,lr_l2,14,0.6666666666666666,0.7142857142857143,0.715625,0.7116349959483834
TUG,lr_l2,15,0.6388888888888888,0.6666666666666666,0.6812499999999999,0.7586518978058425
TUG,lr_l2,16,0.6756756756756757,0.7142857142857143,0.7147058823529411,0.7818756970998351
TUG,lr_l2,17,0.8333333333333334,0.85,0.8111455108359134,0.7706229660115924
TUG,lr_l2,18,0.8888888888888888,0.8947368421052632,0.891640866873065,0.9050188224499776
TUG,lr_l2,19,0.6944444444444444,0.7317073170731707,0.8374999999999999,0.8779369852692898
TUG,lr_l2,20,0.7777777777777778,0.8095238095238095,0.825,0.7937731770838732
TUG,lr_l2,21,0.7297297297297297,0.7222222222222222,0.8911764705882352,0.9141316459324269
TUG,lr_l2,22,0.7777777777777778,0.8,0.8173374613003096,0.8374086968258851
TUG,lr_l2,23,0.75,0.7804878048780488,0.8421052631578947,0.8958224065809204
TUG,lr_l2,24,0.6388888888888888,0.6829268292682927,0.7,0.7137838589271145
TUG,lr_l2,25,0.6388888888888888,0.6666666666666666,0.73125,0.7561807329105
TUG,lr_l2,26,0.7027027027027027,0.7027027027027027,0.7764705882352941,0.7635230694266993
TUG,lr_l2,27,0.7222222222222222,0.75,0.7987616099071208,0.8391761087752612
TUG,lr_l2,28,0.8055555555555556,0.8372093023255814,0.8328173374613003,0.8303774326627511
TUG,lr_l2,29,0.75,0.7692307692307693,0.821875,0.8452679141698614
TUG,lr_l2,30,0.7222222222222222,0.7619047619047619,0.803125,0.8255662045399899
TUG,lr_l2,31,0.5675675675675675,0.6,0.6970588235294117,0.729020021426503
TUG,lr_l2,32,0.6666666666666666,0.6842105263157895,0.761609907120743,0.7658034664825835
TUG,lr_l2,33,0.75,0.7804878048780488,0.8575851393188854,0.8925659330276936
TUG,lr_l2,34,0.7222222222222222,0.7727272727272727,0.825,0.7927431827431827
TUG,lr_l2,35,0.8055555555555556,0.8292682926829268,0.86875,0.8988288158895121
TUG,lr_l2,36,0.6756756756756757,0.7,0.6852941176470588,0.6668767936841359
TUG,lr_l2,37,0.8055555555555556,0.8205128205128205,0.8235294117647058,0.8361793394627024
TUG,lr_l2,38,0.8888888888888888,0.9,0.9009287925696594,0.8951771344817621
TUG,lr_l2,39,0.7222222222222222,0.7619047619047619,0.84375,0.8914523297583643
TUG,lr_l2,40,0.7777777777777778,0.7894736842105263,0.79375,0.8463370908819203
TUG,lr_l2,41,0.7297297297297297,0.7619047619047619,0.8323529411764706,0.8616870185918384
TUG,lr_l2,42,0.75,0.7567567567567568,0.8390092879256966,0.7848274196824196
TUG,lr_l2,43,0.8333333333333334,0.8421052631578947,0.8823529411764706,0.8851299167642657
TUG,lr_l2,44,0.75,0.7804878048780488,0.846875,0.8918750017113397
TUG,lr_l2,45,0.6666666666666666,0.7,0.721875,0.7580753431911564
TUG,lr_l2,46,0.7837837837837838,0.8181818181818182,0.9117647058823529,0.9322118884166941
TUG,lr_l2,47,0.6944444444444444,0.6857142857142857,0.8359133126934984,0.859957907375765
TUG,lr_l2,48,0.6944444444444444,0.717948717948718,0.8452012383900929,0.8626795317971787
TUG,lr_l2,49,0.75,0.7804878048780488,0.784375,0.757107615413831
TUG,lr_l2,50,0.8055555555555556,0.8444444444444444,0.778125,0.8165143266792885
TUG,lr_l1,1,0.5945945945945946,0.5454545454545454,0.6941176470588235,0.7842165142181969
TUG,lr_l1,2,0.7222222222222222,0.782608695652174,0.8421052631578947,0.7704837207403608
TUG,lr_l1,3,0.75,0.7567567567567568,0.8637770897832817,0.8785736344808366
TUG,lr_l1,4,0.7222222222222222,0.7222222222222222,0.821875,0.861086868970383
TUG,lr_l1,5,0.6111111111111112,0.5882352941176471,0.784375,0.7762594069630683
TUG,lr_l1,6,0.6756756756756757,0.7142857142857143,0.7441176470588234,0.7268133725823398
TUG,lr_l1,7,0.6388888888888888,0.6666666666666666,0.7337461300309598,0.7868585578968872
TUG,lr_l1,8,0.7777777777777778,0.8,0.9226006191950464,0.937398634927239
TUG,lr_l1,9,0.6388888888888888,0.6060606060606061,0.7593750000000001,0.7423088229466948
TUG,lr_l1,10,0.75,0.7567567567567568,0.8625,0.8864202890314246
TUG,lr_l1,11,0.7027027027027027,0.6857142857142857,0.8294117647058823,0.8526723294868781
TUG,lr_l1,12,0.75,0.7692307692307693,0.7894736842105263,0.8198921862922159
TUG,lr_l1,13,0.6666666666666666,0.6470588235294118,0.8111455108359134,0.8304568338257436
TUG,lr_l1,14,0.6944444444444444,0.7441860465116279,0.746875,0.7228176337840828
TUG,lr_l1,15,0.5555555555555556,0.5294117647058824,0.675,0.7489898098937546
TUG,lr_l1,16,0.6216216216216216,0.6111111111111112,0.7088235294117647,0.7806376512582087
TUG,lr_l1,17,0.6944444444444444,0.6857142857142857,0.7585139318885449,0.7381306045454235
TUG,lr_l1,18,0.8333333333333334,0.8333333333333334,0.8978328173374612,0.9082214312446915
TUG,lr_l1,19,0.75,0.7804878048780488,0.85625,0.8906454777571942
TUG,lr_l1,20,0.75,0.7906976744186046,0.8125,0.7922301633555712
TUG,lr_l1,21,0.7297297297297297,0.6875,0.8294117647058824,0.862229735071188
TUG,lr_l1,22,0.6944444444444444,0.7027027027027027,0.7987616099071208,0.8243365896805512
TUG,lr_l1,23,0.75,0.7804878048780488,0.8761609907120743,0.9117486820357767
TUG,lr_l1,24,0.6666666666666666,0.7142857142857143,0.715625,0.7072149548611596
TUG,lr_l1,25,0.5555555555555556,0.5789473684210527,0.7125,0.7482200140658971
TUG,lr_l1,26,0.7027027027027027,0.7027027027027027,0.7911764705882354,0.7658976317799847
TUG,lr_l1,27,0.6666666666666666,0.6470588235294118,0.8018575851393188,0.8406322975469043
TUG,lr_l1,28,0.6666666666666666,0.6666666666666666,0.8359133126934984,0.8391042190554412
TUG,lr_l1,29,0.7222222222222222,0.7368421052631579,0.79375,0.8280909758755028
TUG,lr_l1,30,0.6666666666666666,0.6842105263157895,0.746875,0.793880110311145
TUG,lr_l1,31,0.6216216216216216,0.5882352941176471,0.7558823529411764,0.7676949098161578
TUG,lr_l1,32,0.6944444444444444,0.6857142857142857,0.7678018575851393,0.76996794766625
TUG,lr_l1,33,0.75,0.7804878048780488,0.8513931888544892,0.885631486809082
TUG,lr_l1,34,0.7222222222222222,0.7619047619047619,0.828125,0.7980417529137579
TUG,lr_l1,35,0.6944444444444444,0.6857142857142857,0.8343749999999999,0.8756921544657614
TUG,lr_l1,36,0.6756756756756757,0.7142857142857143,0.7058823529411764,0.676257053590258
TUG,lr_l1,37,0.8333333333333334,0.8421052631578947,0.8482972136222909,0.8607618056585384
TUG,lr_l1,38,0.8055555555555556,0.8108108108108109,0.869969040247678,0.8709327263947668
TUG,lr_l1,39,0.6666666666666666,0.7272727272727273,0.8125,0.8728677582486011
TUG,lr_l1,40,0.6388888888888888,0.6060606060606061,0.73125,0.8023422565626424
TUG,lr_l1,41,0.7567567567567568,0.7804878048780488,0.8323529411764706,0.8606794193799048
TUG,lr_l1,42,0.7777777777777778,0.7894736842105263,0.8142414860681114,0.7623556677708792
TUG,lr_l1,43,0.8055555555555556,0.8108108108108109,0.9009287925696594,0.8964149475229806
TUG,lr_l1,44,0.6944444444444444,0.717948717948718,0.8250000000000001,0.8763960817173735
TUG,lr_l1,45,0.6388888888888888,0.6486486486486487,0.721875,0.7562414694187518
TUG,lr_l1,46,0.7027027027027027,0.7441860465116279,0.8352941176470587,0.8700873271253708
TUG,lr_l1,47,0.6666666666666666,0.6470588235294118,0.8390092879256965,0.8660326631907993
TUG,lr_l1,48,0.7222222222222222,0.7222222222222222,0.8421052631578947,0.8735848164307756
TUG,lr_l1,49,0.7777777777777778,0.8095238095238095,0.771875,0.7423887334389629
TUG,lr_l1,50,0.6388888888888888,0.6666666666666666,0.7437499999999999,0.7951465495289025
TUG,pca64_lr_l2,1,0.7027027027027027,0.7027027027027027,0.7294117647058824,0.8079526502013574
TUG,pca64_lr_l2,2,0.75,0.8,0.8235294117647058,0.7548118979946421
TUG,pca64_lr_l2,3,0.7777777777777778,0.8,0.848297213622291,0.8654482276440321
TUG,pca64_lr_l2,4,0.8333333333333334,0.85,0.846875,0.8814265238219547
TUG,pca64_lr_l2,5,0.7222222222222222,0.7058823529411765,0.821875,0.8097342009842011
TUG,pca64_lr_l2,6,0.6486486486486487,0.6829268292682927,0.7441176470588236,0.7361935329378322
TUG,pca64_lr_l2,7,0.6666666666666666,0.7142857142857143,0.758513931888545,0.7938045808008116
TUG,pca64_lr_l2,8,0.8333333333333334,0.85,0.9256965944272446,0.9398417234640144
TUG,pca64_lr_l2,9,0.7777777777777778,0.8,0.784375,0.7558950050394558
TUG,pca64_lr_l2,10,0.8333333333333334,0.8571428571428571,0.8624999999999999,0.8822765161376518
TUG,pca64_lr_l2,11,0.8378378378378378,0.85,0.8558823529411764,0.8707535674679641
TUG,pca64_lr_l2,12,0.75,0.7692307692307693,0.8080495356037152,0.8347714691388308
TUG,pca64_lr_l2,13,0.75,0.7692307692307693,0.848297213622291,0.8528375489245053
TUG,pca64_lr_l2,14,0.6666666666666666,0.7142857142857143,0.715625,0.7116349959483834
TUG,pca64_lr_l2,15,0.6388888888888888,0.6666666666666666,0.6812499999999999,0.7586518978058425
TUG,pca64_lr_l2,16,0.6756756756756757,0.7142857142857143,0.7147058823529411,0.7818756970998351
TUG,pca64_lr_l2,17,0.8333333333333334,0.85,0.8111455108359134,0.7706229660115924
TUG,pca64_lr_l2,18,0.8888888888888888,0.8947368421052632,0.8947368421052632,0.907274461547722
TUG,pca64_lr_l2,19,0.6944444444444444,0.7317073170731707,0.8374999999999999,0.8779369852692898
TUG,pca64_lr_l2,20,0.7777777777777778,0.8095238095238095,0.825,0.7937731770838732
TUG,pca64_lr_l2,21,0.7297297297297297,0.7222222222222222,0.8911764705882352,0.9141316459324269
TUG,pca64_lr_l2,22,0.7777777777777778,0.8,0.8173374613003096,0.8374086968258851
TUG,pca64_lr_l2,23,0.75,0.7804878048780488,0.8421052631578947,0.8958224065809204
TUG,pca64_lr_l2,24,0.6388888888888888,0.6829268292682927,0.7,0.7137838589271145
TUG,pca64_lr_l2,25,0.6388888888888888,0.6666666666666666,0.73125,0.7561807329105
TUG,pca64_lr_l2,26,0.7297297297297297,0.7222222222222222,0.7764705882352941,0.7635230694266993
TUG,pca64_lr_l2,27,0.7222222222222222,0.75,0.7987616099071208,0.8391761087752612
TUG,pca64_lr_l2,28,0.8055555555555556,0.8372093023255814,0.8328173374613003,0.8303774326627511
TUG,pca64_lr_l2,29,0.75,0.7692307692307693,0.821875,0.8452679141698614
TUG,pca64_lr_l2,30,0.7222222222222222,0.7619047619047619,0.803125,0.8255662045399899
TUG,pca64_lr_l2,31,0.5675675675675675,0.6,0.6970588235294117,0.729020021426503
TUG,pca64_lr_l2,32,0.6666666666666666,0.6842105263157895,0.761609907120743,0.7658034664825835
TUG,pca64_lr_l2,33,0.75,0.7804878048780488,0.8575851393188854,0.8925659330276936
TUG,pca64_lr_l2,34,0.7222222222222222,0.7727272727272727,0.825,0.7927431827431827
TUG,pca64_lr_l2,35,0.8055555555555556,0.8292682926829268,0.86875,0.8988288158895121
TUG,pca64_lr_l2,36,0.6756756756756757,0.7,0.6852941176470588,0.6668767936841359
TUG,pca64_lr_l2,37,0.8055555555555556,0.8205128205128205,0.8235294117647058,0.8361793394627024
TUG,pca64_lr_l2,38,0.8888888888888888,0.9,0.9009287925696594,0.8951771344817621
TUG,pca64_lr_l2,39,0.7222222222222222,0.7619047619047619,0.84375,0.8914523297583643
TUG,pca64_lr_l2,40,0.7777777777777778,0.7894736842105263,0.79375,0.8463370908819203
TUG,pca64_lr_l2,41,0.7297297297297297,0.7619047619047619,0.8323529411764706,0.8616870185918384
TUG,pca64_lr_l2,42,0.75,0.7567567567567568,0.8421052631578947,0.787536398010593
TUG,pca64_lr_l2,43,0.8333333333333334,0.8421052631578947,0.8823529411764706,0.8851299167642657
TUG,pca64_lr_l2,44,0.75,0.7804878048780488,0.846875,0.8918750017113397
TUG,pca64_lr_l2,45,0.6666666666666666,0.7,0.721875,0.7580753431911564
TUG,pca64_lr_l2,46,0.7837837837837838,0.8181818181818182,0.9117647058823529,0.9322118884166941
TUG,pca64_lr_l2,47,0.6944444444444444,0.6857142857142857,0.8359133126934984,0.859957907375765
TUG,pca64_lr_l2,48,0.6944444444444444,0.717948717948718,0.8452012383900929,0.8626795317971787
TUG,pca64_lr_l2,49,0.75,0.7804878048780488,0.784375,0.757107615413831
TUG,pca64_lr_l2,50,0.8055555555555556,0.8444444444444444,0.778125,0.8165143266792885
TUG,pca32_lr_l2,1,0.7027027027027027,0.7027027027027027,0.7294117647058824,0.8079526502013574
TUG,pca32_lr_l2,2,0.7777777777777778,0.8181818181818182,0.8204334365325077,0.751630868497823
TUG,pca32_lr_l2,3,0.7777777777777778,0.8,0.848297213622291,0.8654482276440321
TUG,pca32_lr_l2,4,0.8333333333333334,0.85,0.85,0.8845217619171928
TUG,pca32_lr_l2,5,0.7222222222222222,0.7058823529411765,0.821875,0.8097342009842011
TUG,pca32_lr_l2,6,0.6486486486486487,0.6829268292682927,0.7411764705882353,0.732988404732704
TUG,pca32_lr_l2,7,0.6666666666666666,0.7142857142857143,0.761609907120743,0.7953648054731643
TUG,pca32_lr_l2,8,0.8333333333333334,0.85,0.9256965944272446,0.9398417234640144
TUG,pca32_lr_l2,9,0.7777777777777778,0.8,0.784375,0.7558950050394558
TUG,pca32_lr_l2,10,0.8333333333333334,0.8571428571428571,0.8624999999999999,0.8822765161376518
TUG,pca32_lr_l2,11,0.8378378378378378,0.85,0.8558823529411764,0.8707535674679641
TUG,pca32_lr_l2,12,0.75,0.7692307692307693,0.8080495356037152,0.8347714691388308
TUG,pca32_lr_l2,13,0.75,0.7692307692307693,0.848297213622291,0.8528375489245053
TUG,pca32_lr_l2,14,0.6666666666666666,0.7142857142857143,0.71875,0.7134207102340977
TUG,pca32_lr_l2,15,0.6388888888888888,0.6666666666666666,0.6812499999999999,0.7586518978058425
TUG,pca32_lr_l2,16,0.6756756756756757,0.7142857142857143,0.7147058823529411,0.7818756970998351
TUG,pca32_lr_l2,17,0.8333333333333334,0.85,0.8111455108359134,0.7706229660115924
TUG,pca32_lr_l2,18,0.8888888888888888,0.8947368421052632,0.891640866873065,0.9063831959505739
TUG,pca32_lr_l2,19,0.6944444444444444,0.7317073170731707,0.8374999999999999,0.8779369852692898
TUG,pca32_lr_l2,20,0.7777777777777778,0.8095238095238095,0.8218749999999999,0.7919333502440463
TUG,pca32_lr_l2,21,0.7567567567567568,0.7428571428571429,0.8911764705882352,0.9141316459324269
TUG,pca32_lr_l2,22,0.7777777777777778,0.8,0.8173374613003096,0.8374086968258851
TUG,pca32_lr_l2,23,0.75,0.7804878048780488,0.8421052631578947,0.8958224065809204
TUG,pca32_lr_l2,24,0.6388888888888888,0.6829268292682927,0.7,0.7137838589271145
TUG,pca32_lr_l2,25,0.6388888888888888,0.6666666666666666,0.73125,0.7561807329105
TUG,pca32_lr_l2,26,0.7027027027027027,0.7027027027027027,0.7794117647058824,0.7648564027600326
TUG,pca32_lr_l2,27,0.7222222222222222,0.75,0.7956656346749226,0.8325971614068401
TUG,pca32_lr_l2,28,0.8055555555555556,0.8372093023255814,0.8328173374613003,0.8303774326627511
TUG,pca32_lr_l2,29,0.75,0.7692307692307693,0.821875,0.8452679141698614
TUG,pca32_lr_l2,30,0.7222222222222222,0.7619047619047619,0.803125,0.8255662045399899
TUG,pca32_lr_l2,31,0.5675675675675675,0.6,0.6970588235294117,0.729020021426503
TUG,pca32_lr_l2,32,0.6666666666666666,0.6842105263157895,0.761609907120743,0.7658034664825835
TUG,pca32_lr_l2,33,0.75,0.7804878048780488,0.8606811145510835,0.8937326429058372
TUG,pca32_lr_l2,34,0.7222222222222222,0.7727272727272727,0.83125,0.7976804868184179
TUG,pca32_lr_l2,35,0.8055555555555556,0.8292682926829268,0.86875,0.8988288158895121
TUG,pca32_lr_l2,36,0.7027027027027027,0.7317073170731707,0.6882352941176471,0.6679851680683724
TUG,pca32_lr_l2,37,0.8055555555555556,0.8205128205128205,0.8235294117647058,0.8361793394627024
TUG,pca32_lr_l2,38,0.8888888888888888,0.9,0.9009287925696594,0.8951771344817621
TUG,pca32_lr_l2,39,0.7222222222222222,0.7619047619047619,0.84375,0.8914523297583643
TUG,pca32_lr_l2,40,0.7777777777777778,0.7894736842105263,0.79375,0.8463370908819203
TUG,pca32_lr_l2,41,0.7297297297297297,0.7619047619047619,0.8323529411764706,0.8616870185918384
TUG,pca32_lr_l2,42,0.75,0.7567567567567568,0.8390092879256965,0.7832080695830332
TUG,pca32_lr_l2,43,0.8333333333333334,0.8421052631578947,0.8823529411764706,0.8851299167642657
TUG,pca32_lr_l2,44,0.75,0.7804878048780488,0.846875,0.8918750017113397
TUG,pca32_lr_l2,45,0.6666666666666666,0.7,0.721875,0.7580753431911564
TUG,pca32_lr_l2,46,0.7837837837837838,0.8181818181818182,0.9147058823529411,0.9357833169881227
TUG,pca32_lr_l2,47,0.6944444444444444,0.6857142857142857,0.8359133126934984,0.859957907375765
TUG,pca32_lr_l2,48,0.6944444444444444,0.717948717948718,0.8452012383900929,0.8626795317971787
TUG,pca32_lr_l2,49,0.75,0.7804878048780488,0.7875,0.7587874573110641
TUG,pca32_lr_l2,50,0.8055555555555556,0.8444444444444444,0.778125,0.8165143266792885
TUG,mi128_lr_l2,1,0.6756756756756757,0.6842105263157895,0.7294117647058824,0.8079526502013574
TUG,mi128_lr_l2,2,0.75,0.8,0.8297213622291022,0.7601278193770454
TUG,mi128_lr_l2,3,0.7777777777777778,0.8,0.8606811145510835,0.8775786947182826
TUG,mi128_lr_l2,4,0.8055555555555556,0.8205128205128205,0.840625,0.8742873253767218
TUG,mi128_lr_l2,5,0.6388888888888888,0.6060606060606061,0.79375,0.7873391227409265
TUG,mi128_lr_l2,6,0.6756756756756757,0.7142857142857143,0.75,0.7395026200135226
TUG,mi128_lr_l2,7,0.6944444444444444,0.7317073170731707,0.7678018575851393,0.8005433188728381
TUG,mi128_lr_l2,8,0.8055555555555556,0.8292682926829268,0.9287925696594428,0.9459287358668163
TUG,mi128_lr_l2,9,0.6666666666666666,0.625,0.7625,0.7638731725547752
TUG,mi128_lr_l2,10,0.8055555555555556,0.8292682926829268,0.85,0.8757967386883845
TUG,mi128_lr_l2,11,0.8108108108108109,0.8205128205128205,0.8441176470588235,0.857561828651225
TUG,mi128_lr_l2,12,0.75,0.7692307692307693,0.8080495356037152,0.8347714691388308
TUG,mi128_lr_l2,13,0.6944444444444444,0.717948717948718,0.826625386996904,0.8395099909268287
TUG,mi128_lr_l2,14,0.6944444444444444,0.7441860465116279,0.7249999999999999,0.7156078713243204
TUG,mi128_lr_l2,15,0.5833333333333334,0.5945945945945946,0.6875,0.7628034648023583
TUG,mi128_lr_l2,16,0.6756756756756757,0.7142857142857143,0.7147058823529411,0.7830100162120956
TUG,mi128_lr_l2,17,0.7222222222222222,0.7222222222222222,0.8049535603715171,0.7708693954823986
TUG,mi128_lr_l2,18,0.8611111111111112,0.8648648648648649,0.891640866873065,0.9039152111489979
TUG,mi128_lr_l2,19,0.7222222222222222,0.7619047619047619,0.853125,0.8870040211745611
TUG,mi128_lr_l2,20,0.75,0.7804878048780488,0.828125,0.8014983666976078
TUG,mi128_lr_l2,21,0.7027027027027027,0.6857142857142857,0.8529411764705882,0.8817065869128782
TUG,mi128_lr_l2,22,0.7222222222222222,0.7368421052631579,0.8173374613003096,0.8374086968258851
TUG,mi128_lr_l2,23,0.7777777777777778,0.8095238095238095,0.8668730650154799,0.9084515903310164
TUG,mi128_lr_l2,24,0.7222222222222222,0.75,0.690625,0.7005975108897603
TUG,mi128_lr_l2,25,0.5833333333333334,0.6153846153846154,0.725,0.7527158206297982
TUG,mi128_lr_l2,26,0.7297297297297297,0.7222222222222222,0.7941176470588235,0.7719362869421296
TUG,mi128_lr_l2,27,0.75,0.7692307692307693,0.804953560371517,0.8364731928887068
TUG,mi128_lr_l2,28,0.75,0.7804878048780488,0.8328173374613003,0.8369807285108981
TUG,mi128_lr_l2,29,0.7222222222222222,0.75,0.821875,0.8447534626627629
TUG,mi128_lr_l2,30,0.7222222222222222,0.7619047619047619,0.7875,0.8208071383380982
TUG,mi128_lr_l2,31,0.5675675675675675,0.6,0.7058823529411765,0.7422173472345099
TUG,mi128_lr_l2,32,0.6944444444444444,0.6857142857142857,0.7647058823529411,0.7716030757355294
TUG,mi128_lr_l2,33,0.8055555555555556,0.8292682926829268,0.8606811145510835,0.8955734473300452
TUG,mi128_lr_l2,34,0.7777777777777778,0.8095238095238095,0.834375,0.803964559405736
TUG,mi128_lr_l2,35,0.8333333333333334,0.8571428571428571,0.865625,0.8960703706310669
TUG,mi128_lr_l2,36,0.7027027027027027,0.7317073170731707,0.7,0.6727861168003556
TUG,mi128_lr_l2,37,0.8055555555555556,0.8205128205128205,0.8390092879256966,0.8492106380863496
TUG,mi128_lr_l2,38,0.8333333333333334,0.8421052631578947,0.9009287925696594,0.8951771344817621
TUG,mi128_lr_l2,39,0.6666666666666666,0.7272727272727273,0.8625,0.9127434356682784
TUG,mi128_lr_l2,40,0.6944444444444444,0.6857142857142857,0.7749999999999999,0.8353013260893696
TUG,mi128_lr_l2,41,0.7297297297297297,0.75,0.823529411764706,0.8552611181921528
TUG,mi128_lr_l2,42,0.7777777777777778,0.7894736842105263,0.826625386996904,0.7759968597402445
TUG,mi128_lr_l2,43,0.8333333333333334,0.8421052631578947,0.891640866873065,0.8885228396308726
TUG,mi128_lr_l2,44,0.75,0.7906976744186046,0.84375,0.8942790848857027
TUG,mi128_lr_l2,45,0.6111111111111112,0.631578947368421,0.721875,0.7541712209435245
TUG,mi128_lr_l2,46,0.8108108108108109,0.8372093023255814,0.9205882352941177,0.9360008305964191
TUG,mi128_lr_l2,47,0.6944444444444444,0.6857142857142857,0.8297213622291022,0.8583429726029357
TUG,mi128_lr_l2,48,0.7222222222222222,0.7368421052631579,0.848297213622291,0.8770183033340926
TUG,mi128_lr_l2,49,0.75,0.7804878048780488,0.778125,0.7485564845800914
TUG,mi128_lr_l2,50,0.75,0.8,0.76875,0.8122740107404598
SelfPace,lr_l2,1,0.5675675675675675,0.6363636363636364,0.5794117647058823,0.6436177148242568
SelfPace,lr_l2,2,0.6388888888888888,0.6829268292682927,0.6470588235294117,0.6479366614914714
SelfPace,lr_l2,3,0.7222222222222222,0.782608695652174,0.7770897832817337,0.7536586492102217
SelfPace,lr_l2,4,0.6388888888888888,0.5806451612903226,0.84375,0.8643400513717228
SelfPace,lr_l2,5,0.6944444444444444,0.7317073170731707,0.70625,0.7552409041268578
SelfPace,lr_l2,6,0.5405405405405406,0.6222222222222222,0.5647058823529412,0.5775696679585437
SelfPace,lr_l2,7,0.6388888888888888,0.6060606060606061,0.7182662538699691,0.7336784207654969
SelfPace,lr_l2,8,0.6666666666666666,0.7391304347826086,0.7554179566563468,0.766962302471305
SelfPace,lr_l2,9,0.7222222222222222,0.7727272727272727,0.6875,0.6616221704640065
SelfPace,lr_l2,10,0.5833333333333334,0.6153846153846154,0.634375,0.6339861368317172
SelfPace,lr_l2,11,0.7297297297297297,0.7368421052631579,0.8088235294117647,0.856362371288842
SelfPace,lr_l2,12,0.6111111111111112,0.6111111111111112,0.7027863777089783,0.6334390230093767
SelfPace,lr_l2,13,0.75,0.7906976744186046,0.6996904024767802,0.7102811617787599
SelfPace,lr_l2,14,0.6111111111111112,0.6818181818181818,0.69375,0.7514604074780237
SelfPace,lr_l2,15,0.6111111111111112,0.65,0.65,0.6934719324859191
SelfPace,lr_l2,16,0.4594594594594595,0.5454545454545454,0.5205882352941177,0.5850460433563882
SelfPace,lr_l2,17,0.7222222222222222,0.7222222222222222,0.8452012383900929,0.8725919098569663
SelfPace,lr_l2,18,0.7222222222222222,0.7222222222222222,0.8080495356037152,0.8041036729476767
SelfPace,lr_l2,19,0.6666666666666666,0.7142857142857143,0.715625,0.7534335816407802
SelfPace,lr_l2,20,0.75,0.8,0.709375,0.7071535999737018
SelfPace,lr_l2,21,0.6486486486486487,0.6486486486486487,0.6911764705882353,0.7018679487851983
SelfPace,lr_l2,22,0.75,0.7567567567567568,0.8204334365325077,0.8385439569862319
SelfPace,lr_l2,23,0.6666666666666666,0.7272727272727273,0.7461300309597523,0.7791155830782976
SelfPace,lr_l2,24,0.5833333333333334,0.6666666666666666,0.671875,0.7116356328856329
SelfPace,lr_l2,25,0.5,0.5263157894736842,0.5875,0.6616978733821086
SelfPace,lr_l2,26,0.6756756756756757,0.7272727272727273,0.7470588235294118,0.7282403905537781
SelfPace,lr_l2,27,0.6944444444444444,0.7027027027027027,0.7461300309597523,0.7611559781966513
SelfPace,lr_l2,28,0.6388888888888888,0.6976744186046512,0.7430340557275542,0.7643540467391106
SelfPace,lr_l2,29,0.6666666666666666,0.7,0.7375,0.7755163003821135
SelfPace,lr_l2,30,0.4722222222222222,0.5365853658536586,0.584375,0.6808356680857564
SelfPace,lr_l2,31,0.6756756756756757,0.7272727272727273,0.7441176470588236,0.7617924042768998
SelfPace,lr_l2,32,0.6944444444444444,0.7441860465116279,0.6811145510835913,0.6816653159115691
SelfPace,lr_l2,33,0.5833333333333334,0.5945945945945946,0.5882352941176471,0.5859604020828525
SelfPace,lr_l2,34,0.75,0.7804878048780488,0.85,0.8557195000860705
SelfPace,lr_l2,35,0.5555555555555556,0.5294117647058824,0.68125,0.7113043990323404
SelfPace,lr_l2,36,0.6486486486486487,0.6976744186046512,0.6647058823529411,0.6964915129123131
SelfPace,lr_l2,37,0.5833333333333334,0.6341463414634146,0.5448916408668731,0.5796397768896564
SelfPace,lr_l2,38,0.6666666666666666,0.7,0.7678018575851393,0.7711727750420709
SelfPace,lr_l2,39,0.6111111111111112,0.6818181818181818,0.70625,0.7412571328806395
SelfPace,lr_l2,40,0.75,0.7804878048780488,0.840625,0.843612549889724
SelfPace,lr_l2,41,0.7027027027027027,0.7441860465116279,0.7735294117647059,0.7922247324979277
SelfPace,lr_l2,42,0.6944444444444444,0.7317073170731707,0.6222910216718266,0.6150944625504671
SelfPace,lr_l2,43,0.5833333333333334,0.5714285714285714,0.6625386996904025,0.6876540291823201
SelfPace,lr_l2,44,0.5555555555555556,0.6,0.6031249999999999,0.6405879273108454
SelfPace,lr_l2,45,0.5833333333333334,0.6153846153846154,0.671875,0.6450978353187184
SelfPace,lr_l2,46,0.6216216216216216,0.65,0.6764705882352942,0.7095490705507532
SelfPace,lr_l2,47,0.6388888888888888,0.6285714285714286,0.739938080495356,0.7399958497727375
SelfPace,lr_l2,48,0.7222222222222222,0.7619047619047619,0.7430340557275541,0.7612730646007462
SelfPace,lr_l2,49,0.6388888888888888,0.6829268292682927,0.6499999999999999,0.6296360069654081
SelfPace,lr_l2,50,0.6944444444444444,0.7659574468085106,0.7,0.7392526313555725
SelfPace,lr_l1,1,0.5945945945945946,0.6808510638297872,0.6235294117647059,0.6611678922590378
SelfPace,lr_l1,2,0.6111111111111112,0.65,0.6687306501547987,0.6788940370192804
SelfPace,lr_l1,3,0.75,0.8,0.804953560371517,0.774018504704614
SelfPace,lr_l1,4,0.6666666666666666,0.6470588235294118,0.821875,0.7866990174857822
SelfPace,lr_l1,5,0.7222222222222222,0.75,0.759375,0.7808801837428209
SelfPace,lr_l1,6,0.5675675675675675,0.6363636363636364,0.5941176470588235,0.6540981413057599
SelfPace,lr_l1,7,0.7222222222222222,0.7222222222222222,0.7647058823529411,0.7736379877145609
SelfPace,lr_l1,8,0.6944444444444444,0.7441860465116279,0.78328173374613,0.7815402589299023
SelfPace,lr_l1,9,0.8055555555555556,0.8444444444444444,0.709375,0.6966660931274944
SelfPace,lr_l1,10,0.6944444444444444,0.7441860465116279,0.725,0.6943584178767246
SelfPace,lr_l1,11,0.7567567567567568,0.7692307692307693,0.8058823529411765,0.8459759776687024
SelfPace,lr_l1,12,0.6388888888888888,0.6060606060606061,0.7801857585139319,0.7271423991988848
SelfPace,lr_l1,13,0.75,0.7906976744186046,0.7275541795665634,0.7389691727186678
SelfPace,lr_l1,14,0.6388888888888888,0.7111111111111111,0.7125,0.7728888155223674
SelfPace,lr_l1,15,0.6666666666666666,0.7142857142857143,0.71875,0.7338376092506529
SelfPace,lr_l1,16,0.43243243243243246,0.5116279069767442,0.5352941176470588,0.5944868550218982
SelfPace,lr_l1,17,0.75,0.7428571428571429,0.8544891640866873,0.8503457135942469
SelfPace,lr_l1,18,0.6944444444444444,0.6857142857142857,0.804953560371517,0.7879225255053268
SelfPace,lr_l1,19,0.75,0.7906976744186046,0.703125,0.7156684545674484
SelfPace,lr_l1,20,0.8055555555555556,0.8444444444444444,0.74375,0.7582910407605067
SelfPace,lr_l1,21,0.6756756756756757,0.6842105263157895,0.7088235294117646,0.7153727799735002
SelfPace,lr_l1,22,0.8055555555555556,0.8108108108108109,0.8606811145510836,0.8519849913108413
SelfPace,lr_l1,23,0.6944444444444444,0.7441860465116279,0.7894736842105263,0.7977330670418383
SelfPace,lr_l1,24,0.6111111111111112,0.6956521739130435,0.671875,0.7040407182217527
SelfPace,lr_l1,25,0.5833333333333334,0.6511627906976745,0.6468750000000001,0.6831351454806537
SelfPace,lr_l1,26,0.8108108108108109,0.8292682926829268,0.7676470588235293,0.7261878143070094
SelfPace,lr_l1,27,0.6666666666666666,0.7,0.7894736842105263,0.7813367797978781
SelfPace,lr_l1,28,0.6666666666666666,0.7142857142857143,0.7770897832817337,0.7990384284049163
SelfPace,lr_l1,29,0.6666666666666666,0.7,0.75625,0.790629146725143
SelfPace,lr_l1,30,0.5555555555555556,0.6190476190476191,0.603125,0.6684704564682059
SelfPace,lr_l1,31,0.7297297297297297,0.7727272727272727,0.7852941176470589,0.7882728954052485
SelfPace,lr_l1,32,0.6666666666666666,0.7142857142857143,0.7275541795665634,0.7152513964336096
SelfPace,lr_l1,33,0.6388888888888888,0.6829268292682927,0.6253869969040248,0.614016212044299
SelfPace,lr_l1,34,0.8055555555555556,0.8292682926829268,0.846875,0.8486368959987383
SelfPace,lr_l1,35,0.6111111111111112,0.6111111111111112,0.734375,0.7622145422305269
SelfPace,lr_l1,36,0.6216216216216216,0.65,0.6852941176470588,0.7036975091546703
SelfPace,lr_l1,37,0.5833333333333334,0.6341463414634146,0.5758513931888545,0.6037567788450193
SelfPace,lr_l1,38,0.7777777777777778,0.7894736842105263,0.8204334365325078,0.7819591736635896
SelfPace,lr_l1,39,0.6666666666666666,0.7142857142857143,0.71875,0.7577268402113357
SelfPace,lr_l1,40,0.8055555555555556,0.8372093023255814,0.859375,0.87996506782691
SelfPace,lr_l1,41,0.7567567567567568,0.7804878048780488,0.8235294117647058,0.8068221088858207
SelfPace,lr_l1,42,0.6944444444444444,0.7317073170731707,0.6656346749226006,0.6813480971167951
SelfPace,lr_l1,43,0.6666666666666666,0.6666666666666666,0.736842105263158,0.7776716718152468
SelfPace,lr_l1,44,0.6111111111111112,0.65,0.621875,0.6679404907475807
SelfPace,lr_l1,45,0.6944444444444444,0.7317073170731707,0.71875,0.7007270578558019
SelfPace,lr_l1,46,0.7027027027027027,0.7441860465116279,0.7294117647058824,0.7837941395624461
SelfPace,lr_l1,47,0.6944444444444444,0.7027027027027027,0.78328173374613,0.7609237674196121
SelfPace,lr_l1,48,0.7222222222222222,0.75,0.7554179566563467,0.7551010819896662
SelfPace,lr_l1,49,0.6111111111111112,0.65,0.6625,0.6697521950977033
SelfPace,lr_l1,50,0.6944444444444444,0.7659574468085106,0.71875,0.7406040287971403
SelfPace,pca64_lr_l2,1,0.5675675675675675,0.6363636363636364,0.5764705882352941,0.6410536122601542
SelfPace,pca64_lr_l2,2,0.6388888888888888,0.6829268292682927,0.6501547987616099,0.6498716460115954
SelfPace,pca64_lr_l2,3,0.7222222222222222,0.782608695652174,0.7770897832817337,0.7541382135055754
SelfPace,pca64_lr_l2,4,0.6388888888888888,0.5806451612903226,0.84375,0.8574478207952818
SelfPace,pca64_lr_l2,5,0.6944444444444444,0.7317073170731707,0.70625,0.7538538720412964
SelfPace,pca64_lr_l2,6,0.5405405405405406,0.6222222222222222,0.5647058823529412,0.5775696679585437
SelfPace,pca64_lr_l2,7,0.6388888888888888,0.6060606060606061,0.7182662538699691,0.7252197741489557
SelfPace,pca64_lr_l2,8,0.6944444444444444,0.7555555555555555,0.7647058823529411,0.7783600859743518
SelfPace,pca64_lr_l2,9,0.7222222222222222,0.7727272727272727,0.6875,0.6616221704640065
SelfPace,pca64_lr_l2,10,0.5833333333333334,0.6153846153846154,0.6312500000000001,0.6328941828087287
SelfPace,pca64_lr_l2,11,0.7297297297297297,0.7368421052631579,0.8088235294117647,0.858140321599401
SelfPace,pca64_lr_l2,12,0.6111111111111112,0.6111111111111112,0.7027863777089783,0.6334390230093767
SelfPace,pca64_lr_l2,13,0.75,0.7906976744186046,0.6965944272445821,0.7070913691152831
SelfPace,pca64_lr_l2,14,0.6111111111111112,0.6818181818181818,0.69375,0.7500121008826582
SelfPace,pca64_lr_l2,15,0.6111111111111112,0.65,0.6656249999999999,0.7003746540771714
SelfPace,pca64_lr_l2,16,0.4594594594594595,0.5454545454545454,0.5176470588235295,0.5835840550522947
SelfPace,pca64_lr_l2,17,0.75,0.7567567567567568,0.848297213622291,0.8755994286539588
SelfPace,pca64_lr_l2,18,0.6944444444444444,0.6857142857142857,0.8018575851393188,0.7973299203844504
SelfPace,pca64_lr_l2,19,0.6666666666666666,0.7142857142857143,0.7093750000000001,0.7438822995894983
SelfPace,pca64_lr_l2,20,0.75,0.8,0.70625,0.7045020848221866
SelfPace,pca64_lr_l2,21,0.6486486486486487,0.6486486486486487,0.6911764705882353,0.7018679487851983
SelfPace,pca64_lr_l2,22,0.7222222222222222,0.7222222222222222,0.8173374613003096,0.8220965885651792
SelfPace,pca64_lr_l2,23,0.6944444444444444,0.7441860465116279,0.7492260061919505,0.7802990974197068
SelfPace,pca64_lr_l2,24,0.6111111111111112,0.6818181818181818,0.678125,0.7139775869086215
SelfPace,pca64_lr_l2,25,0.4722222222222222,0.5128205128205128,0.590625,0.6634517559949683
SelfPace,pca64_lr_l2,26,0.6756756756756757,0.7272727272727273,0.75,0.7306300964361311
SelfPace,pca64_lr_l2,27,0.6944444444444444,0.7027027027027027,0.7554179566563467,0.7670854044454518
SelfPace,pca64_lr_l2,28,0.6388888888888888,0.6976744186046512,0.7461300309597524,0.7665900288512537
SelfPace,pca64_lr_l2,29,0.6666666666666666,0.7,0.734375,0.773555516068388
SelfPace,pca64_lr_l2,30,0.4722222222222222,0.5365853658536586,0.584375,0.680751778578897
SelfPace,pca64_lr_l2,31,0.6756756756756757,0.7272727272727273,0.7441176470588236,0.7617924042768998
SelfPace,pca64_lr_l2,32,0.6944444444444444,0.7441860465116279,0.6811145510835913,0.6808479315415532
SelfPace,pca64_lr_l2,33,0.5833333333333334,0.5945945945945946,0.5944272445820433,0.5894359713478955
SelfPace,pca64_lr_l2,34,0.75,0.7804878048780488,0.846875,0.8540890653034616
SelfPace,pca64_lr_l2,35,0.5555555555555556,0.5294117647058824,0.68125,0.710187497924071
SelfPace,pca64_lr_l2,36,0.6486486486486487,0.6976744186046512,0.6588235294117646,0.6900664428843021
SelfPace,pca64_lr_l2,37,0.5833333333333334,0.6341463414634146,0.5479876160990712,0.581120752054842
SelfPace,pca64_lr_l2,38,0.6666666666666666,0.7,0.7739938080495355,0.7752663422935329
SelfPace,pca64_lr_l2,39,0.6111111111111112,0.6818181818181818,0.7,0.7286380852615918
SelfPace,pca64_lr_l2,40,0.75,0.7804878048780488,0.840625,0.846083955118482
SelfPace,pca64_lr_l2,41,0.6756756756756757,0.7142857142857143,0.7764705882352941,0.7938481091213043
SelfPace,pca64_lr_l2,42,0.6944444444444444,0.7317073170731707,0.6222910216718266,0.6150944625504671
SelfPace,pca64_lr_l2,43,0.5833333333333334,0.5714285714285714,0.6625386996904025,0.6876540291823201
SelfPace,pca64_lr_l2,44,0.5555555555555556,0.6,0.6031249999999999,0.6430427677920016
SelfPace,pca64_lr_l2,45,0.5833333333333334,0.6153846153846154,0.675,0.6465800487574536
SelfPace,pca64_lr_l2,46,0.6216216216216216,0.65,0.6764705882352942,0.6997378657915433
SelfPace,pca64_lr_l2,47,0.6388888888888888,0.6285714285714286,0.739938080495356,0.7417177945893114
SelfPace,pca64_lr_l2,48,0.7222222222222222,0.7619047619047619,0.7461300309597523,0.7653666318522081
SelfPace,pca64_lr_l2,49,0.6388888888888888,0.6829268292682927,0.646875,0.6279254806496186
SelfPace,pca64_lr_l2,50,0.6944444444444444,0.7659574468085106,0.7,0.7400992993075036
SelfPace,pca32_lr_l2,1,0.5405405405405406,0.6222222222222222,0.5882352941176471,0.6518839405575877
SelfPace,pca32_lr_l2,2,0.6666666666666666,0.7142857142857143,0.6594427244582044,0.6602735420172066
SelfPace,pca32_lr_l2,3,0.75,0.8,0.7863777089783281,0.7581870107122675
SelfPace,pca32_lr_l2,4,0.6666666666666666,0.625,0.853125,0.8667373753267718
SelfPace,pca32_lr_l2,5,0.6944444444444444,0.7317073170731707,0.7125,0.7501309348832569
SelfPace,pca32_lr_l2,6,0.5405405405405406,0.6222222222222222,0.5617647058823529,0.5983973782599382
SelfPace,pca32_lr_l2,7,0.6388888888888888,0.6060606060606061,0.7275541795665634,0.7450918333291641
SelfPace,pca32_lr_l2,8,0.6944444444444444,0.7659574468085106,0.7770897832817337,0.7813987126564526
SelfPace,pca32_lr_l2,9,0.7222222222222222,0.7727272727272727,0.690625,0.652673249015085
SelfPace,pca32_lr_l2,10,0.5833333333333334,0.6153846153846154,0.640625,0.6401279964376314
SelfPace,pca32_lr_l2,11,0.7297297297297297,0.7368421052631579,0.7970588235294118,0.8426639585904292
SelfPace,pca32_lr_l2,12,0.6111111111111112,0.6111111111111112,0.7058823529411764,0.6417793181917771
SelfPace,pca32_lr_l2,13,0.75,0.7906976744186046,0.7089783281733746,0.7139779269204494
SelfPace,pca32_lr_l2,14,0.6111111111111112,0.6818181818181818,0.709375,0.789072910443468
SelfPace,pca32_lr_l2,15,0.6388888888888888,0.6829268292682927,0.64375,0.6725585498915019
SelfPace,pca32_lr_l2,16,0.4594594594594595,0.5454545454545454,0.526470588235294,0.5910713010993233
SelfPace,pca32_lr_l2,17,0.75,0.7567567567567568,0.848297213622291,0.8755994286539588
SelfPace,pca32_lr_l2,18,0.6944444444444444,0.6857142857142857,0.7956656346749226,0.7916137465649689
SelfPace,pca32_lr_l2,19,0.6944444444444444,0.7317073170731707,0.709375,0.7354883601955587
SelfPace,pca32_lr_l2,20,0.75,0.8,0.7062499999999999,0.7212986104499816
SelfPace,pca32_lr_l2,21,0.6756756756756757,0.6842105263157895,0.7,0.7209311355983851
SelfPace,pca32_lr_l2,22,0.75,0.7567567567567568,0.8297213622291021,0.8387333230037712
SelfPace,pca32_lr_l2,23,0.6944444444444444,0.7441860465116279,0.7708978328173375,0.7996230283982848
SelfPace,pca32_lr_l2,24,0.5833333333333334,0.6666666666666666,0.653125,0.7007174058272329
SelfPace,pca32_lr_l2,25,0.5277777777777778,0.5641025641025641,0.596875,0.6601799435725474
SelfPace,pca32_lr_l2,26,0.7297297297297297,0.7727272727272727,0.7647058823529411,0.7128012496762497
SelfPace,pca32_lr_l2,27,0.6944444444444444,0.7027027027027027,0.7585139318885449,0.7682969074428436
SelfPace,pca32_lr_l2,28,0.6388888888888888,0.6976744186046512,0.7430340557275542,0.7627622776550815
SelfPace,pca32_lr_l2,29,0.6388888888888888,0.6666666666666666,0.740625,0.7774168851774352
SelfPace,pca32_lr_l2,30,0.4722222222222222,0.5365853658536586,0.584375,0.6729812158083341
SelfPace,pca32_lr_l2,31,0.6756756756756757,0.7272727272727273,0.7411764705882353,0.755374267366772
SelfPace,pca32_lr_l2,32,0.6944444444444444,0.7441860465116279,0.6904024767801857,0.6871164743550875
SelfPace,pca32_lr_l2,33,0.5833333333333334,0.5945945945945946,0.5975232198142415,0.5889998602720384
SelfPace,pca32_lr_l2,34,0.7777777777777778,0.8095238095238095,0.85,0.8568314910362966
SelfPace,pca32_lr_l2,35,0.5833333333333334,0.5714285714285714,0.6875,0.7141703410613258
SelfPace,pca32_lr_l2,36,0.6486486486486487,0.6976744186046512,0.6676470588235294,0.6759400851733854
SelfPace,pca32_lr_l2,37,0.5833333333333334,0.6153846153846154,0.5479876160990712,0.5802590734200694
SelfPace,pca32_lr_l2,38,0.6944444444444444,0.717948717948718,0.7739938080495355,0.7753279207711339
SelfPace,pca32_lr_l2,39,0.6111111111111112,0.6818181818181818,0.709375,0.7402154662139728
SelfPace,pca32_lr_l2,40,0.75,0.7804878048780488,0.83125,0.8209346234559924
SelfPace,pca32_lr_l2,41,0.6756756756756757,0.7142857142857143,0.7705882352941177,0.7774635201980158
SelfPace,pca32_lr_l2,42,0.6666666666666666,0.7142857142857143,0.6253869969040248,0.6170950781244899
SelfPace,pca32_lr_l2,43,0.6111111111111112,0.6111111111111112,0.6656346749226005,0.700102009297727
SelfPace,pca32_lr_l2,44,0.5833333333333334,0.6341463414634146,0.609375,0.6481936848573925
SelfPace,pca32_lr_l2,45,0.5555555555555556,0.6,0.66875,0.6447823175032006
SelfPace,pca32_lr_l2,46,0.6216216216216216,0.631578947368421,0.6764705882352942,0.7013297898314724
SelfPace,pca32_lr_l2,47,0.6111111111111112,0.6111111111111112,0.7337461300309598,0.7253571438748658
SelfPace,pca32_lr_l2,48,0.7222222222222222,0.7619047619047619,0.7275541795665634,0.7458903452874843
SelfPace,pca32_lr_l2,49,0.6388888888888888,0.6829268292682927,0.640625,0.6214432672108834
SelfPace,pca32_lr_l2,50,0.6388888888888888,0.7346938775510204,0.7000000000000001,0.7370484592162223
SelfPace,mi128_lr_l2,1,0.5675675675675675,0.6521739130434783,0.5970588235294118,0.6594743688173522
SelfPace,mi128_lr_l2,2,0.6388888888888888,0.6829268292682927,0.6656346749226005,0.6868797076925821
SelfPace,mi128_lr_l2,3,0.75,0.8085106382978723,0.8204334365325077,0.7878450290574541
SelfPace,mi128_lr_l2,4,0.6388888888888888,0.5806451612903226,0.840625,0.8584672682408752
SelfPace,mi128_lr_l2,5,0.6944444444444444,0.7317073170731707,0.734375,0.774455008957331
SelfPace,mi128_lr_l2,6,0.5675675675675675,0.6363636363636364,0.5970588235294118,0.6372026442280501
SelfPace,mi128_lr_l2,7,0.6388888888888888,0.6060606060606061,0.7368421052631579,0.7539556512749255
SelfPace,mi128_lr_l2,8,0.6666666666666666,0.7272727272727273,0.7492260061919505,0.7500077644233991
SelfPace,mi128_lr_l2,9,0.7222222222222222,0.7727272727272727,0.709375,0.7218210456628817
SelfPace,mi128_lr_l2,10,0.5833333333333334,0.6341463414634146,0.6781250000000001,0.666877157589998
SelfPace,mi128_lr_l2,11,0.7027027027027027,0.717948717948718,0.8264705882352941,0.8688102795542056
SelfPace,mi128_lr_l2,12,0.6944444444444444,0.7027027027027027,0.7337461300309598,0.6688151539635588
SelfPace,mi128_lr_l2,13,0.75,0.7906976744186046,0.7089783281733746,0.7132498105428691
SelfPace,mi128_lr_l2,14,0.6111111111111112,0.6818181818181818,0.7156250000000001,0.7897692003521524
SelfPace,mi128_lr_l2,15,0.6111111111111112,0.65,0.665625,0.6903812678337851
SelfPace,mi128_lr_l2,16,0.4594594594594595,0.5454545454545454,0.5352941176470588,0.5929276399611068
SelfPace,mi128_lr_l2,17,0.75,0.7567567567567568,0.8668730650154799,0.8930219313318792
SelfPace,mi128_lr_l2,18,0.6944444444444444,0.6857142857142857,0.8142414860681115,0.81154290961129
SelfPace,mi128_lr_l2,19,0.6944444444444444,0.7317073170731707,0.6968749999999999,0.730546299840455
SelfPace,mi128_lr_l2,20,0.7777777777777778,0.8260869565217391,0.721875,0.7195661983402475
SelfPace,mi128_lr_l2,21,0.6756756756756757,0.6842105263157895,0.7088235294117646,0.7275162171834666
SelfPace,mi128_lr_l2,22,0.75,0.7428571428571429,0.8482972136222909,0.8514266876569696
SelfPace,mi128_lr_l2,23,0.6944444444444444,0.7441860465116279,0.7708978328173374,0.7845276920181188
SelfPace,mi128_lr_l2,24,0.5833333333333334,0.6666666666666666,0.6749999999999999,0.713268957302933
SelfPace,mi128_lr_l2,25,0.5833333333333334,0.6153846153846154,0.628125,0.6882156322727222
SelfPace,mi128_lr_l2,26,0.7567567567567568,0.7804878048780488,0.7647058823529411,0.7370938818806466
SelfPace,mi128_lr_l2,27,0.6666666666666666,0.6842105263157895,0.7678018575851393,0.7607287657954893
SelfPace,mi128_lr_l2,28,0.6111111111111112,0.6666666666666666,0.7678018575851393,0.7870424809580157
SelfPace,mi128_lr_l2,29,0.6666666666666666,0.7,0.7437499999999999,0.7797978375583876
SelfPace,mi128_lr_l2,30,0.5277777777777778,0.6046511627906976,0.5874999999999999,0.6452517589608255
SelfPace,mi128_lr_l2,31,0.6756756756756757,0.7272727272727273,0.7529411764705882,0.7709344659189614
SelfPace,mi128_lr_l2,32,0.6666666666666666,0.7142857142857143,0.7306501547987616,0.7182946534030124
SelfPace,mi128_lr_l2,33,0.6111111111111112,0.631578947368421,0.6037151702786377,0.5937778201218772
SelfPace,mi128_lr_l2,34,0.7777777777777778,0.8,0.85625,0.8579283108831164
SelfPace,mi128_lr_l2,35,0.6111111111111112,0.5882352941176471,0.71875,0.7398337638958012
SelfPace,mi128_lr_l2,36,0.6486486486486487,0.6976744186046512,0.6941176470588235,0.7412679709995886
SelfPace,mi128_lr_l2,37,0.5555555555555556,0.6,0.5603715170278638,0.5977454827795439
SelfPace,mi128_lr_l2,38,0.6944444444444444,0.717948717948718,0.7863777089783281,0.7923654140836802
SelfPace,mi128_lr_l2,39,0.6111111111111112,0.6818181818181818,0.7156250000000001,0.7599221744561502
SelfPace,mi128_lr_l2,40,0.75,0.7804878048780488,0.84375,0.8306012272770081
SelfPace,mi128_lr_l2,41,0.7297297297297297,0.7619047619047619,0.7852941176470588,0.7945774532485059
SelfPace,mi128_lr_l2,42,0.6666666666666666,0.7142857142857143,0.6253869969040248,0.6179747401675868
SelfPace,mi128_lr_l2,43,0.6111111111111112,0.6111111111111112,0.6780185758513931,0.7118425591961717
SelfPace,mi128_lr_l2,44,0.5277777777777778,0.5641025641025641,0.6031249999999999,0.641906404155638
SelfPace,mi128_lr_l2,45,0.6388888888888888,0.6829268292682927,0.696875,0.6589823883482606
SelfPace,mi128_lr_l2,46,0.6486486486486487,0.6666666666666666,0.6941176470588235,0.7195822795625428
SelfPace,mi128_lr_l2,47,0.6666666666666666,0.6666666666666666,0.7678018575851393,0.7535655827872141
SelfPace,mi128_lr_l2,48,0.75,0.7804878048780488,0.7616099071207431,0.7570804343322646
SelfPace,mi128_lr_l2,49,0.6111111111111112,0.65,0.69375,0.703793426309411
SelfPace,mi128_lr_l2,50,0.6666666666666666,0.75,0.696875,0.7146230343014398
SelfPace+TUG,lr_l2,1,0.6756756756756757,0.7142857142857143,0.6852941176470588,0.7613022225916963
SelfPace+TUG,lr_l2,2,0.7777777777777778,0.8095238095238095,0.7770897832817337,0.7207145157256208
SelfPace+TUG,lr_l2,3,0.7777777777777778,0.8,0.8452012383900929,0.8632039522767889
SelfPace+TUG,lr_l2,4,0.7222222222222222,0.7058823529411765,0.80625,0.8519308684818432
SelfPace+TUG,lr_l2,5,0.6666666666666666,0.6666666666666666,0.7531249999999999,0.7384390437750581
SelfPace+TUG,lr_l2,6,0.6216216216216216,0.65,0.6764705882352942,0.6829111170577932
SelfPace+TUG,lr_l2,7,0.75,0.7567567567567568,0.7894736842105263,0.8281118136448413
SelfPace+TUG,lr_l2,8,0.8055555555555556,0.8205128205128205,0.8792569659442724,0.8905338952064621
SelfPace+TUG,lr_l2,9,0.6666666666666666,0.6666666666666666,0.725,0.727734914548302
SelfPace+TUG,lr_l2,10,0.6666666666666666,0.6842105263157895,0.796875,0.8386381256915314
SelfPace+TUG,lr_l2,11,0.8378378378378378,0.85,0.8941176470588236,0.9290198816360651
SelfPace+TUG,lr_l2,12,0.6111111111111112,0.6111111111111112,0.7647058823529411,0.7810147977710906
SelfPace+TUG,lr_l2,13,0.6944444444444444,0.7317073170731707,0.7523219814241486,0.7848695562361274
SelfPace+TUG,lr_l2,14,0.6944444444444444,0.7441860465116279,0.721875,0.7063852126724021
SelfPace+TUG,lr_l2,15,0.5555555555555556,0.5789473684210527,0.603125,0.7197116124724807
SelfPace+TUG,lr_l2,16,0.5405405405405406,0.5641025641025641,0.5970588235294118,0.7155373616667604
SelfPace+TUG,lr_l2,17,0.7222222222222222,0.7368421052631579,0.8235294117647058,0.7925376764362673
SelfPace+TUG,lr_l2,18,0.75,0.7692307692307693,0.8513931888544892,0.8809531938818658
SelfPace+TUG,lr_l2,19,0.6666666666666666,0.6842105263157895,0.796875,0.8346135016701044
SelfPace+TUG,lr_l2,20,0.6944444444444444,0.7555555555555555,0.7625,0.7457482271312916
SelfPace+TUG,lr_l2,21,0.7027027027027027,0.6857142857142857,0.7970588235294118,0.8391368313059493
SelfPace+TUG,lr_l2,22,0.75,0.7692307692307693,0.8390092879256966,0.8442904613489659
SelfPace+TUG,lr_l2,23,0.7777777777777778,0.8,0.8390092879256965,0.897254716101465
SelfPace+TUG,lr_l2,24,0.7222222222222222,0.7368421052631579,0.7,0.6941060655466232
SelfPace+TUG,lr_l2,25,0.6944444444444444,0.7317073170731707,0.68125,0.6834634565003814
SelfPace+TUG,lr_l2,26,0.7027027027027027,0.7027027027027027,0.7823529411764705,0.8037629910583877
SelfPace+TUG,lr_l2,27,0.6944444444444444,0.7027027027027027,0.8173374613003096,0.8562449929297753
SelfPace+TUG,lr_l2,28,0.75,0.7804878048780488,0.8452012383900929,0.8523493313215489
SelfPace+TUG,lr_l2,29,0.75,0.7692307692307693,0.825,0.8659623344491767
SelfPace+TUG,lr_l2,30,0.5555555555555556,0.6190476190476191,0.6875,0.7621770853251364
SelfPace+TUG,lr_l2,31,0.7027027027027027,0.7441860465116279,0.7352941176470589,0.7567857607723338
SelfPace+TUG,lr_l2,32,0.6944444444444444,0.717948717948718,0.7213622291021672,0.7457201506451954
SelfPace+TUG,lr_l2,33,0.5833333333333334,0.5714285714285714,0.7213622291021671,0.7744178369744605
SelfPace+TUG,lr_l2,34,0.7222222222222222,0.7619047619047619,0.83125,0.807182237565302
SelfPace+TUG,lr_l2,35,0.7222222222222222,0.7222222222222222,0.84375,0.885731996301143
SelfPace+TUG,lr_l2,36,0.6216216216216216,0.6666666666666666,0.6470588235294118,0.6512681518055544
SelfPace+TUG,lr_l2,37,0.6666666666666666,0.6842105263157895,0.7027863777089784,0.7526498165531894
SelfPace+TUG,lr_l2,38,0.8055555555555556,0.8205128205128205,0.8699690402476781,0.8757675314788795
SelfPace+TUG,lr_l2,39,0.7222222222222222,0.7619047619047619,0.79375,0.8417608178285425
SelfPace+TUG,lr_l2,40,0.6666666666666666,0.7,0.7875000000000001,0.8513866055657229
SelfPace+TUG,lr_l2,41,0.7567567567567568,0.7692307692307693,0.8088235294117647,0.840901341127205
SelfPace+TUG,lr_l2,42,0.6388888888888888,0.6486486486486487,0.7337461300309598,0.7112938320850768
SelfPace+TUG,lr_l2,43,0.6944444444444444,0.6857142857142857,0.7275541795665634,0.7698584206933807
SelfPace+TUG,lr_l2,44,0.6944444444444444,0.717948717948718,0.765625,0.8276025947736476
SelfPace+TUG,lr_l2,45,0.6111111111111112,0.631578947368421,0.703125,0.7326571510639571
SelfPace+TUG,lr_l2,46,0.7567567567567568,0.7804878048780488,0.8088235294117647,0.8330562624952014
SelfPace+TUG,lr_l2,47,0.6666666666666666,0.625,0.8204334365325077,0.8613184068931989
SelfPace+TUG,lr_l2,48,0.6388888888888888,0.6666666666666666,0.8328173374613003,0.8662287883740971
SelfPace+TUG,lr_l2,49,0.7222222222222222,0.75,0.7437499999999999,0.7227877302193327
SelfPace+TUG,lr_l2,50,0.6388888888888888,0.6976744186046512,0.715625,0.7771271083219615
SelfPace+TUG,lr_l1,1,0.7027027027027027,0.7317073170731707,0.7294117647058823,0.8032638967914405
SelfPace+TUG,lr_l1,2,0.7222222222222222,0.75,0.7925696594427245,0.7309860240258892
SelfPace+TUG,lr_l1,3,0.7777777777777778,0.7894736842105263,0.8575851393188854,0.870192204299366
SelfPace+TUG,lr_l1,4,0.75,0.7272727272727273,0.85625,0.9043793202515313
SelfPace+TUG,lr_l1,5,0.6666666666666666,0.6666666666666666,0.753125,0.7740756027386463
SelfPace+TUG,lr_l1,6,0.5945945945945946,0.6511627906976745,0.6852941176470588,0.6941343780324291
SelfPace+TUG,lr_l1,7,0.6666666666666666,0.6470588235294118,0.826625386996904,0.8641274147791989
SelfPace+TUG,lr_l1,8,0.8333333333333334,0.85,0.9164086687306501,0.9252412171815858
SelfPace+TUG,lr_l1,9,0.6666666666666666,0.6666666666666666,0.803125,0.7722035541185158
SelfPace+TUG,lr_l1,10,0.7222222222222222,0.7368421052631579,0.84375,0.8621934793344137
SelfPace+TUG,lr_l1,11,0.8108108108108109,0.8108108108108109,0.8970588235294117,0.9361164945409504
SelfPace+TUG,lr_l1,12,0.6388888888888888,0.6060606060606061,0.7554179566563467,0.7839024974467159
SelfPace+TUG,lr_l1,13,0.7777777777777778,0.8095238095238095,0.7801857585139318,0.8174992224581847
SelfPace+TUG,lr_l1,14,0.8055555555555556,0.8372093023255814,0.7406250000000001,0.7025231299787096
SelfPace+TUG,lr_l1,15,0.5833333333333334,0.5714285714285714,0.678125,0.7588548456970057
SelfPace+TUG,lr_l1,16,0.5135135135135135,0.5,0.6058823529411765,0.7377870283377368
SelfPace+TUG,lr_l1,17,0.7777777777777778,0.7777777777777778,0.8668730650154799,0.8053973966757086
SelfPace+TUG,lr_l1,18,0.8611111111111112,0.8648648648648649,0.9071207430340558,0.9224798734042909
SelfPace+TUG,lr_l1,19,0.6666666666666666,0.6842105263157895,0.8062499999999999,0.8455348520588459
SelfPace+TUG,lr_l1,20,0.75,0.7906976744186046,0.80625,0.774783492190874
SelfPace+TUG,lr_l1,21,0.6486486486486487,0.6060606060606061,0.8117647058823529,0.8397498649545063
SelfPace+TUG,lr_l1,22,0.7222222222222222,0.7222222222222222,0.8359133126934984,0.851262336811146
SelfPace+TUG,lr_l1,23,0.7777777777777778,0.7894736842105263,0.8792569659442724,0.9200290616284834
SelfPace+TUG,lr_l1,24,0.6944444444444444,0.717948717948718,0.740625,0.7252923198093686
SelfPace+TUG,lr_l1,25,0.6944444444444444,0.717948717948718,0.684375,0.6569062007182379
SelfPace+TUG,lr_l1,26,0.7297297297297297,0.7222222222222222,0.8176470588235294,0.7873083120583121
SelfPace+TUG,lr_l1,27,0.8055555555555556,0.8,0.8637770897832817,0.8802049539411034
SelfPace+TUG,lr_l1,28,0.7777777777777778,0.8,0.8513931888544892,0.8584541275612891
SelfPace+TUG,lr_l1,29,0.75,0.7692307692307693,0.81875,0.8570568005708168
SelfPace+TUG,lr_l1,30,0.6388888888888888,0.6829268292682927,0.734375,0.7901271627046167
SelfPace+TUG,lr_l1,31,0.7567567567567568,0.7692307692307693,0.8352941176470589,0.7875384558252206
SelfPace+TUG,lr_l1,32,0.6388888888888888,0.6666666666666666,0.7678018575851393,0.7860040671843278
SelfPace+TUG,lr_l1,33,0.6666666666666666,0.6842105263157895,0.7275541795665634,0.7761168904150002
SelfPace+TUG,lr_l1,34,0.7777777777777778,0.8,0.840625,0.8107410221902631
SelfPace+TUG,lr_l1,35,0.8333333333333334,0.8421052631578947,0.86875,0.9050122436055941
SelfPace+TUG,lr_l1,36,0.6756756756756757,0.6842105263157895,0.6794117647058824,0.669193553689111
SelfPace+TUG,lr_l1,37,0.6666666666666666,0.6842105263157895,0.7120743034055728,0.7556751294469233
SelfPace+TUG,lr_l1,38,0.8333333333333334,0.85,0.894736842105263,0.8921038919348352
SelfPace+TUG,lr_l1,39,0.75,0.7692307692307693,0.81875,0.8686951167860197
SelfPace+TUG,lr_l1,40,0.6944444444444444,0.7027027027027027,0.81875,0.8620999586614289
SelfPace+TUG,lr_l1,41,0.7567567567567568,0.7567567567567568,0.8441176470588234,0.8533618813088846
SelfPace+TUG,lr_l1,42,0.6666666666666666,0.6666666666666666,0.7678018575851393,0.738697169666008
SelfPace+TUG,lr_l1,43,0.6944444444444444,0.6857142857142857,0.7894736842105263,0.8386717584103394
SelfPace+TUG,lr_l1,44,0.6388888888888888,0.6666666666666666,0.765625,0.8238123386835865
SelfPace+TUG,lr_l1,45,0.6388888888888888,0.6486486486486487,0.740625,0.7241876516808459
SelfPace+TUG,lr_l1,46,0.7837837837837838,0.8,0.8411764705882352,0.8691017463657627
SelfPace+TUG,lr_l1,47,0.7222222222222222,0.6875,0.8823529411764706,0.8951674386271908
SelfPace+TUG,lr_l1,48,0.7222222222222222,0.7222222222222222,0.8204334365325077,0.8618447179200821
SelfPace+TUG,lr_l1,49,0.7222222222222222,0.75,0.74375,0.7270414625980651
SelfPace+TUG,lr_l1,50,0.6388888888888888,0.7111111111111111,0.7531249999999999,0.8078430247503676
SelfPace+TUG,pca64_lr_l2,1,0.6486486486486487,0.6976744186046512,0.6852941176470588,0.7613022225916963
SelfPace+TUG,pca64_lr_l2,2,0.7777777777777778,0.8095238095238095,0.7739938080495357,0.7187139001515981
SelfPace+TUG,pca64_lr_l2,3,0.7777777777777778,0.8,0.8452012383900929,0.8632039522767889
SelfPace+TUG,pca64_lr_l2,4,0.7222222222222222,0.7058823529411765,0.803125,0.8492225351485096
SelfPace+TUG,pca64_lr_l2,5,0.6944444444444444,0.6857142857142857,0.753125,0.7450407753767897
SelfPace+TUG,pca64_lr_l2,6,0.5945945945945946,0.6341463414634146,0.6764705882352942,0.6829111170577932
SelfPace+TUG,pca64_lr_l2,7,0.75,0.7567567567567568,0.7956656346749226,0.8380645801765552
SelfPace+TUG,pca64_lr_l2,8,0.7777777777777778,0.7894736842105263,0.8761609907120743,0.8885972353750653
SelfPace+TUG,pca64_lr_l2,9,0.6944444444444444,0.7027027027027027,0.734375,0.7314949126017783
SelfPace+TUG,pca64_lr_l2,10,0.6666666666666666,0.6842105263157895,0.7906249999999999,0.8351293273003801
SelfPace+TUG,pca64_lr_l2,11,0.8648648648648649,0.8717948717948718,0.8941176470588236,0.9290198816360651
SelfPace+TUG,pca64_lr_l2,12,0.6111111111111112,0.6111111111111112,0.7678018575851393,0.7825750224434433
SelfPace+TUG,pca64_lr_l2,13,0.6944444444444444,0.7317073170731707,0.7492260061919505,0.7833783281659519
SelfPace+TUG,pca64_lr_l2,14,0.6944444444444444,0.7441860465116279,0.7281249999999999,0.7100237310168028
SelfPace+TUG,pca64_lr_l2,15,0.5555555555555556,0.5789473684210527,0.615625,0.7261269841941405
SelfPace+TUG,pca64_lr_l2,16,0.5405405405405406,0.5641025641025641,0.5941176470588235,0.7143835155129141
SelfPace+TUG,pca64_lr_l2,17,0.7222222222222222,0.7368421052631579,0.826625386996904,0.794557446960193
SelfPace+TUG,pca64_lr_l2,18,0.7222222222222222,0.75,0.869969040247678,0.8954091522512573
SelfPace+TUG,pca64_lr_l2,19,0.6666666666666666,0.6842105263157895,0.8,0.8362933435673374
SelfPace+TUG,pca64_lr_l2,20,0.6944444444444444,0.7555555555555555,0.759375,0.7433585212489388
SelfPace+TUG,pca64_lr_l2,21,0.6756756756756757,0.6470588235294118,0.7970588235294118,0.8391368313059493
SelfPace+TUG,pca64_lr_l2,22,0.7222222222222222,0.7368421052631579,0.8421052631578947,0.8464449704286827
SelfPace+TUG,pca64_lr_l2,23,0.7777777777777778,0.8,0.8390092879256965,0.897254716101465
SelfPace+TUG,pca64_lr_l2,24,0.6944444444444444,0.717948717948718,0.7,0.6907797350144104
SelfPace+TUG,pca64_lr_l2,25,0.6944444444444444,0.7317073170731707,0.68125,0.6834634565003814
SelfPace+TUG,pca64_lr_l2,26,0.7027027027027027,0.7027027027027027,0.7823529411764706,0.7564732097612533
SelfPace+TUG,pca64_lr_l2,27,0.6944444444444444,0.6857142857142857,0.804953560371517,0.8482934853730046
SelfPace+TUG,pca64_lr_l2,28,0.7222222222222222,0.7619047619047619,0.8513931888544891,0.8590327064259766
SelfPace+TUG,pca64_lr_l2,29,0.7222222222222222,0.7368421052631579,0.8218749999999999,0.8642824925519434
SelfPace+TUG,pca64_lr_l2,30,0.5833333333333334,0.6511627906976745,0.69375,0.7719173450653962
SelfPace+TUG,pca64_lr_l2,31,0.7027027027027027,0.7441860465116279,0.7294117647058824,0.7509801825030531
SelfPace+TUG,pca64_lr_l2,32,0.6666666666666666,0.6842105263157895,0.7213622291021673,0.7436454222546773
SelfPace+TUG,pca64_lr_l2,33,0.5833333333333334,0.5714285714285714,0.7213622291021671,0.7744178369744605
SelfPace+TUG,pca64_lr_l2,34,0.7222222222222222,0.7619047619047619,0.83125,0.807182237565302
SelfPace+TUG,pca64_lr_l2,35,0.7222222222222222,0.7222222222222222,0.840625,0.8834444146017966
SelfPace+TUG,pca64_lr_l2,36,0.6216216216216216,0.6666666666666666,0.65,0.6529786781213439
SelfPace+TUG,pca64_lr_l2,37,0.6944444444444444,0.717948717948718,0.7089783281733746,0.7430881063335846
SelfPace+TUG,pca64_lr_l2,38,0.8055555555555556,0.8205128205128205,0.8730650154798761,0.8780759340642903
SelfPace+TUG,pca64_lr_l2,39,0.7222222222222222,0.7619047619047619,0.7875000000000001,0.8356853573413172
SelfPace+TUG,pca64_lr_l2,40,0.6944444444444444,0.7317073170731707,0.784375,0.8482349764930412
SelfPace+TUG,pca64_lr_l2,41,0.7567567567567568,0.7692307692307693,0.8029411764705883,0.8335997538256177
SelfPace+TUG,pca64_lr_l2,42,0.6388888888888888,0.6486486486486487,0.7306501547987616,0.7087298025473632
SelfPace+TUG,pca64_lr_l2,43,0.6944444444444444,0.6857142857142857,0.7213622291021672,0.7647074313318651
SelfPace+TUG,pca64_lr_l2,44,0.6944444444444444,0.717948717948718,0.76875,0.8301025947736476
SelfPace+TUG,pca64_lr_l2,45,0.6111111111111112,0.631578947368421,0.703125,0.7326571510639571
SelfPace+TUG,pca64_lr_l2,46,0.7297297297297297,0.75,0.8,0.8289992632170626
SelfPace+TUG,pca64_lr_l2,47,0.6944444444444444,0.6451612903225806,0.8204334365325077,0.8613184068931989
SelfPace+TUG,pca64_lr_l2,48,0.6388888888888888,0.6666666666666666,0.826625386996904,0.8524531877563912
SelfPace+TUG,pca64_lr_l2,49,0.7222222222222222,0.75,0.74375,0.719110429259423
SelfPace+TUG,pca64_lr_l2,50,0.6111111111111112,0.6818181818181818,0.71875,0.7854604416552948
SelfPace+TUG,pca32_lr_l2,1,0.6756756756756757,0.7142857142857143,0.6970588235294118,0.7775070063137215
SelfPace+TUG,pca32_lr_l2,2,0.7777777777777778,0.8181818181818182,0.7956656346749226,0.7412218264496675
SelfPace+TUG,pca32_lr_l2,3,0.8055555555555556,0.8205128205128205,0.8544891640866874,0.8675301523924628
SelfPace+TUG,pca32_lr_l2,4,0.6944444444444444,0.6857142857142857,0.8,0.8459162471160553
SelfPace+TUG,pca32_lr_l2,5,0.6666666666666666,0.6470588235294118,0.734375,0.7325066906777433
SelfPace+TUG,pca32_lr_l2,6,0.6216216216216216,0.65,0.6705882352941176,0.6795820553551064
SelfPace+TUG,pca32_lr_l2,7,0.7222222222222222,0.7222222222222222,0.7987616099071208,0.8239529756917163
SelfPace+TUG,pca32_lr_l2,8,0.8055555555555556,0.8205128205128205,0.8575851393188855,0.8730850560022863
SelfPace+TUG,pca32_lr_l2,9,0.6388888888888888,0.6285714285714286,0.715625,0.7200991585736712
SelfPace+TUG,pca32_lr_l2,10,0.7222222222222222,0.75,0.8125,0.848773374477036
SelfPace+TUG,pca32_lr_l2,11,0.7837837837837838,0.7894736842105263,0.888235294117647,0.9237283214721297
SelfPace+TUG,pca32_lr_l2,12,0.6111111111111112,0.6111111111111112,0.7554179566563468,0.7746717184790948
SelfPace+TUG,pca32_lr_l2,13,0.6944444444444444,0.717948717948718,0.7585139318885449,0.7971046895238922
SelfPace+TUG,pca32_lr_l2,14,0.7777777777777778,0.8181818181818182,0.746875,0.7220003547766747
SelfPace+TUG,pca32_lr_l2,15,0.5277777777777778,0.5405405405405406,0.5906250000000001,0.7073050103599963
SelfPace+TUG,pca32_lr_l2,16,0.5675675675675675,0.5789473684210527,0.5911764705882353,0.7153657930393094
SelfPace+TUG,pca32_lr_l2,17,0.6944444444444444,0.717948717948718,0.826625386996904,0.7950857284482267
SelfPace+TUG,pca32_lr_l2,18,0.8055555555555556,0.8205128205128205,0.8637770897832816,0.8884440626034065
SelfPace+TUG,pca32_lr_l2,19,0.6944444444444444,0.717948717948718,0.775,0.8073403058642998
SelfPace+TUG,pca32_lr_l2,20,0.7222222222222222,0.782608695652174,0.7625,0.7385886746340711
SelfPace+TUG,pca32_lr_l2,21,0.6756756756756757,0.6470588235294118,0.8117647058823529,0.8460186118248274
SelfPace+TUG,pca32_lr_l2,22,0.7222222222222222,0.7368421052631579,0.8297213622291022,0.8348828966011628
SelfPace+TUG,pca32_lr_l2,23,0.6944444444444444,0.7317073170731707,0.8482972136222912,0.9034999637226535
SelfPace+TUG,pca32_lr_l2,24,0.6944444444444444,0.717948717948718,0.6843750000000001,0.6877269872286395
SelfPace+TUG,pca32_lr_l2,25,0.6666666666666666,0.7,0.671875,0.6763350293719542
SelfPace+TUG,pca32_lr_l2,26,0.7027027027027027,0.7027027027027027,0.8,0.7779630902511337
SelfPace+TUG,pca32_lr_l2,27,0.75,0.7567567567567568,0.8359133126934984,0.870271949638904
SelfPace+TUG,pca32_lr_l2,28,0.7222222222222222,0.7619047619047619,0.826625386996904,0.8439402453038203
SelfPace+TUG,pca32_lr_l2,29,0.7222222222222222,0.7368421052631579,0.825,0.8585601614587683
SelfPace+TUG,pca32_lr_l2,30,0.5277777777777778,0.5853658536585366,0.696875,0.7741542098361875
SelfPace+TUG,pca32_lr_l2,31,0.7027027027027027,0.7555555555555555,0.7617647058823529,0.7735049084769356
SelfPace+TUG,pca32_lr_l2,32,0.6666666666666666,0.6842105263157895,0.7244582043343653,0.7513320322535315
SelfPace+TUG,pca32_lr_l2,33,0.5833333333333334,0.5714285714285714,0.7120743034055728,0.7705761369693256
SelfPace+TUG,pca32_lr_l2,34,0.75,0.7804878048780488,0.846875,0.8149685849368897
SelfPace+TUG,pca32_lr_l2,35,0.7222222222222222,0.7222222222222222,0.8218749999999999,0.8695200051077445
SelfPace+TUG,pca32_lr_l2,36,0.6486486486486487,0.6829268292682927,0.6558823529411765,0.6595640226014253
SelfPace+TUG,pca32_lr_l2,37,0.6666666666666666,0.6842105263157895,0.7058823529411764,0.7504766118281283
SelfPace+TUG,pca32_lr_l2,38,0.7777777777777778,0.7894736842105263,0.8699690402476781,0.8711573731249467
SelfPace+TUG,pca32_lr_l2,39,0.7222222222222222,0.7619047619047619,0.775,0.8233161769105242
SelfPace+TUG,pca32_lr_l2,40,0.6944444444444444,0.7317073170731707,0.8,0.8562640475681649
SelfPace+TUG,pca32_lr_l2,41,0.7837837837837838,0.8,0.8058823529411764,0.8335043743340158
SelfPace+TUG,pca32_lr_l2,42,0.6111111111111112,0.631578947368421,0.7337461300309598,0.7179637915060257
SelfPace+TUG,pca32_lr_l2,43,0.6944444444444444,0.6857142857142857,0.7244582043343653,0.757124995618758
SelfPace+TUG,pca32_lr_l2,44,0.6666666666666666,0.6842105263157895,0.7625,0.8274921110554987
SelfPace+TUG,pca32_lr_l2,45,0.6111111111111112,0.631578947368421,0.696875,0.736821472123015
SelfPace+TUG,pca32_lr_l2,46,0.7297297297297297,0.7619047619047619,0.8088235294117647,0.834432901783235
SelfPace+TUG,pca32_lr_l2,47,0.75,0.7272727272727273,0.8297213622291022,0.8688548018888573
SelfPace+TUG,pca32_lr_l2,48,0.6388888888888888,0.6666666666666666,0.8328173374613003,0.8704474998963743
SelfPace+TUG,pca32_lr_l2,49,0.6944444444444444,0.717948717948718,0.75,0.7326733307299332
SelfPace+TUG,pca32_lr_l2,50,0.6111111111111112,0.6818181818181818,0.7125,0.7680599601923133
SelfPace+TUG,mi128_lr_l2,1,0.6756756756756757,0.7142857142857143,0.7352941176470589,0.8103015036515626
SelfPace+TUG,mi128_lr_l2,2,0.7222222222222222,0.7727272727272727,0.8018575851393188,0.7383138969085934
SelfPace+TUG,mi128_lr_l2,3,0.8055555555555556,0.8205128205128205,0.8606811145510835,0.8696641104760776
SelfPace+TUG,mi128_lr_l2,4,0.7222222222222222,0.7058823529411765,0.859375,0.9002484798275874
SelfPace+TUG,mi128_lr_l2,5,0.6388888888888888,0.6285714285714286,0.746875,0.7415514378197445
SelfPace+TUG,mi128_lr_l2,6,0.6216216216216216,0.6666666666666666,0.7117647058823529,0.7131995172646717
SelfPace+TUG,mi128_lr_l2,7,0.7222222222222222,0.7222222222222222,0.8328173374613003,0.8699963169604279
SelfPace+TUG,mi128_lr_l2,8,0.8055555555555556,0.8292682926829268,0.9040247678018576,0.9227033140125855
SelfPace+TUG,mi128_lr_l2,9,0.75,0.7567567567567568,0.815625,0.7784025743141122
SelfPace+TUG,mi128_lr_l2,10,0.6944444444444444,0.717948717948718,0.81875,0.8505095499707076
SelfPace+TUG,mi128_lr_l2,11,0.8378378378378378,0.8333333333333334,0.8852941176470588,0.9215173021423024
SelfPace+TUG,mi128_lr_l2,12,0.6666666666666666,0.6470588235294118,0.78328173374613,0.8079990015916787
SelfPace+TUG,mi128_lr_l2,13,0.6388888888888888,0.6829268292682927,0.7987616099071206,0.8398007858160812
SelfPace+TUG,mi128_lr_l2,14,0.8055555555555556,0.8372093023255814,0.753125,0.7246496530445115
SelfPace+TUG,mi128_lr_l2,15,0.5833333333333334,0.5945945945945946,0.6906249999999999,0.7673372685498645
SelfPace+TUG,mi128_lr_l2,16,0.5405405405405406,0.5405405405405406,0.6176470588235294,0.7394628875344769
SelfPace+TUG,mi128_lr_l2,17,0.7222222222222222,0.7368421052631579,0.8452012383900929,0.8153508963547504
SelfPace+TUG,mi128_lr_l2,18,0.8333333333333334,0.8333333333333334,0.891640866873065,0.9170887235297196
SelfPace+TUG,mi128_lr_l2,19,0.7777777777777778,0.8095238095238095,0.83125,0.8668543669184658
SelfPace+TUG,mi128_lr_l2,20,0.8055555555555556,0.8444444444444444,0.8312499999999999,0.794813114804685
SelfPace+TUG,mi128_lr_l2,21,0.6756756756756757,0.6470588235294118,0.8147058823529412,0.8251963724699793
SelfPace+TUG,mi128_lr_l2,22,0.7222222222222222,0.7368421052631579,0.8235294117647058,0.8400727209682375
SelfPace+TUG,mi128_lr_l2,23,0.8055555555555556,0.8292682926829268,0.8637770897832817,0.9114976612654628
SelfPace+TUG,mi128_lr_l2,24,0.6666666666666666,0.7,0.7375,0.7259401295402818
SelfPace+TUG,mi128_lr_l2,25,0.7222222222222222,0.75,0.70625,0.7290756513187231
SelfPace+TUG,mi128_lr_l2,26,0.7567567567567568,0.7567567567567568,0.8147058823529412,0.7823683921932003
SelfPace+TUG,mi128_lr_l2,27,0.75,0.7567567567567568,0.8111455108359134,0.8423532869405461
SelfPace+TUG,mi128_lr_l2,28,0.7222222222222222,0.75,0.8575851393188855,0.8697128378912069
SelfPace+TUG,mi128_lr_l2,29,0.75,0.7692307692307693,0.828125,0.8648841627614223
SelfPace+TUG,mi128_lr_l2,30,0.6111111111111112,0.6666666666666666,0.7375,0.8049828555191532
SelfPace+TUG,mi128_lr_l2,31,0.7297297297297297,0.75,0.8029411764705883,0.8141794092635055
SelfPace+TUG,mi128_lr_l2,32,0.6388888888888888,0.6486486486486487,0.7492260061919505,0.7657814746798794
SelfPace+TUG,mi128_lr_l2,33,0.6388888888888888,0.6486486486486487,0.7647058823529411,0.8052780070761167
SelfPace+TUG,mi128_lr_l2,34,0.7777777777777778,0.8,0.840625,0.8096812376550228
SelfPace+TUG,mi128_lr_l2,35,0.8055555555555556,0.8108108108108109,0.871875,0.90665160189541
SelfPace+TUG,mi128_lr_l2,36,0.5675675675675675,0.5789473684210527,0.6647058823529411,0.6591902039972938
SelfPace+TUG,mi128_lr_l2,37,0.6666666666666666,0.7,0.7368421052631579,0.7851088647706304
SelfPace+TUG,mi128_lr_l2,38,0.8333333333333334,0.85,0.8916408668730649,0.8898878254528408
SelfPace+TUG,mi128_lr_l2,39,0.75,0.7906976744186046,0.8375,0.8794578298350895
SelfPace+TUG,mi128_lr_l2,40,0.6944444444444444,0.7027027027027027,0.821875,0.8726388277587345
SelfPace+TUG,mi128_lr_l2,41,0.7297297297297297,0.75,0.8235294117647058,0.8253605770575803
SelfPace+TUG,mi128_lr_l2,42,0.6666666666666666,0.6666666666666666,0.7801857585139319,0.7564843230825407
SelfPace+TUG,mi128_lr_l2,43,0.6944444444444444,0.6857142857142857,0.8018575851393188,0.8586464315886739
SelfPace+TUG,mi128_lr_l2,44,0.6944444444444444,0.717948717948718,0.7687499999999999,0.8322194356744641
SelfPace+TUG,mi128_lr_l2,45,0.6388888888888888,0.6486486486486487,0.725,0.7702008609772322
SelfPace+TUG,mi128_lr_l2,46,0.7567567567567568,0.7692307692307693,0.861764705882353,0.8863915646732361
SelfPace+TUG,mi128_lr_l2,47,0.7777777777777778,0.7777777777777778,0.8637770897832817,0.8857954073266086
SelfPace+TUG,mi128_lr_l2,48,0.7222222222222222,0.7222222222222222,0.8235294117647058,0.8613805704376833
SelfPace+TUG,mi128_lr_l2,49,0.7222222222222222,0.75,0.753125,0.7289597063913089
SelfPace+TUG,mi128_lr_l2,50,0.6666666666666666,0.7272727272727273,0.759375,0.8155069090895997
All3,lr_l2,1,0.6756756756756757,0.6842105263157895,0.6941176470588235,0.7529415946392939
All3,lr_l2,2,0.75,0.7804878048780488,0.7956656346749226,0.7228766932996447
All3,lr_l2,3,0.8333333333333334,0.85,0.8668730650154799,0.8745318867548784
All3,lr_l2,4,0.6944444444444444,0.6666666666666666,0.828125,0.8641516501656663
All3,lr_l2,5,0.6666666666666666,0.6666666666666666,0.69375,0.7011315367638897
All3,lr_l2,6,0.6486486486486487,0.6829268292682927,0.6911764705882353,0.6848707999502011
All3,lr_l2,7,0.7222222222222222,0.7222222222222222,0.804953560371517,0.838185784133032
All3,lr_l2,8,0.7777777777777778,0.8,0.8204334365325077,0.8459593854717691
All3,lr_l2,9,0.6666666666666666,0.6842105263157895,0.703125,0.6977984229577734
All3,lr_l2,10,0.7222222222222222,0.7368421052631579,0.825,0.8435169855383546
All3,lr_l2,11,0.7837837837837838,0.7894736842105263,0.8205882352941176,0.8702723524113218
All3,lr_l2,12,0.7222222222222222,0.7222222222222222,0.7987616099071206,0.7882842735952171
All3,lr_l2,13,0.75,0.7804878048780488,0.7708978328173375,0.790399327169435
All3,lr_l2,14,0.7777777777777778,0.8181818181818182,0.7437499999999999,0.7224796219332833
All3,lr_l2,15,0.6111111111111112,0.631578947368421,0.6281249999999999,0.7135556353533028
All3,lr_l2,16,0.5945945945945946,0.5945945945945946,0.5852941176470589,0.6622590161663742
All3,lr_l2,17,0.7222222222222222,0.7058823529411765,0.8111455108359132,0.7751414344531637
All3,lr_l2,18,0.9166666666666666,0.9230769230769231,0.9164086687306501,0.9363520274286934
All3,lr_l2,19,0.6388888888888888,0.6666666666666666,0.7093750000000001,0.772141898013146
All3,lr_l2,20,0.7222222222222222,0.7619047619047619,0.753125,0.7333818663435921
All3,lr_l2,21,0.6486486486486487,0.6285714285714286,0.8058823529411764,0.8132951976643927
All3,lr_l2,22,0.8055555555555556,0.8205128205128205,0.8421052631578947,0.8442752265402829
All3,lr_l2,23,0.6944444444444444,0.7317073170731707,0.8359133126934984,0.8957558484094459
All3,lr_l2,24,0.6388888888888888,0.6486486486486487,0.71875,0.7108306884333268
All3,lr_l2,25,0.6944444444444444,0.7555555555555555,0.68125,0.6887273666698387
All3,lr_l2,26,0.6756756756756757,0.7,0.8205882352941176,0.8146831576222566
All3,lr_l2,27,0.7777777777777778,0.7777777777777778,0.8513931888544892,0.8712519368723539
All3,lr_l2,28,0.8055555555555556,0.8205128205128205,0.8452012383900929,0.8454556868969447
All3,lr_l2,29,0.7777777777777778,0.7894736842105263,0.821875,0.8469290725184688
All3,lr_l2,30,0.6111111111111112,0.65,0.71875,0.7575755267368245
All3,lr_l2,31,0.8378378378378378,0.85,0.7911764705882353,0.776031962683859
All3,lr_l2,32,0.6388888888888888,0.6666666666666666,0.7027863777089782,0.7420746549909201
All3,lr_l2,33,0.6944444444444444,0.717948717948718,0.7151702786377708,0.7542765126743454
All3,lr_l2,34,0.6944444444444444,0.7317073170731707,0.778125,0.7672138869229662
All3,lr_l2,35,0.7777777777777778,0.7647058823529411,0.84375,0.8934092200902548
All3,lr_l2,36,0.6216216216216216,0.6666666666666666,0.6411764705882353,0.6273979170339465
All3,lr_l2,37,0.6111111111111112,0.6818181818181818,0.6284829721362228,0.6799781320556944
All3,lr_l2,38,0.6944444444444444,0.7027027027027027,0.8328173374613003,0.8442262200409503
All3,lr_l2,39,0.7777777777777778,0.8181818181818182,0.815625,0.8333949616878384
All3,lr_l2,40,0.75,0.7567567567567568,0.84375,0.9071175950486297
All3,lr_l2,41,0.7837837837837838,0.8,0.8323529411764706,0.8580474251057193
All3,lr_l2,42,0.6388888888888888,0.6486486486486487,0.736842105263158,0.7197013214250281
All3,lr_l2,43,0.6944444444444444,0.7027027027027027,0.7213622291021672,0.7582377417150106
All3,lr_l2,44,0.7222222222222222,0.75,0.7593749999999999,0.8233662620494671
All3,lr_l2,45,0.6666666666666666,0.6842105263157895,0.721875,0.7127326036536563
All3,lr_l2,46,0.7567567567567568,0.7567567567567568,0.7794117647058824,0.8254352969052665
All3,lr_l2,47,0.75,0.7096774193548387,0.8730650154798761,0.9031886391557633
All3,lr_l2,48,0.6388888888888888,0.6486486486486487,0.7956656346749226,0.8369954785936959
All3,lr_l2,49,0.7222222222222222,0.7619047619047619,0.734375,0.7552575308435452
All3,lr_l2,50,0.6388888888888888,0.7111111111111111,0.75,0.7991346642367514
All3,lr_l1,1,0.6486486486486487,0.6666666666666666,0.7058823529411765,0.7881724811600974
All3,lr_l1,2,0.7777777777777778,0.8095238095238095,0.7801857585139319,0.6961292539408883
All3,lr_l1,3,0.8055555555555556,0.8205128205128205,0.8513931888544891,0.8664524317607227
All3,lr_l1,4,0.7222222222222222,0.7058823529411765,0.80625,0.8662570133759393
All3,lr_l1,5,0.6388888888888888,0.6285714285714286,0.70625,0.728653305758569
All3,lr_l1,6,0.6756756756756757,0.7,0.7147058823529412,0.7061038792490698
All3,lr_l1,7,0.6388888888888888,0.6060606060606061,0.8142414860681113,0.837352149617206
All3,lr_l1,8,0.7777777777777778,0.7894736842105263,0.8606811145510834,0.880753414112547
All3,lr_l1,9,0.6388888888888888,0.6666666666666666,0.8062499999999999,0.7784786161164879
All3,lr_l1,10,0.75,0.7567567567567568,0.85,0.8608693049278089
All3,lr_l1,11,0.8108108108108109,0.8108108108108109,0.8441176470588235,0.8958751682115063
All3,lr_l1,12,0.6666666666666666,0.6470588235294118,0.8018575851393188,0.806059382292069
All3,lr_l1,13,0.8055555555555556,0.8292682926829268,0.7925696594427245,0.8245612330385019
All3,lr_l1,14,0.8055555555555556,0.8372093023255814,0.7734375,0.7212060021890585
All3,lr_l1,15,0.5555555555555556,0.5555555555555556,0.703125,0.7630466052695155
All3,lr_l1,16,0.5675675675675675,0.5555555555555556,0.6352941176470588,0.730355783120467
All3,lr_l1,17,0.75,0.7428571428571429,0.8513931888544891,0.7906064781451778
All3,lr_l1,18,0.8888888888888888,0.8888888888888888,0.9226006191950464,0.9349971168294846
All3,lr_l1,19,0.6388888888888888,0.6486486486486487,0.771875,0.8276827183537712
All3,lr_l1,20,0.7777777777777778,0.8095238095238095,0.796875,0.7672040665732617
All3,lr_l1,21,0.5675675675675675,0.5,0.7911764705882351,0.801969227740597
All3,lr_l1,22,0.7777777777777778,0.7894736842105263,0.8359133126934984,0.8528510624130294
All3,lr_l1,23,0.8055555555555556,0.8205128205128205,0.8792569659442724,0.9199257631745397
All3,lr_l1,24,0.7777777777777778,0.7894736842105263,0.746875,0.7361803759965525
All3,lr_l1,25,0.6388888888888888,0.6829268292682927,0.684375,0.6788738626859
All3,lr_l1,26,0.7567567567567568,0.7428571428571429,0.8205882352941176,0.7899805866436301
All3,lr_l1,27,0.6944444444444444,0.6666666666666666,0.869969040247678,0.8874529046488064
All3,lr_l1,28,0.8333333333333334,0.85,0.8544891640866873,0.8516229411191187
All3,lr_l1,29,0.8055555555555556,0.8205128205128205,0.8281249999999999,0.8574117981261946
All3,lr_l1,30,0.6111111111111112,0.65,0.709375,0.7201509868337039
All3,lr_l1,31,0.7837837837837838,0.7894736842105263,0.8323529411764705,0.7708621394515357
All3,lr_l1,32,0.6388888888888888,0.6829268292682927,0.7089783281733746,0.7499492076767291
All3,lr_l1,33,0.6944444444444444,0.717948717948718,0.7120743034055727,0.7542344507847247
All3,lr_l1,34,0.75,0.7692307692307693,0.8062499999999999,0.7837451309010907
All3,lr_l1,35,0.8055555555555556,0.8,0.86875,0.9124293331041757
All3,lr_l1,36,0.6216216216216216,0.65,0.6911764705882353,0.6711289449574296
All3,lr_l1,37,0.7222222222222222,0.7727272727272727,0.7213622291021672,0.7487371832240477
All3,lr_l1,38,0.7777777777777778,0.7894736842105263,0.8637770897832817,0.8621549529669201
All3,lr_l1,39,0.7777777777777778,0.8,0.8187500000000001,0.8429777762498569
All3,lr_l1,40,0.7777777777777778,0.7894736842105263,0.85625,0.89947858514035
All3,lr_l1,41,0.7567567567567568,0.7692307692307693,0.8323529411764705,0.8380416467009468
All3,lr_l1,42,0.75,0.7428571428571429,0.7616099071207431,0.7358416156524594
All3,lr_l1,43,0.8055555555555556,0.8,0.8792569659442724,0.9047489808924942
All3,lr_l1,44,0.6944444444444444,0.717948717948718,0.7562500000000001,0.8193554044542273
All3,lr_l1,45,0.6111111111111112,0.631578947368421,0.753125,0.7244554616636659
All3,lr_l1,46,0.7567567567567568,0.7567567567567568,0.8029411764705883,0.8502477221696532
All3,lr_l1,47,0.8055555555555556,0.7878787878787878,0.9009287925696594,0.9266385130829455
All3,lr_l1,48,0.7222222222222222,0.7058823529411765,0.7739938080495357,0.8346088633775399
All3,lr_l1,49,0.75,0.7804878048780488,0.74375,0.7211895585355547
All3,lr_l1,50,0.6666666666666666,0.7142857142857143,0.746875,0.7936343029783812
All3,pca64_lr_l2,1,0.6756756756756757,0.6842105263157895,0.6911764705882353,0.7462902889557304
All3,pca64_lr_l2,2,0.75,0.7804878048780488,0.8080495356037152,0.7314736713703068
All3,pca64_lr_l2,3,0.8611111111111112,0.8780487804878049,0.8668730650154799,0.8745318867548784
All3,pca64_lr_l2,4,0.6666666666666666,0.6470588235294118,0.8312499999999999,0.8661734246874409
All3,pca64_lr_l2,5,0.6388888888888888,0.6285714285714286,0.6874999999999999,0.6960124891448422
All3,pca64_lr_l2,6,0.6756756756756757,0.7,0.6970588235294117,0.6876618052412063
All3,pca64_lr_l2,7,0.75,0.7428571428571429,0.8080495356037151,0.8398500237835416
All3,pca64_lr_l2,8,0.8055555555555556,0.8205128205128205,0.826625386996904,0.8510065313083888
All3,pca64_lr_l2,9,0.6666666666666666,0.6842105263157895,0.7125,0.7078298627823166
All3,pca64_lr_l2,10,0.7222222222222222,0.7368421052631579,0.825,0.8435169855383546
All3,pca64_lr_l2,11,0.7837837837837838,0.7894736842105263,0.8147058823529412,0.8620643956507335
All3,pca64_lr_l2,12,0.6944444444444444,0.6857142857142857,0.8018575851393188,0.7899930910935082
All3,pca64_lr_l2,13,0.75,0.7804878048780488,0.7708978328173375,0.790399327169435
All3,pca64_lr_l2,14,0.7777777777777778,0.8181818181818182,0.7453125,0.6978313535350149
All3,pca64_lr_l2,15,0.5833333333333334,0.6153846153846154,0.646875,0.7226032544009218
All3,pca64_lr_l2,16,0.5675675675675675,0.5555555555555556,0.5941176470588235,0.6668291371209345
All3,pca64_lr_l2,17,0.6944444444444444,0.6666666666666666,0.8111455108359132,0.7751414344531637
All3,pca64_lr_l2,18,0.8888888888888888,0.9,0.9164086687306501,0.9324764740175362
All3,pca64_lr_l2,19,0.6388888888888888,0.6666666666666666,0.70625,0.7658125329337808
All3,pca64_lr_l2,20,0.6944444444444444,0.7441860465116279,0.7531249999999999,0.7359291580213185
All3,pca64_lr_l2,21,0.6216216216216216,0.5882352941176471,0.8029411764705882,0.8079380548072499
All3,pca64_lr_l2,22,0.8055555555555556,0.8205128205128205,0.8452012383900929,0.845854173908704
All3,pca64_lr_l2,23,0.7222222222222222,0.75,0.8390092879256965,0.8970513949681505
All3,pca64_lr_l2,24,0.6388888888888888,0.6486486486486487,0.71875,0.7108306884333268
All3,pca64_lr_l2,25,0.6388888888888888,0.6976744186046512,0.6781250000000001,0.6874196743621465
All3,pca64_lr_l2,26,0.6756756756756757,0.7,0.8147058823529412,0.7886750931061276
All3,pca64_lr_l2,27,0.7222222222222222,0.7058823529411765,0.8513931888544891,0.8716096493353294
All3,pca64_lr_l2,28,0.8055555555555556,0.8205128205128205,0.848297213622291,0.850134049470044
All3,pca64_lr_l2,29,0.7777777777777778,0.7894736842105263,0.821875,0.8489147184514834
All3,pca64_lr_l2,30,0.6111111111111112,0.65,0.71875,0.7523581354324766
All3,pca64_lr_l2,31,0.8108108108108109,0.8292682926829268,0.7970588235294117,0.804771675256233
All3,pca64_lr_l2,32,0.6666666666666666,0.7,0.6996904024767803,0.7403893853151826
All3,pca64_lr_l2,33,0.7222222222222222,0.7368421052631579,0.7213622291021672,0.7598040875925021
All3,pca64_lr_l2,34,0.7777777777777778,0.8,0.778125,0.7660795342428469
All3,pca64_lr_l2,35,0.7777777777777778,0.7647058823529411,0.840625,0.8928450255129021
All3,pca64_lr_l2,36,0.6216216216216216,0.6666666666666666,0.638235294117647,0.6265352689607722
All3,pca64_lr_l2,37,0.5833333333333334,0.6511627906976745,0.6408668730650154,0.6873534783160822
All3,pca64_lr_l2,38,0.6944444444444444,0.7027027027027027,0.8328173374613003,0.8442262200409503
All3,pca64_lr_l2,39,0.8055555555555556,0.8372093023255814,0.815625,0.8333949616878384
All3,pca64_lr_l2,40,0.75,0.7567567567567568,0.840625,0.9013989715668482
All3,pca64_lr_l2,41,0.7837837837837838,0.8,0.8264705882352942,0.845425548794744
All3,pca64_lr_l2,42,0.6666666666666666,0.6666666666666666,0.739938080495356,0.7230751405883209
All3,pca64_lr_l2,43,0.6944444444444444,0.7027027027027027,0.7089783281733746,0.7485750182627136
All3,pca64_lr_l2,44,0.7222222222222222,0.75,0.7593749999999999,0.8233662620494671
All3,pca64_lr_l2,45,0.6666666666666666,0.6842105263157895,0.721875,0.7125486956076793
All3,pca64_lr_l2,46,0.7567567567567568,0.7567567567567568,0.7794117647058824,0.825978445785372
All3,pca64_lr_l2,47,0.75,0.7096774193548387,0.8668730650154799,0.8977731396226167
All3,pca64_lr_l2,48,0.6388888888888888,0.6486486486486487,0.7925696594427245,0.8326892584980021
All3,pca64_lr_l2,49,0.6944444444444444,0.7317073170731707,0.7375,0.7453494848665337
All3,pca64_lr_l2,50,0.6388888888888888,0.7111111111111111,0.7593749999999999,0.8088696514717386
All3,pca32_lr_l2,1,0.7027027027027027,0.7317073170731707,0.7,0.7603382720359715
All3,pca32_lr_l2,2,0.75,0.7804878048780488,0.804953560371517,0.7331126716165256
All3,pca32_lr_l2,3,0.8333333333333334,0.85,0.8637770897832817,0.8755445663727395
All3,pca32_lr_l2,4,0.75,0.7272727272727273,0.8374999999999999,0.8874078949846216
All3,pca32_lr_l2,5,0.6388888888888888,0.6285714285714286,0.69375,0.7072602482619309
All3,pca32_lr_l2,6,0.6486486486486487,0.6666666666666666,0.711764705882353,0.6961194235188043
All3,pca32_lr_l2,7,0.75,0.7272727272727273,0.8080495356037152,0.8286327245708864
All3,pca32_lr_l2,8,0.8055555555555556,0.8205128205128205,0.8297213622291021,0.8661908429954703
All3,pca32_lr_l2,9,0.5833333333333334,0.5945945945945946,0.7281249999999999,0.7220175602987979
All3,pca32_lr_l2,10,0.8055555555555556,0.8205128205128205,0.85625,0.8714920932336636
All3,pca32_lr_l2,11,0.7837837837837838,0.7894736842105263,0.7735294117647059,0.8200002597910321
All3,pca32_lr_l2,12,0.6944444444444444,0.6857142857142857,0.848297213622291,0.8270858306323516
All3,pca32_lr_l2,13,0.75,0.7692307692307693,0.7739938080495357,0.8111297599708058
All3,pca32_lr_l2,14,0.75,0.7906976744186046,0.7625,0.7268069716131872
All3,pca32_lr_l2,15,0.6388888888888888,0.6486486486486487,0.69375,0.7431350716712177
All3,pca32_lr_l2,16,0.5405405405405406,0.5142857142857142,0.5941176470588235,0.670569166542314
All3,pca32_lr_l2,17,0.8333333333333334,0.8333333333333334,0.8390092879256966,0.8089160083559515
All3,pca32_lr_l2,18,0.9166666666666666,0.918918918918919,0.9349845201238389,0.9470595696121589
All3,pca32_lr_l2,19,0.6944444444444444,0.717948717948718,0.740625,0.8022041435161809
All3,pca32_lr_l2,20,0.7777777777777778,0.8,0.796875,0.7529741445961495
All3,pca32_lr_l2,21,0.6756756756756757,0.6666666666666666,0.7882352941176471,0.8080324239457368
All3,pca32_lr_l2,22,0.75,0.7567567567567568,0.8637770897832817,0.8622140747079641
All3,pca32_lr_l2,23,0.7777777777777778,0.8,0.8854489164086687,0.9255313765182185
All3,pca32_lr_l2,24,0.6944444444444444,0.7027027027027027,0.725,0.7243855175798909
All3,pca32_lr_l2,25,0.6944444444444444,0.7441860465116279,0.66875,0.6769609957471417
All3,pca32_lr_l2,26,0.7567567567567568,0.7567567567567568,0.8529411764705882,0.8107884250252672
All3,pca32_lr_l2,27,0.6944444444444444,0.6666666666666666,0.8452012383900929,0.8681943206357661
All3,pca32_lr_l2,28,0.8055555555555556,0.8205128205128205,0.8513931888544891,0.8682726938784677
All3,pca32_lr_l2,29,0.8333333333333334,0.85,0.8343749999999999,0.868586248675645
All3,pca32_lr_l2,30,0.6388888888888888,0.6666666666666666,0.721875,0.7675711164089569
All3,pca32_lr_l2,31,0.8378378378378378,0.85,0.8382352941176471,0.837689062528459
All3,pca32_lr_l2,32,0.6388888888888888,0.6829268292682927,0.6842105263157895,0.7431055357968146
All3,pca32_lr_l2,33,0.6944444444444444,0.717948717948718,0.7306501547987616,0.7711769434118187
All3,pca32_lr_l2,34,0.8333333333333334,0.85,0.825,0.7956945945781085
All3,pca32_lr_l2,35,0.7777777777777778,0.7647058823529411,0.8625,0.9048922890834656
All3,pca32_lr_l2,36,0.5945945945945946,0.6153846153846154,0.6676470588235294,0.6430206252081252
All3,pca32_lr_l2,37,0.6111111111111112,0.6818181818181818,0.6408668730650156,0.688153668731472
All3,pca32_lr_l2,38,0.75,0.7692307692307693,0.848297213622291,0.8573689892881748
All3,pca32_lr_l2,39,0.8055555555555556,0.8372093023255814,0.83125,0.8457380787296491
All3,pca32_lr_l2,40,0.75,0.7567567567567568,0.834375,0.8949030881399305
All3,pca32_lr_l2,41,0.8108108108108109,0.8292682926829268,0.8558823529411765,0.8585735304427256
All3,pca32_lr_l2,42,0.6944444444444444,0.6666666666666666,0.7306501547987616,0.7232625583422807
All3,pca32_lr_l2,43,0.7222222222222222,0.7222222222222222,0.7554179566563467,0.8161527481449755
All3,pca32_lr_l2,44,0.6944444444444444,0.717948717948718,0.75,0.8200597041847042
All3,pca32_lr_l2,45,0.6388888888888888,0.6666666666666666,0.73125,0.7217057732217579
All3,pca32_lr_l2,46,0.7567567567567568,0.7567567567567568,0.7941176470588235,0.8457524309334656
All3,pca32_lr_l2,47,0.7777777777777778,0.75,0.8823529411764706,0.9177421554600957
All3,pca32_lr_l2,48,0.6944444444444444,0.6857142857142857,0.8018575851393188,0.8465365232875419
All3,pca32_lr_l2,49,0.75,0.7804878048780488,0.728125,0.7013805173341786
All3,pca32_lr_l2,50,0.7222222222222222,0.7727272727272727,0.76875,0.821799732320281
All3,mi128_lr_l2,1,0.7297297297297297,0.75,0.7029411764705883,0.7686700334762855
All3,mi128_lr_l2,2,0.8055555555555556,0.8372093023255814,0.8142414860681114,0.7488785285665931
All3,mi128_lr_l2,3,0.7777777777777778,0.7894736842105263,0.8421052631578947,0.8545608295474083
All3,mi128_lr_l2,4,0.7777777777777778,0.7647058823529411,0.8375,0.8863428238428239
All3,mi128_lr_l2,5,0.6388888888888888,0.6285714285714286,0.79375,0.7924934397674336
All3,mi128_lr_l2,6,0.6486486486486487,0.6829268292682927,0.7117647058823529,0.7037198848427642
All3,mi128_lr_l2,7,0.6388888888888888,0.6060606060606061,0.8173374613003096,0.84603289964521
All3,mi128_lr_l2,8,0.7777777777777778,0.7777777777777778,0.869969040247678,0.8864168888794111
All3,mi128_lr_l2,9,0.6944444444444444,0.7027027027027027,0.8031250000000001,0.7633347991634605
All3,mi128_lr_l2,10,0.7222222222222222,0.7222222222222222,0.846875,0.8571747844388007
All3,mi128_lr_l2,11,0.8108108108108109,0.8108108108108109,0.8911764705882352,0.9279208109142321
All3,mi128_lr_l2,12,0.6388888888888888,0.6060606060606061,0.7925696594427245,0.8152914370212334
All3,mi128_lr_l2,13,0.6944444444444444,0.7441860465116279,0.826625386996904,0.8642434345466379
All3,mi128_lr_l2,14,0.7222222222222222,0.7619047619047619,0.784375,0.7668535177170088
All3,mi128_lr_l2,15,0.5833333333333334,0.5945945945945946,0.734375,0.7892934042221971
All3,mi128_lr_l2,16,0.6216216216216216,0.5882352941176471,0.6352941176470588,0.7428822059729769
All3,mi128_lr_l2,17,0.8055555555555556,0.8108108108108109,0.8544891640866873,0.798409626772125
All3,mi128_lr_l2,18,0.8333333333333334,0.8421052631578947,0.913312693498452,0.9264224828291541
All3,mi128_lr_l2,19,0.7777777777777778,0.8095238095238095,0.8031249999999999,0.8515448830794101
All3,mi128_lr_l2,20,0.7222222222222222,0.7619047619047619,0.8125,0.7902415119439498
All3,mi128_lr_l2,21,0.6486486486486487,0.6060606060606061,0.7941176470588236,0.8135308667267882
All3,mi128_lr_l2,22,0.7777777777777778,0.8,0.8328173374613003,0.8540637770606472
All3,mi128_lr_l2,23,0.8055555555555556,0.8205128205128205,0.8823529411764706,0.9205204216073779
All3,mi128_lr_l2,24,0.75,0.7692307692307693,0.796875,0.7660870280259667
All3,mi128_lr_l2,25,0.6944444444444444,0.7317073170731707,0.70625,0.7159976537845787
All3,mi128_lr_l2,26,0.7567567567567568,0.7428571428571429,0.8058823529411765,0.7802444691324002
All3,mi128_lr_l2,27,0.75,0.7567567567567568,0.8235294117647058,0.8520377208473997
All3,mi128_lr_l2,28,0.8333333333333334,0.85,0.8761609907120743,0.8812352796811813
All3,mi128_lr_l2,29,0.8055555555555556,0.8205128205128205,0.83125,0.8519513542988153
All3,mi128_lr_l2,30,0.6666666666666666,0.7,0.734375,0.786935783085164
All3,mi128_lr_l2,31,0.7567567567567568,0.7692307692307693,0.8411764705882353,0.8340390307334042
All3,mi128_lr_l2,32,0.6388888888888888,0.6666666666666666,0.7275541795665634,0.7663067896140536
All3,mi128_lr_l2,33,0.6666666666666666,0.6842105263157895,0.7368421052631579,0.7749412920270717
All3,mi128_lr_l2,34,0.75,0.7804878048780488,0.815625,0.7929838919151074
All3,mi128_lr_l2,35,0.75,0.7272727272727273,0.85625,0.9045556716778826
All3,mi128_lr_l2,36,0.5675675675675675,0.6,0.6588235294117648,0.6540285471057984
All3,mi128_lr_l2,37,0.75,0.7804878048780488,0.7399380804953559,0.7734741007186827
All3,mi128_lr_l2,38,0.8055555555555556,0.8205128205128205,0.9009287925696594,0.8984181395323538
All3,mi128_lr_l2,39,0.8055555555555556,0.8372093023255814,0.825,0.8505756131123781
All3,mi128_lr_l2,40,0.6944444444444444,0.6857142857142857,0.8156249999999999,0.8749491002605705
All3,mi128_lr_l2,41,0.8108108108108109,0.8205128205128205,0.8323529411764705,0.8417690370186719
All3,mi128_lr_l2,42,0.6388888888888888,0.6486486486486487,0.7492260061919505,0.7312495244304258
All3,mi128_lr_l2,43,0.7777777777777778,0.7894736842105263,0.8080495356037152,0.8572185153740359
All3,mi128_lr_l2,44,0.6944444444444444,0.717948717948718,0.7625,0.8189293923844208
All3,mi128_lr_l2,45,0.6111111111111112,0.631578947368421,0.75625,0.7713788517850896
All3,mi128_lr_l2,46,0.8378378378378378,0.85,0.8823529411764707,0.8946744469840446
All3,mi128_lr_l2,47,0.7777777777777778,0.7647058823529411,0.8761609907120743,0.8965776338292295
All3,mi128_lr_l2,48,0.7222222222222222,0.7222222222222222,0.7987616099071208,0.846128630622877
All3,mi128_lr_l2,49,0.7777777777777778,0.8095238095238095,0.753125,0.7265475985715923
All3,mi128_lr_l2,50,0.6944444444444444,0.7441860465116279,0.765625,0.8141866966631277
HurriedPace,lr_l2,1,0.5945945945945946,0.6511627906976745,0.6147058823529412,0.677851051421056
HurriedPace,lr_l2,2,0.5555555555555556,0.5555555555555556,0.563467492260062,0.5535009825609227
HurriedPace,lr_l2,3,0.5277777777777778,0.5405405405405406,0.6160990712074303,0.6808363422653512
HurriedPace,lr_l2,4,0.6944444444444444,0.6666666666666666,0.825,0.8738304832322872
HurriedPace,lr_l2,5,0.5277777777777778,0.5405405405405406,0.61875,0.6494062163393205
HurriedPace,lr_l2,6,0.4864864864864865,0.5128205128205128,0.5323529411764706,0.6156151947842479
HurriedPace,lr_l2,7,0.5555555555555556,0.5294117647058824,0.6501547987616099,0.6984898719721295
HurriedPace,lr_l2,8,0.5,0.5263157894736842,0.5851393188854489,0.7234601422000755
HurriedPace,lr_l2,9,0.6666666666666666,0.7272727272727273,0.665625,0.6609624600101274
HurriedPace,lr_l2,10,0.5277777777777778,0.5142857142857142,0.5625,0.5744006268392664
HurriedPace,lr_l2,11,0.7297297297297297,0.75,0.8029411764705883,0.8453999605346565
HurriedPace,lr_l2,12,0.5555555555555556,0.5,0.6749226006191951,0.6777436492649165
HurriedPace,lr_l2,13,0.75,0.7804878048780488,0.8111455108359134,0.8324130556406097
HurriedPace,lr_l2,14,0.5555555555555556,0.6521739130434783,0.5593750000000001,0.6206527189691328
HurriedPace,lr_l2,15,0.4722222222222222,0.4864864864864865,0.425,0.5109614717460699
HurriedPace,lr_l2,16,0.5135135135135135,0.4375,0.588235294117647,0.5837469546502255
HurriedPace,lr_l2,17,0.5555555555555556,0.5,0.5541795665634675,0.6092663425830784
HurriedPace,lr_l2,18,0.7222222222222222,0.7368421052631579,0.7492260061919505,0.7660681742550313
HurriedPace,lr_l2,19,0.6666666666666666,0.7,0.734375,0.8104834723092087
HurriedPace,lr_l2,20,0.5555555555555556,0.6,0.590625,0.6555377354535883
HurriedPace,lr_l2,21,0.5675675675675675,0.5,0.6470588235294118,0.6649665538950308
HurriedPace,lr_l2,22,0.6944444444444444,0.7027027027027027,0.7585139318885449,0.781288513371942
HurriedPace,lr_l2,23,0.6111111111111112,0.6666666666666666,0.6718266253869969,0.7577793369732926
HurriedPace,lr_l2,24,0.5277777777777778,0.6046511627906976,0.56875,0.6973552358470838
HurriedPace,lr_l2,25,0.5555555555555556,0.5555555555555556,0.51875,0.5533400163529556
HurriedPace,lr_l2,26,0.4864864864864865,0.5128205128205128,0.638235294117647,0.7455588845591734
HurriedPace,lr_l2,27,0.6944444444444444,0.6666666666666666,0.7678018575851393,0.7762085815545408
HurriedPace,lr_l2,28,0.6111111111111112,0.6666666666666666,0.7089783281733746,0.733380821749265
HurriedPace,lr_l2,29,0.4444444444444444,0.5,0.51875,0.630655170935415
HurriedPace,lr_l2,30,0.6111111111111112,0.65,0.625,0.6164915172683714
HurriedPace,lr_l2,31,0.6756756756756757,0.7142857142857143,0.6676470588235294,0.6284485619729427
HurriedPace,lr_l2,32,0.5277777777777778,0.5853658536585366,0.588235294117647,0.6565295660855293
HurriedPace,lr_l2,33,0.5555555555555556,0.5,0.6594427244582043,0.6818030676110844
HurriedPace,lr_l2,34,0.6388888888888888,0.6666666666666666,0.746875,0.8034625676256111
HurriedPace,lr_l2,35,0.5555555555555556,0.5789473684210527,0.634375,0.704367871843887
HurriedPace,lr_l2,36,0.4864864864864865,0.5365853658536586,0.5,0.5527098660946995
HurriedPace,lr_l2,37,0.6111111111111112,0.6111111111111112,0.5727554179566563,0.6364232436061557
HurriedPace,lr_l2,38,0.5833333333333334,0.5714285714285714,0.6253869969040248,0.6331451089536415
HurriedPace,lr_l2,39,0.5277777777777778,0.5641025641025641,0.653125,0.6898232968722099
HurriedPace,lr_l2,40,0.5555555555555556,0.5789473684210527,0.66875,0.7488831286351985
HurriedPace,lr_l2,41,0.6216216216216216,0.6111111111111112,0.6823529411764706,0.7206525769122518
HurriedPace,lr_l2,42,0.6388888888888888,0.5806451612903226,0.78328173374613,0.7763070379585182
HurriedPace,lr_l2,43,0.5833333333333334,0.6153846153846154,0.5758513931888545,0.6362519919349576
HurriedPace,lr_l2,44,0.5277777777777778,0.5641025641025641,0.54375,0.6230261271271281
HurriedPace,lr_l2,45,0.5555555555555556,0.6,0.55,0.6077477425734626
HurriedPace,lr_l2,46,0.4864864864864865,0.5128205128205128,0.5499999999999999,0.6268666674382567
HurriedPace,lr_l2,47,0.5833333333333334,0.5454545454545454,0.56656346749226,0.6659089123367392
HurriedPace,lr_l2,48,0.5277777777777778,0.5142857142857142,0.563467492260062,0.634917721916477
HurriedPace,lr_l2,49,0.5833333333333334,0.6511627906976745,0.6875,0.7319143396983154
HurriedPace,lr_l2,50,0.6666666666666666,0.7,0.65625,0.6760925796844158
HurriedPace,lr_l1,1,0.6216216216216216,0.65,0.6264705882352941,0.6710913198282965
HurriedPace,lr_l1,2,0.4444444444444444,0.375,0.5108359133126935,0.5308611452187304
HurriedPace,lr_l1,3,0.5833333333333334,0.6153846153846154,0.6160990712074303,0.7107802135785559
HurriedPace,lr_l1,4,0.7222222222222222,0.6875,0.8343750000000001,0.8875500154959577
HurriedPace,lr_l1,5,0.6388888888888888,0.6829268292682927,0.753125,0.8226924731251903
HurriedPace,lr_l1,6,0.5675675675675675,0.5555555555555556,0.6029411764705882,0.7042842748531604
HurriedPace,lr_l1,7,0.5555555555555556,0.42857142857142855,0.6873065015479876,0.7281796329932013
HurriedPace,lr_l1,8,0.6111111111111112,0.6111111111111112,0.6996904024767803,0.7776156684933826
HurriedPace,lr_l1,9,0.5833333333333334,0.6153846153846154,0.6375,0.6253469169719169
HurriedPace,lr_l1,10,0.5833333333333334,0.5945945945945946,0.578125,0.6076790400441916
HurriedPace,lr_l1,11,0.7027027027027027,0.6857142857142857,0.7705882352941177,0.8268086944645276
HurriedPace,lr_l1,12,0.6388888888888888,0.5806451612903226,0.6811145510835913,0.6959737079851948
HurriedPace,lr_l1,13,0.6111111111111112,0.6111111111111112,0.7337461300309598,0.7578424455242543
HurriedPace,lr_l1,14,0.5555555555555556,0.6363636363636364,0.5874999999999999,0.6358603188977215
HurriedPace,lr_l1,15,0.5,0.5,0.45,0.5205641267554139
HurriedPace,lr_l1,16,0.4864864864864865,0.3870967741935484,0.5705882352941176,0.5638082455807161
HurriedPace,lr_l1,17,0.5833333333333334,0.5714285714285714,0.5913312693498451,0.6470704063096238
HurriedPace,lr_l1,18,0.7222222222222222,0.7368421052631579,0.7585139318885449,0.7851744916468748
HurriedPace,lr_l1,19,0.6666666666666666,0.6842105263157895,0.746875,0.8110850687803703
HurriedPace,lr_l1,20,0.6388888888888888,0.6486486486486487,0.615625,0.633155098712441
HurriedPace,lr_l1,21,0.5675675675675675,0.42857142857142855,0.7147058823529411,0.7105832094250455
HurriedPace,lr_l1,22,0.75,0.7428571428571429,0.7863777089783281,0.8351592022713312
HurriedPace,lr_l1,23,0.5555555555555556,0.6190476190476191,0.6006191950464397,0.6875346875346875
HurriedPace,lr_l1,24,0.6111111111111112,0.6818181818181818,0.671875,0.739923449661781
HurriedPace,lr_l1,25,0.4444444444444444,0.3333333333333333,0.5,0.5475542589609366
HurriedPace,lr_l1,26,0.5675675675675675,0.5555555555555556,0.6235294117647059,0.7045981758778765
HurriedPace,lr_l1,27,0.6111111111111112,0.5882352941176471,0.7244582043343654,0.7561173215931942
HurriedPace,lr_l1,28,0.7222222222222222,0.7222222222222222,0.739938080495356,0.7375088811000787
HurriedPace,lr_l1,29,0.5833333333333334,0.5945945945945946,0.615625,0.6927711123237639
HurriedPace,lr_l1,30,0.6666666666666666,0.6470588235294118,0.653125,0.6357247777522919
HurriedPace,lr_l1,31,0.6486486486486487,0.6666666666666666,0.6558823529411765,0.6371417398640107
HurriedPace,lr_l1,32,0.5,0.5263157894736842,0.5913312693498453,0.6656138428694431
HurriedPace,lr_l1,33,0.6111111111111112,0.5333333333333333,0.6594427244582044,0.6636999620291129
HurriedPace,lr_l1,34,0.6666666666666666,0.6666666666666666,0.715625,0.757083070567746
HurriedPace,lr_l1,35,0.5555555555555556,0.5294117647058824,0.675,0.7179150057389597
HurriedPace,lr_l1,36,0.4864864864864865,0.5128205128205128,0.4794117647058823,0.5463815760082794
HurriedPace,lr_l1,37,0.4722222222222222,0.5365853658536586,0.5325077399380804,0.6205145699291952
HurriedPace,lr_l1,38,0.6111111111111112,0.5882352941176471,0.6222910216718266,0.6696193842032785
HurriedPace,lr_l1,39,0.6666666666666666,0.7,0.7000000000000001,0.7479081508266291
HurriedPace,lr_l1,40,0.6111111111111112,0.5625,0.715625,0.759567938302643
HurriedPace,lr_l1,41,0.7297297297297297,0.7222222222222222,0.75,0.8228660835527535
HurriedPace,lr_l1,42,0.6388888888888888,0.5517241379310345,0.7925696594427245,0.7910629988165834
HurriedPace,lr_l1,43,0.6388888888888888,0.6666666666666666,0.6470588235294117,0.6513685094279635
HurriedPace,lr_l1,44,0.5833333333333334,0.6511627906976745,0.5874999999999999,0.6190101842748682
HurriedPace,lr_l1,45,0.4722222222222222,0.3870967741935484,0.521875,0.5630734489834923
HurriedPace,lr_l1,46,0.6486486486486487,0.6486486486486487,0.6823529411764706,0.7211045335368759
HurriedPace,lr_l1,47,0.6111111111111112,0.5333333333333333,0.5758513931888545,0.6755825252822689
HurriedPace,lr_l1,48,0.5277777777777778,0.5142857142857142,0.56656346749226,0.6579665575333704
HurriedPace,lr_l1,49,0.6388888888888888,0.6829268292682927,0.703125,0.7591688740358817
HurriedPace,lr_l1,50,0.6111111111111112,0.631578947368421,0.659375,0.6398611626340331
HurriedPace,pca64_lr_l2,1,0.5945945945945946,0.6511627906976745,0.6147058823529412,0.677851051421056
HurriedPace,pca64_lr_l2,2,0.5555555555555556,0.5555555555555556,0.563467492260062,0.5535009825609227
HurriedPace,pca64_lr_l2,3,0.5277777777777778,0.5405405405405406,0.6160990712074303,0.6808363422653512
HurriedPace,pca64_lr_l2,4,0.6944444444444444,0.6666666666666666,0.825,0.8738304832322872
HurriedPace,pca64_lr_l2,5,0.5277777777777778,0.5405405405405406,0.6125,0.6448499392830435
HurriedPace,pca64_lr_l2,6,0.4864864864864865,0.5128205128205128,0.5323529411764706,0.6156151947842479
HurriedPace,pca64_lr_l2,7,0.5555555555555556,0.5294117647058824,0.6501547987616099,0.6984898719721295
HurriedPace,pca64_lr_l2,8,0.5,0.5263157894736842,0.5851393188854489,0.7234601422000755
HurriedPace,pca64_lr_l2,9,0.6666666666666666,0.7272727272727273,0.665625,0.6609624600101274
HurriedPace,pca64_lr_l2,10,0.5277777777777778,0.5142857142857142,0.5656249999999999,0.5759795742076874
HurriedPace,pca64_lr_l2,11,0.7297297297297297,0.75,0.8058823529411765,0.8475241435411924
HurriedPace,pca64_lr_l2,12,0.5555555555555556,0.5,0.6749226006191951,0.6777436492649165
HurriedPace,pca64_lr_l2,13,0.75,0.7804878048780488,0.8142414860681115,0.835122033968783
HurriedPace,pca64_lr_l2,14,0.5555555555555556,0.6521739130434783,0.55625,0.6180012038176176
HurriedPace,pca64_lr_l2,15,0.4722222222222222,0.4864864864864865,0.425,0.5109614717460699
HurriedPace,pca64_lr_l2,16,0.5135135135135135,0.4375,0.588235294117647,0.5837469546502255
HurriedPace,pca64_lr_l2,17,0.5555555555555556,0.5,0.5541795665634675,0.6092663425830784
HurriedPace,pca64_lr_l2,18,0.7222222222222222,0.7368421052631579,0.7492260061919505,0.7660681742550313
HurriedPace,pca64_lr_l2,19,0.6666666666666666,0.7,0.73125,0.8073882342139707
HurriedPace,pca64_lr_l2,20,0.5555555555555556,0.6,0.590625,0.6555377354535883
HurriedPace,pca64_lr_l2,21,0.5675675675675675,0.5,0.6470588235294118,0.6649665538950308
HurriedPace,pca64_lr_l2,22,0.6944444444444444,0.7027027027027027,0.7585139318885449,0.781288513371942
HurriedPace,pca64_lr_l2,23,0.6111111111111112,0.6666666666666666,0.6718266253869969,0.7577793369732926
HurriedPace,pca64_lr_l2,24,0.5277777777777778,0.6046511627906976,0.56875,0.6973552358470838
HurriedPace,pca64_lr_l2,25,0.5555555555555556,0.5555555555555556,0.51875,0.5533400163529556
HurriedPace,pca64_lr_l2,26,0.4864864864864865,0.5128205128205128,0.638235294117647,0.7455588845591734
HurriedPace,pca64_lr_l2,27,0.6944444444444444,0.6666666666666666,0.7678018575851393,0.7762085815545408
HurriedPace,pca64_lr_l2,28,0.6111111111111112,0.6666666666666666,0.6996904024767802,0.7264520626044395
HurriedPace,pca64_lr_l2,29,0.4444444444444444,0.5,0.51875,0.630655170935415
HurriedPace,pca64_lr_l2,30,0.6111111111111112,0.65,0.625,0.6164915172683714
HurriedPace,pca64_lr_l2,31,0.6756756756756757,0.7142857142857143,0.6676470588235294,0.6284485619729427
HurriedPace,pca64_lr_l2,32,0.5277777777777778,0.5853658536585366,0.588235294117647,0.6565295660855293
HurriedPace,pca64_lr_l2,33,0.5555555555555556,0.5,0.6625386996904025,0.6839960500672249
HurriedPace,pca64_lr_l2,34,0.6388888888888888,0.6666666666666666,0.746875,0.8034625676256111
HurriedPace,pca64_lr_l2,35,0.5555555555555556,0.5789473684210527,0.634375,0.704367871843887
HurriedPace,pca64_lr_l2,36,0.4864864864864865,0.5365853658536586,0.5,0.5527098660946995
HurriedPace,pca64_lr_l2,37,0.6388888888888888,0.6285714285714286,0.563467492260062,0.6328172200001321
HurriedPace,pca64_lr_l2,38,0.5833333333333334,0.5714285714285714,0.6222910216718267,0.6316641337884558
HurriedPace,pca64_lr_l2,39,0.5277777777777778,0.5641025641025641,0.653125,0.6898232968722099
HurriedPace,pca64_lr_l2,40,0.5555555555555556,0.5789473684210527,0.66875,0.7488831286351985
HurriedPace,pca64_lr_l2,41,0.6216216216216216,0.6111111111111112,0.6823529411764706,0.7206525769122518
HurriedPace,pca64_lr_l2,42,0.6388888888888888,0.5806451612903226,0.78328173374613,0.7763070379585182
HurriedPace,pca64_lr_l2,43,0.5833333333333334,0.6153846153846154,0.5727554179566563,0.6292344480753085
HurriedPace,pca64_lr_l2,44,0.5277777777777778,0.5641025641025641,0.54375,0.6230261271271281
HurriedPace,pca64_lr_l2,45,0.5555555555555556,0.6,0.55,0.6077477425734626
HurriedPace,pca64_lr_l2,46,0.4864864864864865,0.5128205128205128,0.5499999999999999,0.6268666674382567
HurriedPace,pca64_lr_l2,47,0.5833333333333334,0.5454545454545454,0.56656346749226,0.6659089123367392
HurriedPace,pca64_lr_l2,48,0.5277777777777778,0.5142857142857142,0.563467492260062,0.634917721916477
HurriedPace,pca64_lr_l2,49,0.5833333333333334,0.6511627906976745,0.6875,0.7319143396983154
HurriedPace,pca64_lr_l2,50,0.6666666666666666,0.7,0.65625,0.6760925796844158
HurriedPace,pca32_lr_l2,1,0.5945945945945946,0.6511627906976745,0.6058823529411764,0.6738611381480544
HurriedPace,pca32_lr_l2,2,0.5555555555555556,0.5555555555555556,0.563467492260062,0.5535009825609227
HurriedPace,pca32_lr_l2,3,0.5277777777777778,0.5405405405405406,0.6160990712074303,0.6807470163865517
HurriedPace,pca32_lr_l2,4,0.7222222222222222,0.6875,0.825,0.8738304832322872
HurriedPace,pca32_lr_l2,5,0.5,0.5,0.6375,0.6638625334896031
HurriedPace,pca32_lr_l2,6,0.4864864864864865,0.5128205128205128,0.5352941176470588,0.6172696065489538
HurriedPace,pca32_lr_l2,7,0.5555555555555556,0.5294117647058824,0.653250773993808,0.6999460816663257
HurriedPace,pca32_lr_l2,8,0.5,0.5263157894736842,0.5851393188854489,0.7208316960847871
HurriedPace,pca32_lr_l2,9,0.6666666666666666,0.7272727272727273,0.665625,0.6612301328687444
HurriedPace,pca32_lr_l2,10,0.5277777777777778,0.5142857142857142,0.5625,0.5751942776329172
HurriedPace,pca32_lr_l2,11,0.7297297297297297,0.75,0.8058823529411765,0.8491878393225352
HurriedPace,pca32_lr_l2,12,0.5555555555555556,0.5,0.6687306501547987,0.67438411921808
HurriedPace,pca32_lr_l2,13,0.75,0.7804878048780488,0.8142414860681115,0.835122033968783
HurriedPace,pca32_lr_l2,14,0.5277777777777778,0.6222222222222222,0.559375,0.6218737528372253
HurriedPace,pca32_lr_l2,15,0.4722222222222222,0.4864864864864865,0.425,0.5109614717460699
HurriedPace,pca32_lr_l2,16,0.5135135135135135,0.4375,0.5852941176470587,0.5821993356026065
HurriedPace,pca32_lr_l2,17,0.5555555555555556,0.5,0.5541795665634675,0.6092663425830784
HurriedPace,pca32_lr_l2,18,0.7222222222222222,0.7368421052631579,0.7492260061919505,0.7660681742550313
HurriedPace,pca32_lr_l2,19,0.6666666666666666,0.7,0.73125,0.8073882342139707
HurriedPace,pca32_lr_l2,20,0.5555555555555556,0.6,0.59375,0.6566461098378248
HurriedPace,pca32_lr_l2,21,0.5675675675675675,0.5,0.6441176470588236,0.6616332205616975
HurriedPace,pca32_lr_l2,22,0.6944444444444444,0.7027027027027027,0.761609907120743,0.7841803583690501
HurriedPace,pca32_lr_l2,23,0.6111111111111112,0.6666666666666666,0.6687306501547987,0.7531009744001931
HurriedPace,pca32_lr_l2,24,0.5277777777777778,0.6046511627906976,0.5718749999999999,0.6992302358470837
HurriedPace,pca32_lr_l2,25,0.5555555555555556,0.5555555555555556,0.515625,0.552426037858332
HurriedPace,pca32_lr_l2,26,0.4864864864864865,0.5128205128205128,0.638235294117647,0.7455588845591734
HurriedPace,pca32_lr_l2,27,0.6944444444444444,0.6666666666666666,0.7678018575851393,0.7762085815545408
HurriedPace,pca32_lr_l2,28,0.5833333333333334,0.6511627906976745,0.7151702786377708,0.7371661471316866
HurriedPace,pca32_lr_l2,29,0.4444444444444444,0.5,0.51875,0.630655170935415
HurriedPace,pca32_lr_l2,30,0.6111111111111112,0.65,0.625,0.6164915172683714
HurriedPace,pca32_lr_l2,31,0.6756756756756757,0.7142857142857143,0.6676470588235294,0.6284485619729427
HurriedPace,pca32_lr_l2,32,0.5277777777777778,0.5853658536585366,0.5851393188854489,0.6549371220210163
HurriedPace,pca32_lr_l2,33,0.5555555555555556,0.5,0.6594427244582043,0.6825658441175682
HurriedPace,pca32_lr_l2,34,0.6388888888888888,0.6666666666666666,0.746875,0.8034625676256111
HurriedPace,pca32_lr_l2,35,0.5555555555555556,0.5789473684210527,0.634375,0.704367871843887
HurriedPace,pca32_lr_l2,36,0.4864864864864865,0.5365853658536586,0.5,0.5551292209334091
HurriedPace,pca32_lr_l2,37,0.6388888888888888,0.6285714285714286,0.5727554179566563,0.6381386509305
HurriedPace,pca32_lr_l2,38,0.5833333333333334,0.5714285714285714,0.6222910216718267,0.6316641337884558
HurriedPace,pca32_lr_l2,39,0.5555555555555556,0.6,0.6437499999999999,0.6825947615186746
HurriedPace,pca32_lr_l2,40,0.5555555555555556,0.5789473684210527,0.66875,0.7488831286351985
HurriedPace,pca32_lr_l2,41,0.6216216216216216,0.6111111111111112,0.6823529411764706,0.7206525769122518
HurriedPace,pca32_lr_l2,42,0.6388888888888888,0.5806451612903226,0.78328173374613,0.7763070379585182
HurriedPace,pca32_lr_l2,43,0.5833333333333334,0.6153846153846154,0.5789473684210527,0.6296992648092254
HurriedPace,pca32_lr_l2,44,0.5277777777777778,0.5641025641025641,0.540625,0.6217274258284268
HurriedPace,pca32_lr_l2,45,0.5555555555555556,0.6,0.546875,0.6017953616210816
HurriedPace,pca32_lr_l2,46,0.5405405405405406,0.5853658536585366,0.5558823529411765,0.6315736271452165
HurriedPace,pca32_lr_l2,47,0.5833333333333334,0.5454545454545454,0.56656346749226,0.6659089123367392
HurriedPace,pca32_lr_l2,48,0.5277777777777778,0.5142857142857142,0.563467492260062,0.634917721916477
HurriedPace,pca32_lr_l2,49,0.5833333333333334,0.6511627906976745,0.6875,0.7319143396983154
HurriedPace,pca32_lr_l2,50,0.6666666666666666,0.7,0.65625,0.6760925796844158
HurriedPace,mi128_lr_l2,1,0.5945945945945946,0.6511627906976745,0.6000000000000001,0.6655148316767479
HurriedPace,mi128_lr_l2,2,0.5833333333333334,0.5945945945945946,0.5603715170278638,0.5621183505915079
HurriedPace,mi128_lr_l2,3,0.5277777777777778,0.5405405405405406,0.6006191950464396,0.6625709881364024
HurriedPace,mi128_lr_l2,4,0.75,0.7272727272727273,0.840625,0.8826381554648819
HurriedPace,mi128_lr_l2,5,0.5833333333333334,0.5945945945945946,0.665625,0.6800484162017214
HurriedPace,mi128_lr_l2,6,0.4864864864864865,0.4864864864864865,0.5352941176470589,0.6455608480139948
HurriedPace,mi128_lr_l2,7,0.6111111111111112,0.5625,0.6130030959752322,0.6832746113240331
HurriedPace,mi128_lr_l2,8,0.5833333333333334,0.5945945945945946,0.6687306501547987,0.7751903404767093
HurriedPace,mi128_lr_l2,9,0.7222222222222222,0.7619047619047619,0.6781250000000001,0.6704770270509809
HurriedPace,mi128_lr_l2,10,0.5,0.47058823529411764,0.596875,0.6100053082239989
HurriedPace,mi128_lr_l2,11,0.7027027027027027,0.7027027027027027,0.8117647058823529,0.858583937598294
HurriedPace,mi128_lr_l2,12,0.5833333333333334,0.5161290322580645,0.6811145510835912,0.6948178619328427
HurriedPace,mi128_lr_l2,13,0.7777777777777778,0.7894736842105263,0.7956656346749226,0.8065225718553892
HurriedPace,mi128_lr_l2,14,0.5833333333333334,0.6666666666666666,0.5687500000000001,0.6319124665744685
HurriedPace,mi128_lr_l2,15,0.5,0.5263157894736842,0.4375,0.51656022241061
HurriedPace,mi128_lr_l2,16,0.5135135135135135,0.4375,0.5529411764705883,0.5662562407559645
HurriedPace,mi128_lr_l2,17,0.5833333333333334,0.5454545454545454,0.585139318885449,0.620259074098333
HurriedPace,mi128_lr_l2,18,0.7777777777777778,0.7894736842105263,0.7647058823529411,0.7889506223595635
HurriedPace,mi128_lr_l2,19,0.6388888888888888,0.6666666666666666,0.73125,0.8153269851063969
HurriedPace,mi128_lr_l2,20,0.5555555555555556,0.6,0.55625,0.6335574910391334
HurriedPace,mi128_lr_l2,21,0.5945945945945946,0.5454545454545454,0.6588235294117647,0.6786670787457104
HurriedPace,mi128_lr_l2,22,0.7222222222222222,0.7222222222222222,0.780185758513932,0.8257196706040435
HurriedPace,mi128_lr_l2,23,0.5833333333333334,0.6341463414634146,0.6222910216718267,0.7199728477548708
HurriedPace,mi128_lr_l2,24,0.4722222222222222,0.5365853658536586,0.596875,0.7182234265644125
HurriedPace,mi128_lr_l2,25,0.5277777777777778,0.5142857142857142,0.5375000000000001,0.556799250135566
HurriedPace,mi128_lr_l2,26,0.5405405405405406,0.5641025641025641,0.6411764705882352,0.7318476735829458
HurriedPace,mi128_lr_l2,27,0.7222222222222222,0.7058823529411765,0.7554179566563468,0.7539626626869189
HurriedPace,mi128_lr_l2,28,0.6111111111111112,0.6666666666666666,0.7089783281733746,0.7319020169216708
HurriedPace,mi128_lr_l2,29,0.4166666666666667,0.46153846153846156,0.54375,0.657045787587188
HurriedPace,mi128_lr_l2,30,0.6944444444444444,0.7027027027027027,0.653125,0.6299738620013762
HurriedPace,mi128_lr_l2,31,0.6486486486486487,0.6829268292682927,0.6705882352941176,0.6351430931573321
HurriedPace,mi128_lr_l2,32,0.5277777777777778,0.5641025641025641,0.5913312693498451,0.6578966200841623
HurriedPace,mi128_lr_l2,33,0.5555555555555556,0.5,0.6594427244582043,0.6836409468131694
HurriedPace,mi128_lr_l2,34,0.6666666666666666,0.7,0.728125,0.7759320099479947
HurriedPace,mi128_lr_l2,35,0.5277777777777778,0.5405405405405406,0.659375,0.716313915753015
HurriedPace,mi128_lr_l2,36,0.4594594594594595,0.5,0.4676470588235294,0.5282302445699366
HurriedPace,mi128_lr_l2,37,0.6666666666666666,0.6666666666666666,0.5727554179566563,0.6410273106834172
HurriedPace,mi128_lr_l2,38,0.5833333333333334,0.5714285714285714,0.6377708978328174,0.6450796328717858
HurriedPace,mi128_lr_l2,39,0.5833333333333334,0.6341463414634146,0.665625,0.7064047526547527
HurriedPace,mi128_lr_l2,40,0.6944444444444444,0.717948717948718,0.7062499999999999,0.7785593025200304
HurriedPace,mi128_lr_l2,41,0.6486486486486487,0.6486486486486487,0.7,0.7530480259764316
HurriedPace,mi128_lr_l2,42,0.6388888888888888,0.5806451612903226,0.7801857585139319,0.7769741888510657
HurriedPace,mi128_lr_l2,43,0.6111111111111112,0.631578947368421,0.5944272445820433,0.6369205859345766
HurriedPace,mi128_lr_l2,44,0.5277777777777778,0.5641025641025641,0.534375,0.5929808905010092
HurriedPace,mi128_lr_l2,45,0.5555555555555556,0.6,0.540625,0.602871175972758
HurriedPace,mi128_lr_l2,46,0.5675675675675675,0.6,0.6352941176470588,0.694224191192882
HurriedPace,mi128_lr_l2,47,0.6111111111111112,0.5625,0.5634674922600619,0.6514843456753305
HurriedPace,mi128_lr_l2,48,0.5555555555555556,0.5294117647058824,0.6068111455108359,0.6934806409466436
HurriedPace,mi128_lr_l2,49,0.6111111111111112,0.6818181818181818,0.690625,0.7301402110491868
HurriedPace,mi128_lr_l2,50,0.6666666666666666,0.7,0.675,0.6866286162285169
