path	parent	name	id	synapseStore	contentType	used	executed	activityName	activityDescription
/ocean/projects/med260006p/shared/biomedAI/project/replica/data/gait/weargait/CONTROLS - Demographic+Clinical - datasetV1.csv	syn55052683	CONTROLS - Demographic+Clinical - datasetV1.csv	syn55105521	True	text/csv				
/ocean/projects/med260006p/shared/biomedAI/project/replica/data/gait/weargait/PD - Demographic+Clinical - datasetV1.csv	syn55052683	PD - Demographic+Clinical - datasetV1.csv	syn55105530	True	text/csv				
/ocean/projects/med260006p/shared/biomedAI/project/replica/data/gait/weargait/CONTROL PARTICIPANTS/CSV files/HC100_Balance.csv	syn61370552	HC100_Balance.csv	syn61498244	True	text/csv				
/ocean/projects/med260006p/shared/biomedAI/project/replica/data/gait/weargait/CONTROL PARTICIPANTS/CSV files/HC100_HurriedPace.csv	syn61370552	HC100_HurriedPace.csv	syn61498246	True	text/csv				
/ocean/projects/med260006p/shared/biomedAI/project/replica/data/gait/weargait/CONTROL PARTICIPANTS/CSV files/HC100_HurriedPace_mat.csv	syn61370552	HC100_HurriedPace_mat.csv	syn61498248	True	text/csv				
/ocean/projects/med260006p/shared/biomedAI/project/replica/data/gait/weargait/CONTROL PARTICIPANTS/CSV files/HC100_SelfPace.csv	syn61370552	HC100_SelfPace.csv	syn61498251	True	text/csv				
/ocean/projects/med260006p/shared/biomedAI/project/replica/data/gait/weargait/CONTROL PARTICIPANTS/CSV files/HC100_SelfPace_mat.csv	syn61370552	HC100_SelfPace_mat.csv	syn61498255	True	text/csv				
/ocean/projects/med260006p/shared/biomedAI/project/replica/data/gait/weargait/CONTROL PARTICIPANTS/CSV files/HC100_SelfPace_matTURN.csv	syn61370552	HC100_SelfPace_matTURN.csv	syn61498258	True	text/csv				
/ocean/projects/med260006p/shared/biomedAI/project/replica/data/gait/weargait/CONTROL PARTICIPANTS/CSV files/HC100_TUG.csv	syn61370552	HC100_TUG.csv	syn61498265	True	text/csv				
/ocean/projects/med260006p/shared/biomedAI/project/replica/data/gait/weargait/CONTROL PARTICIPANTS/CSV files/HC100_TandemGait.csv	syn61370552	HC100_TandemGait.csv	syn61498262	True	text/csv				
/ocean/projects/med260006p/shared/biomedAI/project/replica/data/gait/weargait/CONTROL PARTICIPANTS/CSV files/HC101_Balance.csv	syn61370552	HC101_Balance.csv	syn61498269	True	text/csv				
/ocean/projects/med260006p/shared/biomedAI/project/replica/data/gait/weargait/CONTROL PARTICIPANTS/CSV files/HC101_HurriedPace.csv	syn61370552	HC101_HurriedPace.csv	syn61498272	True	text/csv				
/ocean/projects/med260006p/shared/biomedAI/project/replica/data/gait/weargait/CONTROL PARTICIPANTS/CSV files/HC101_HurriedPace_mat.csv	syn61370552	HC101_HurriedPace_mat.csv	syn61498275	True	text/csv				
/ocean/projects/med260006p/shared/biomedAI/project/replica/data/gait/weargait/CONTROL PARTICIPANTS/CSV files/HC101_SelfPace.csv	syn61370552	HC101_SelfPace.csv	syn61498284	True	text/csv				
/ocean/projects/med260006p/shared/biomedAI/project/replica/data/gait/weargait/CONTROL PARTICIPANTS/CSV files/HC101_SelfPace_mat.csv	syn61370552	HC101_SelfPace_mat.csv	syn61498288	True	text/csv				
/ocean/projects/med260006p/shared/biomedAI/project/replica/data/gait/weargait/CONTROL PARTICIPANTS/CSV files/HC101_SelfPace_matTURN.csv	syn61370552	HC101_SelfPace_matTURN.csv	syn61498291	True	text/csv				
/ocean/projects/med260006p/shared/biomedAI/project/replica/data/gait/weargait/CONTROL PARTICIPANTS/CSV files/HC101_TUG.csv	syn61370552	HC101_TUG.csv	syn61498299	True	text/csv				
/ocean/projects/med260006p/shared/biomedAI/project/replica/data/gait/weargait/CONTROL PARTICIPANTS/CSV files/HC101_TandemGait.csv	syn61370552	HC101_TandemGait.csv	syn61498295	True	text/csv				
/ocean/projects/med260006p/shared/biomedAI/project/replica/data/gait/weargait/CONTROL PARTICIPANTS/CSV files/HC102_Balance.csv	syn61370552	HC102_Balance.csv	syn61498310	True	text/csv				
/ocean/projects/med260006p/shared/biomedAI/project/replica/data/gait/weargait/CONTROL PARTICIPANTS/CSV files/HC102_HurriedPace.csv	syn61370552	HC102_HurriedPace.csv	syn61498313	True	text/csv				
/ocean/projects/med260006p/shared/biomedAI/project/replica/data/gait/weargait/CONTROL PARTICIPANTS/CSV files/HC102_HurriedPace_mat.csv	syn61370552	HC102_HurriedPace_mat.csv	syn61498316	True	text/csv				
/ocean/projects/med260006p/shared/biomedAI/project/replica/data/gait/weargait/CONTROL PARTICIPANTS/CSV files/HC102_SelfPace.csv	syn61370552	HC102_SelfPace.csv	syn61498319	True	text/csv				
/ocean/projects/med260006p/shared/biomedAI/project/replica/data/gait/weargait/CONTROL PARTICIPANTS/CSV files/HC102_SelfPace_mat.csv	syn61370552	HC102_SelfPace_mat.csv	syn61498322	True	text/csv				
/ocean/projects/med260006p/shared/biomedAI/project/replica/data/gait/weargait/CONTROL PARTICIPANTS/CSV files/HC102_SelfPace_matTURN.csv	syn61370552	HC102_SelfPace_matTURN.csv	syn61498325	True	text/csv				
/ocean/projects/med260006p/shared/biomedAI/project/replica/data/gait/weargait/CONTROL PARTICIPANTS/CSV files/HC102_TUG.csv	syn61370552	HC102_TUG.csv	syn61498332	True	text/csv				
/ocean/projects/med260006p/shared/biomedAI/project/replica/data/gait/weargait/CONTROL PARTICIPANTS/CSV files/HC102_TandemGait.csv	syn61370552	HC102_TandemGait.csv	syn61498328	True	text/csv				
/ocean/projects/med260006p/shared/biomedAI/project/replica/data/gait/weargait/CONTROL PARTICIPANTS/CSV files/HC103_Balance.csv	syn61370552	HC103_Balance.csv	syn61498337	True	text/csv				
/ocean/projects/med260006p/shared/biomedAI/project/replica/data/gait/weargait/CONTROL PARTICIPANTS/CSV files/HC103_HurriedPace.csv	syn61370552	HC103_HurriedPace.csv	syn61498341	True	text/csv				
/ocean/projects/med260006p/shared/biomedAI/project/replica/data/gait/weargait/CONTROL PARTICIPANTS/CSV files/HC103_HurriedPace_mat.csv	syn61370552	HC103_HurriedPace_mat.csv	syn61498343	True	text/csv				
/ocean/projects/med260006p/shared/biomedAI/project/replica/data/gait/weargait/CONTROL PARTICIPANTS/CSV files/HC103_SelfPace.csv	syn61370552	HC103_SelfPace.csv	syn61498347	True	text/csv				
/ocean/projects/med260006p/shared/biomedAI/project/replica/data/gait/weargait/CONTROL PARTICIPANTS/CSV files/HC103_SelfPace_mat.csv	syn61370552	HC103_SelfPace_mat.csv	syn61498350	True	text/csv				
/ocean/projects/med260006p/shared/biomedAI/project/replica/data/gait/weargait/CONTROL PARTICIPANTS/CSV files/HC103_SelfPace_matTURN.csv	syn61370552	HC103_SelfPace_matTURN.csv	syn61498352	True	text/csv				
/ocean/projects/med260006p/shared/biomedAI/project/replica/data/gait/weargait/CONTROL PARTICIPANTS/CSV files/HC103_TUG.csv	syn61370552	HC103_TUG.csv	syn61498358	True	text/csv				
/ocean/projects/med260006p/shared/biomedAI/project/replica/data/gait/weargait/CONTROL PARTICIPANTS/CSV files/HC103_TandemGait.csv	syn61370552	HC103_TandemGait.csv	syn61498355	True	text/csv				
/ocean/projects/med260006p/shared/biomedAI/project/replica/data/gait/weargait/CONTROL PARTICIPANTS/CSV files/HC104_Balance.csv	syn61370552	HC104_Balance.csv	syn61498363	True	text/csv				
/ocean/projects/med260006p/shared/biomedAI/project/replica/data/gait/weargait/CONTROL PARTICIPANTS/CSV files/HC104_HurriedPace.csv	syn61370552	HC104_HurriedPace.csv	syn61498373	True	text/csv				
/ocean/projects/med260006p/shared/biomedAI/project/replica/data/gait/weargait/CONTROL PARTICIPANTS/CSV files/HC104_HurriedPace_mat.csv	syn61370552	HC104_HurriedPace_mat.csv	syn61498375	True	text/csv				
/ocean/projects/med260006p/shared/biomedAI/project/replica/data/gait/weargait/CONTROL PARTICIPANTS/CSV files/HC104_SelfPace.csv	syn61370552	HC104_SelfPace.csv	syn61498378	True	text/csv				
/ocean/projects/med260006p/shared/biomedAI/project/replica/data/gait/weargait/CONTROL PARTICIPANTS/CSV files/HC104_SelfPace_mat.csv	syn61370552	HC104_SelfPace_mat.csv	syn61498381	True	text/csv				
/ocean/projects/med260006p/shared/biomedAI/project/replica/data/gait/weargait/CONTROL PARTICIPANTS/CSV files/HC104_SelfPace_matTURN.csv	syn61370552	HC104_SelfPace_matTURN.csv	syn61498386	True	text/csv				
/ocean/projects/med260006p/shared/biomedAI/project/replica/data/gait/weargait/CONTROL PARTICIPANTS/CSV files/HC104_TUG.csv	syn61370552	HC104_TUG.csv	syn61498392	True	text/csv				
/ocean/projects/med260006p/shared/biomedAI/project/replica/data/gait/weargait/CONTROL PARTICIPANTS/CSV files/HC104_TandemGait.csv	syn61370552	HC104_TandemGait.csv	syn61498389	True	text/csv				
/ocean/projects/med260006p/shared/biomedAI/project/replica/data/gait/weargait/CONTROL PARTICIPANTS/CSV files/HC105_Balance.csv	syn61370552	HC105_Balance.csv	syn61498399	True	text/csv				
/ocean/projects/med260006p/shared/biomedAI/project/replica/data/gait/weargait/CONTROL PARTICIPANTS/CSV files/HC105_HurriedPace.csv	syn61370552	HC105_HurriedPace.csv	syn61498402	True	text/csv				
/ocean/projects/med260006p/shared/biomedAI/project/replica/data/gait/weargait/CONTROL PARTICIPANTS/CSV files/HC105_HurriedPace_mat.csv	syn61370552	HC105_HurriedPace_mat.csv	syn61498406	True	text/csv				
/ocean/projects/med260006p/shared/biomedAI/project/replica/data/gait/weargait/CONTROL PARTICIPANTS/CSV files/HC105_SelfPace.csv	syn61370552	HC105_SelfPace.csv	syn61498409	True	text/csv				
/ocean/projects/med260006p/shared/biomedAI/project/replica/data/gait/weargait/CONTROL PARTICIPANTS/CSV files/HC105_SelfPace_mat.csv	syn61370552	HC105_SelfPace_mat.csv	syn61498412	True	text/csv				
/ocean/projects/med260006p/shared/biomedAI/project/replica/data/gait/weargait/CONTROL PARTICIPANTS/CSV files/HC105_SelfPace_matTURN.csv	syn61370552	HC105_SelfPace_matTURN.csv	syn61498417	True	text/csv				
/ocean/projects/med260006p/shared/biomedAI/project/replica/data/gait/weargait/CONTROL PARTICIPANTS/CSV files/HC105_TUG.csv	syn61370552	HC105_TUG.csv	syn61498419	True	text/csv				
/ocean/projects/med260006p/shared/biomedAI/project/replica/data/gait/weargait/CONTROL PARTICIPANTS/CSV files/HC105_TandemGait.csv	syn61370552	HC105_TandemGait.csv	syn61498418	True	text/csv				
/ocean/projects/med260006p/shared/biomedAI/project/replica/data/gait/weargait/CONTROL PARTICIPANTS/CSV files/HC106_Balance.csv	syn61370552	HC106_Balance.csv	syn61498420	True	text/csv				
/ocean/projects/med260006p/shared/biomedAI/project/replica/data/gait/weargait/CONTROL PARTICIPANTS/CSV files/HC106_HurriedPace.csv	syn61370552	HC106_HurriedPace.csv	syn61498421	True	text/csv				
/ocean/projects/med260006p/shared/biomedAI/project/replica/data/gait/weargait/CONTROL PARTICIPANTS/CSV files/HC106_HurriedPace_mat.csv	syn61370552	HC106_HurriedPace_mat.csv	syn61498422	True	text/csv				
/ocean/projects/med260006p/shared/biomedAI/project/replica/data/gait/weargait/CONTROL PARTICIPANTS/CSV files/HC106_SelfPace.csv	syn61370552	HC106_SelfPace.csv	syn61498423	True	text/csv				
/ocean/projects/med260006p/shared/biomedAI/project/replica/data/gait/weargait/CONTROL PARTICIPANTS/CSV files/HC106_SelfPace_mat.csv	syn61370552	HC106_SelfPace_mat.csv	syn61498424	True	text/csv				
/ocean/projects/med260006p/shared/biomedAI/project/replica/data/gait/weargait/CONTROL PARTICIPANTS/CSV files/HC106_SelfPace_matTURN.csv	syn61370552	HC106_SelfPace_matTURN.csv	syn61498425	True	text/csv				
/ocean/projects/med260006p/shared/biomedAI/project/replica/data/gait/weargait/CONTROL PARTICIPANTS/CSV files/HC106_TUG.csv	syn61370552	HC106_TUG.csv	syn61498431	True	text/csv				
/ocean/projects/med260006p/shared/biomedAI/project/replica/data/gait/weargait/CONTROL PARTICIPANTS/CSV files/HC106_TandemGait.csv	syn61370552	HC106_TandemGait.csv	syn61498426	True	text/csv				
/ocean/projects/med260006p/shared/biomedAI/project/replica/data/gait/weargait/CONTROL PARTICIPANTS/CSV files/HC107_Balance.csv	syn61370552	HC107_Balance.csv	syn61498432	True	text/csv				
/ocean/projects/med260006p/shared/biomedAI/project/replica/data/gait/weargait/CONTROL PARTICIPANTS/CSV files/HC107_HurriedPace.csv	syn61370552	HC107_HurriedPace.csv	syn61498433	True	text/csv				
/ocean/projects/med260006p/shared/biomedAI/project/replica/data/gait/weargait/CONTROL PARTICIPANTS/CSV files/HC107_HurriedPace_mat.csv	syn61370552	HC107_HurriedPace_mat.csv	syn61498434	True	text/csv				
/ocean/projects/med260006p/shared/biomedAI/project/replica/data/gait/weargait/CONTROL PARTICIPANTS/CSV files/HC107_SelfPace.csv	syn61370552	HC107_SelfPace.csv	syn61498435	True	text/csv				
/ocean/projects/med260006p/shared/biomedAI/project/replica/data/gait/weargait/CONTROL PARTICIPANTS/CSV files/HC107_SelfPace_mat.csv	syn61370552	HC107_SelfPace_mat.csv	syn61498436	True	text/csv				
/ocean/projects/med260006p/shared/biomedAI/project/replica/data/gait/weargait/CONTROL PARTICIPANTS/CSV files/HC107_SelfPace_matTURN.csv	syn61370552	HC107_SelfPace_matTURN.csv	syn61498437	True	text/csv				
/ocean/projects/med260006p/shared/biomedAI/project/replica/data/gait/weargait/CONTROL PARTICIPANTS/CSV files/HC107_TUG.csv	syn61370552	HC107_TUG.csv	syn61498443	True	text/csv				
/ocean/projects/med260006p/shared/biomedAI/project/replica/data/gait/weargait/CONTROL PARTICIPANTS/CSV files/HC107_TandemGait.csv	syn61370552	HC107_TandemGait.csv	syn61498442	True	text/csv				
/ocean/projects/med260006p/shared/biomedAI/project/replica/data/gait/weargait/CONTROL PARTICIPANTS/CSV files/HC108_Balance.csv	syn61370552	HC108_Balance.csv	syn61498444	True	text/csv				
/ocean/projects/med260006p/shared/biomedAI/project/replica/data/gait/weargait/CONTROL PARTICIPANTS/CSV files/HC108_HurriedPace.csv	syn61370552	HC108_HurriedPace.csv	syn61498445	True	text/csv				
/ocean/projects/med260006p/shared/biomedAI/project/replica/data/gait/weargait/CONTROL PARTICIPANTS/CSV files/HC108_HurriedPace_mat.csv	syn61370552	HC108_HurriedPace_mat.csv	syn61498446	True	text/csv				
/ocean/projects/med260006p/shared/biomedAI/project/replica/data/gait/weargait/CONTROL PARTICIPANTS/CSV files/HC108_SelfPace.csv	syn61370552	HC108_SelfPace.csv	syn61498447	True	text/csv				
/ocean/projects/med260006p/shared/biomedAI/project/replica/data/gait/weargait/CONTROL PARTICIPANTS/CSV files/HC108_SelfPace_mat.csv	syn61370552	HC108_SelfPace_mat.csv	syn61498448	True	text/csv				
/ocean/projects/med260006p/shared/biomedAI/project/replica/data/gait/weargait/CONTROL PARTICIPANTS/CSV files/HC108_SelfPace_matTURN.csv	syn61370552	HC108_SelfPace_matTURN.csv	syn61498451	True	text/csv				
/ocean/projects/med260006p/shared/biomedAI/project/replica/data/gait/weargait/CONTROL PARTICIPANTS/CSV files/HC108_TUG.csv	syn61370552	HC108_TUG.csv	syn61498453	True	text/csv				
/ocean/projects/med260006p/shared/biomedAI/project/replica/data/gait/weargait/CONTROL PARTICIPANTS/CSV files/HC108_TandemGait.csv	syn61370552	HC108_TandemGait.csv	syn61498452	True	text/csv				
/ocean/projects/med260006p/shared/biomedAI/project/replica/data/gait/weargait/CONTROL PARTICIPANTS/CSV files/HC109_Balance.csv	syn61370552	HC109_Balance.csv	syn61498454	True	text/csv				
/ocean/projects/med260006p/shared/biomedAI/project/replica/data/gait/weargait/CONTROL PARTICIPANTS/CSV files/HC109_HurriedPace.csv	syn61370552	HC109_HurriedPace.csv	syn61498455	True	text/csv				
/ocean/projects/med260006p/shared/biomedAI/project/replica/data/gait/weargait/CONTROL PARTICIPANTS/CSV files/HC109_HurriedPace_mat.csv	syn61370552	HC109_HurriedPace_mat.csv	syn61498456	True	text/csv				
/ocean/projects/med260006p/shared/biomedAI/project/replica/data/gait/weargait/CONTROL PARTICIPANTS/CSV files/HC109_SelfPace.csv	syn61370552	HC109_SelfPace.csv	syn61498457	True	text/csv				
/ocean/projects/med260006p/shared/biomedAI/project/replica/data/gait/weargait/CONTROL PARTICIPANTS/CSV files/HC109_SelfPace_mat.csv	syn61370552	HC109_SelfPace_mat.csv	syn61498458	True	text/csv				
/ocean/projects/med260006p/shared/biomedAI/project/replica/data/gait/weargait/CONTROL PARTICIPANTS/CSV files/HC109_SelfPace_matTURN.csv	syn61370552	HC109_SelfPace_matTURN.csv	syn61498459	True	text/csv				
/ocean/projects/med260006p/shared/biomedAI/project/replica/data/gait/weargait/CONTROL PARTICIPANTS/CSV files/HC109_TUG.csv	syn61370552	HC109_TUG.csv	syn61498461	True	text/csv				
/ocean/projects/med260006p/shared/biomedAI/project/replica/data/gait/weargait/CONTROL PARTICIPANTS/CSV files/HC109_TandemGait.csv	syn61370552	HC109_TandemGait.csv	syn61498460	True	text/csv				
/ocean/projects/med260006p/shared/biomedAI/project/replica/data/gait/weargait/CONTROL PARTICIPANTS/CSV files/HC110_Balance.csv	syn61370552	HC110_Balance.csv	syn61498462	True	text/csv				
/ocean/projects/med260006p/shared/biomedAI/project/replica/data/gait/weargait/CONTROL PARTICIPANTS/CSV files/HC110_HurriedPace.csv	syn61370552	HC110_HurriedPace.csv	syn61498463	True	text/csv				
/ocean/projects/med260006p/shared/biomedAI/project/replica/data/gait/weargait/CONTROL PARTICIPANTS/CSV files/HC110_HurriedPace_mat.csv	syn61370552	HC110_HurriedPace_mat.csv	syn61498464	True	text/csv				
/ocean/projects/med260006p/shared/biomedAI/project/replica/data/gait/weargait/CONTROL PARTICIPANTS/CSV files/HC110_SelfPace.csv	syn61370552	HC110_SelfPace.csv	syn61498465	True	text/csv				
/ocean/projects/med260006p/shared/biomedAI/project/replica/data/gait/weargait/CONTROL PARTICIPANTS/CSV files/HC110_SelfPace_mat.csv	syn61370552	HC110_SelfPace_mat.csv	syn61498466	True	text/csv				
/ocean/projects/med260006p/shared/biomedAI/project/replica/data/gait/weargait/CONTROL PARTICIPANTS/CSV files/HC110_SelfPace_matTURN.csv	syn61370552	HC110_SelfPace_matTURN.csv	syn61498467	True	text/csv				
/ocean/projects/med260006p/shared/biomedAI/project/replica/data/gait/weargait/CONTROL PARTICIPANTS/CSV files/HC110_TUG.csv	syn61370552	HC110_TUG.csv	syn61498472	True	text/csv				
/ocean/projects/med260006p/shared/biomedAI/project/replica/data/gait/weargait/CONTROL PARTICIPANTS/CSV files/HC110_TandemGait.csv	syn61370552	HC110_TandemGait.csv	syn61498469	True	text/csv				
/ocean/projects/med260006p/shared/biomedAI/project/replica/data/gait/weargait/CONTROL PARTICIPANTS/CSV files/HC111_Balance.csv	syn61370552	HC111_Balance.csv	syn61498473	True	text/csv				
/ocean/projects/med260006p/shared/biomedAI/project/replica/data/gait/weargait/CONTROL PARTICIPANTS/CSV files/HC111_HurriedPace.csv	syn61370552	HC111_HurriedPace.csv	syn61498475	True	text/csv				
/ocean/projects/med260006p/shared/biomedAI/project/replica/data/gait/weargait/CONTROL PARTICIPANTS/CSV files/HC111_HurriedPace_mat.csv	syn61370552	HC111_HurriedPace_mat.csv	syn61498476	True	text/csv				
/ocean/projects/med260006p/shared/biomedAI/project/replica/data/gait/weargait/CONTROL PARTICIPANTS/CSV files/HC111_SelfPace.csv	syn61370552	HC111_SelfPace.csv	syn61498477	True	text/csv				
/ocean/projects/med260006p/shared/biomedAI/project/replica/data/gait/weargait/CONTROL PARTICIPANTS/CSV files/HC111_SelfPace_mat.csv	syn61370552	HC111_SelfPace_mat.csv	syn61498479	True	text/csv				
/ocean/projects/med260006p/shared/biomedAI/project/replica/data/gait/weargait/CONTROL PARTICIPANTS/CSV files/HC111_SelfPace_matTURN.csv	syn61370552	HC111_SelfPace_matTURN.csv	syn61498485	True	text/csv				
/ocean/projects/med260006p/shared/biomedAI/project/replica/data/gait/weargait/CONTROL PARTICIPANTS/CSV files/HC111_TUG.csv	syn61370552	HC111_TUG.csv	syn61498489	True	text/csv				
/ocean/projects/med260006p/shared/biomedAI/project/replica/data/gait/weargait/CONTROL PARTICIPANTS/CSV files/HC111_TandemGait.csv	syn61370552	HC111_TandemGait.csv	syn61498486	True	text/csv				
/ocean/projects/med260006p/shared/biomedAI/project/replica/data/gait/weargait/CONTROL PARTICIPANTS/CSV files/HC112_Balance.csv	syn61370552	HC112_Balance.csv	syn61498490	True	text/csv				
/ocean/projects/med260006p/shared/biomedAI/project/replica/data/gait/weargait/CONTROL PARTICIPANTS/CSV files/HC112_HurriedPace.csv	syn61370552	HC112_HurriedPace.csv	syn61498491	True	text/csv				
/ocean/projects/med260006p/shared/biomedAI/project/replica/data/gait/weargait/CONTROL PARTICIPANTS/CSV files/HC112_HurriedPace_mat.csv	syn61370552	HC112_HurriedPace_mat.csv	syn61498492	True	text/csv				
/ocean/projects/med260006p/shared/biomedAI/project/replica/data/gait/weargait/CONTROL PARTICIPANTS/CSV files/HC112_SelfPace.csv	syn61370552	HC112_SelfPace.csv	syn61498493	True	text/csv				
/ocean/projects/med260006p/shared/biomedAI/project/replica/data/gait/weargait/CONTROL PARTICIPANTS/CSV files/HC112_SelfPace_mat.csv	syn61370552	HC112_SelfPace_mat.csv	syn61498494	True	text/csv				
/ocean/projects/med260006p/shared/biomedAI/project/replica/data/gait/weargait/CONTROL PARTICIPANTS/CSV files/HC112_SelfPace_matTURN.csv	syn61370552	HC112_SelfPace_matTURN.csv	syn61498498	True	text/csv				
/ocean/projects/med260006p/shared/biomedAI/project/replica/data/gait/weargait/CONTROL PARTICIPANTS/CSV files/HC112_TUG.csv	syn61370552	HC112_TUG.csv	syn61498502	True	text/csv				
/ocean/projects/med260006p/shared/biomedAI/project/replica/data/gait/weargait/CONTROL PARTICIPANTS/CSV files/HC112_TandemGait.csv	syn61370552	HC112_TandemGait.csv	syn61498501	True	text/csv				
/ocean/projects/med260006p/shared/biomedAI/project/replica/data/gait/weargait/CONTROL PARTICIPANTS/CSV files/HC113_Balance.csv	syn61370552	HC113_Balance.csv	syn61498503	True	text/csv				
/ocean/projects/med260006p/shared/biomedAI/project/replica/data/gait/weargait/CONTROL PARTICIPANTS/CSV files/HC113_HurriedPace.csv	syn61370552	HC113_HurriedPace.csv	syn61498504	True	text/csv				
/ocean/projects/med260006p/shared/biomedAI/project/replica/data/gait/weargait/CONTROL PARTICIPANTS/CSV files/HC113_HurriedPace_mat.csv	syn61370552	HC113_HurriedPace_mat.csv	syn61498505	True	text/csv				
/ocean/projects/med260006p/shared/biomedAI/project/replica/data/gait/weargait/CONTROL PARTICIPANTS/CSV files/HC113_SelfPace.csv	syn61370552	HC113_SelfPace.csv	syn61498506	True	text/csv				
/ocean/projects/med260006p/shared/biomedAI/project/replica/data/gait/weargait/CONTROL PARTICIPANTS/CSV files/HC113_SelfPace_mat.csv	syn61370552	HC113_SelfPace_mat.csv	syn61498507	True	text/csv				
/ocean/projects/med260006p/shared/biomedAI/project/replica/data/gait/weargait/CONTROL PARTICIPANTS/CSV files/HC113_SelfPace_matTURN.csv	syn61370552	HC113_SelfPace_matTURN.csv	syn61498508	True	text/csv				
/ocean/projects/med260006p/shared/biomedAI/project/replica/data/gait/weargait/CONTROL PARTICIPANTS/CSV files/HC113_TUG.csv	syn61370552	HC113_TUG.csv	syn61498510	True	text/csv				
/ocean/projects/med260006p/shared/biomedAI/project/replica/data/gait/weargait/CONTROL PARTICIPANTS/CSV files/HC113_TandemGait.csv	syn61370552	HC113_TandemGait.csv	syn61498509	True	text/csv				
/ocean/projects/med260006p/shared/biomedAI/project/replica/data/gait/weargait/CONTROL PARTICIPANTS/CSV files/HC114_Balance.csv	syn61370552	HC114_Balance.csv	syn61498512	True	text/csv				
/ocean/projects/med260006p/shared/biomedAI/project/replica/data/gait/weargait/CONTROL PARTICIPANTS/CSV files/HC114_HurriedPace.csv	syn61370552	HC114_HurriedPace.csv	syn61498516	True	text/csv				
/ocean/projects/med260006p/shared/biomedAI/project/replica/data/gait/weargait/CONTROL PARTICIPANTS/CSV files/HC114_HurriedPace_mat.csv	syn61370552	HC114_HurriedPace_mat.csv	syn61498518	True	text/csv				
/ocean/projects/med260006p/shared/biomedAI/project/replica/data/gait/weargait/CONTROL PARTICIPANTS/CSV files/HC114_SelfPace.csv	syn61370552	HC114_SelfPace.csv	syn61498522	True	text/csv				
/ocean/projects/med260006p/shared/biomedAI/project/replica/data/gait/weargait/CONTROL PARTICIPANTS/CSV files/HC114_SelfPace_mat.csv	syn61370552	HC114_SelfPace_mat.csv	syn61498525	True	text/csv				
/ocean/projects/med260006p/shared/biomedAI/project/replica/data/gait/weargait/CONTROL PARTICIPANTS/CSV files/HC114_SelfPace_matTURN.csv	syn61370552	HC114_SelfPace_matTURN.csv	syn61498528	True	text/csv				
/ocean/projects/med260006p/shared/biomedAI/project/replica/data/gait/weargait/CONTROL PARTICIPANTS/CSV files/HC114_TUG.csv	syn61370552	HC114_TUG.csv	syn61498535	True	text/csv				
/ocean/projects/med260006p/shared/biomedAI/project/replica/data/gait/weargait/CONTROL PARTICIPANTS/CSV files/HC114_TandemGait.csv	syn61370552	HC114_TandemGait.csv	syn61498531	True	text/csv				
/ocean/projects/med260006p/shared/biomedAI/project/replica/data/gait/weargait/CONTROL PARTICIPANTS/CSV files/HC115_Balance.csv	syn61370552	HC115_Balance.csv	syn61498542	True	text/csv				
/ocean/projects/med260006p/shared/biomedAI/project/replica/data/gait/weargait/CONTROL PARTICIPANTS/CSV files/HC115_HurriedPace.csv	syn61370552	HC115_HurriedPace.csv	syn61498545	True	text/csv				
/ocean/projects/med260006p/shared/biomedAI/project/replica/data/gait/weargait/CONTROL PARTICIPANTS/CSV files/HC115_HurriedPace_mat.csv	syn61370552	HC115_HurriedPace_mat.csv	syn61498548	True	text/csv				
/ocean/projects/med260006p/shared/biomedAI/project/replica/data/gait/weargait/CONTROL PARTICIPANTS/CSV files/HC115_SelfPace.csv	syn61370552	HC115_SelfPace.csv	syn61498554	True	text/csv				
/ocean/projects/med260006p/shared/biomedAI/project/replica/data/gait/weargait/CONTROL PARTICIPANTS/CSV files/HC115_SelfPace_mat.csv	syn61370552	HC115_SelfPace_mat.csv	syn61498557	True	text/csv				
/ocean/projects/med260006p/shared/biomedAI/project/replica/data/gait/weargait/CONTROL PARTICIPANTS/CSV files/HC115_SelfPace_matTURN.csv	syn61370552	HC115_SelfPace_matTURN.csv	syn61498561	True	text/csv				
/ocean/projects/med260006p/shared/biomedAI/project/replica/data/gait/weargait/CONTROL PARTICIPANTS/CSV files/HC115_TUG.csv	syn61370552	HC115_TUG.csv	syn61498568	True	text/csv				
/ocean/projects/med260006p/shared/biomedAI/project/replica/data/gait/weargait/CONTROL PARTICIPANTS/CSV files/HC115_TandemGait.csv	syn61370552	HC115_TandemGait.csv	syn61498564	True	text/csv				
/ocean/projects/med260006p/shared/biomedAI/project/replica/data/gait/weargait/CONTROL PARTICIPANTS/CSV files/HC116_Balance.csv	syn61370552	HC116_Balance.csv	syn61498572	True	text/csv				
/ocean/projects/med260006p/shared/biomedAI/project/replica/data/gait/weargait/CONTROL PARTICIPANTS/CSV files/HC116_HurriedPace.csv	syn61370552	HC116_HurriedPace.csv	syn61498575	True	text/csv				
/ocean/projects/med260006p/shared/biomedAI/project/replica/data/gait/weargait/CONTROL PARTICIPANTS/CSV files/HC116_HurriedPace_mat.csv	syn61370552	HC116_HurriedPace_mat.csv	syn61498579	True	text/csv				
/ocean/projects/med260006p/shared/biomedAI/project/replica/data/gait/weargait/CONTROL PARTICIPANTS/CSV files/HC116_SelfPace.csv	syn61370552	HC116_SelfPace.csv	syn61498582	True	text/csv				
/ocean/projects/med260006p/shared/biomedAI/project/replica/data/gait/weargait/CONTROL PARTICIPANTS/CSV files/HC116_SelfPace_mat.csv	syn61370552	HC116_SelfPace_mat.csv	syn61498585	True	text/csv				
/ocean/projects/med260006p/shared/biomedAI/project/replica/data/gait/weargait/CONTROL PARTICIPANTS/CSV files/HC116_SelfPace_matTURN.csv	syn61370552	HC116_SelfPace_matTURN.csv	syn61498589	True	text/csv				
/ocean/projects/med260006p/shared/biomedAI/project/replica/data/gait/weargait/CONTROL PARTICIPANTS/CSV files/HC116_TUG.csv	syn61370552	HC116_TUG.csv	syn61498596	True	text/csv				
/ocean/projects/med260006p/shared/biomedAI/project/replica/data/gait/weargait/CONTROL PARTICIPANTS/CSV files/HC116_TandemGait.csv	syn61370552	HC116_TandemGait.csv	syn61498592	True	text/csv				
/ocean/projects/med260006p/shared/biomedAI/project/replica/data/gait/weargait/CONTROL PARTICIPANTS/CSV files/HC117_Balance.csv	syn61370552	HC117_Balance.csv	syn61498601	True	text/csv				
/ocean/projects/med260006p/shared/biomedAI/project/replica/data/gait/weargait/CONTROL PARTICIPANTS/CSV files/HC117_HurriedPace.csv	syn61370552	HC117_HurriedPace.csv	syn61498604	True	text/csv				
/ocean/projects/med260006p/shared/biomedAI/project/replica/data/gait/weargait/CONTROL PARTICIPANTS/CSV files/HC117_HurriedPace_mat.csv	syn61370552	HC117_HurriedPace_mat.csv	syn61498607	True	text/csv				
/ocean/projects/med260006p/shared/biomedAI/project/replica/data/gait/weargait/CONTROL PARTICIPANTS/CSV files/HC117_SelfPace.csv	syn61370552	HC117_SelfPace.csv	syn61498611	True	text/csv				
/ocean/projects/med260006p/shared/biomedAI/project/replica/data/gait/weargait/CONTROL PARTICIPANTS/CSV files/HC117_SelfPace_mat.csv	syn61370552	HC117_SelfPace_mat.csv	syn61498614	True	text/csv				
/ocean/projects/med260006p/shared/biomedAI/project/replica/data/gait/weargait/CONTROL PARTICIPANTS/CSV files/HC117_SelfPace_matTURN.csv	syn61370552	HC117_SelfPace_matTURN.csv	syn61498617	True	text/csv				
/ocean/projects/med260006p/shared/biomedAI/project/replica/data/gait/weargait/CONTROL PARTICIPANTS/CSV files/HC117_TUG.csv	syn61370552	HC117_TUG.csv	syn61498625	True	text/csv				
/ocean/projects/med260006p/shared/biomedAI/project/replica/data/gait/weargait/CONTROL PARTICIPANTS/CSV files/HC117_TandemGait.csv	syn61370552	HC117_TandemGait.csv	syn61498621	True	text/csv				
/ocean/projects/med260006p/shared/biomedAI/project/replica/data/gait/weargait/CONTROL PARTICIPANTS/CSV files/HC118_Balance.csv	syn61370552	HC118_Balance.csv	syn61498628	True	text/csv				
/ocean/projects/med260006p/shared/biomedAI/project/replica/data/gait/weargait/CONTROL PARTICIPANTS/CSV files/HC118_HurriedPace.csv	syn61370552	HC118_HurriedPace.csv	syn61498631	True	text/csv				
/ocean/projects/med260006p/shared/biomedAI/project/replica/data/gait/weargait/CONTROL PARTICIPANTS/CSV files/HC118_HurriedPace_mat.csv	syn61370552	HC118_HurriedPace_mat.csv	syn61498634	True	text/csv				
/ocean/projects/med260006p/shared/biomedAI/project/replica/data/gait/weargait/CONTROL PARTICIPANTS/CSV files/HC118_SelfPace.csv	syn61370552	HC118_SelfPace.csv	syn61498637	True	text/csv				
/ocean/projects/med260006p/shared/biomedAI/project/replica/data/gait/weargait/CONTROL PARTICIPANTS/CSV files/HC118_SelfPace_mat.csv	syn61370552	HC118_SelfPace_mat.csv	syn61498640	True	text/csv				
/ocean/projects/med260006p/shared/biomedAI/project/replica/data/gait/weargait/CONTROL PARTICIPANTS/CSV files/HC118_SelfPace_matTURN.csv	syn61370552	HC118_SelfPace_matTURN.csv	syn61498644	True	text/csv				
/ocean/projects/med260006p/shared/biomedAI/project/replica/data/gait/weargait/CONTROL PARTICIPANTS/CSV files/HC118_TUG.csv	syn61370552	HC118_TUG.csv	syn61498653	True	text/csv				
/ocean/projects/med260006p/shared/biomedAI/project/replica/data/gait/weargait/CONTROL PARTICIPANTS/CSV files/HC118_TandemGait.csv	syn61370552	HC118_TandemGait.csv	syn61498648	True	text/csv				
/ocean/projects/med260006p/shared/biomedAI/project/replica/data/gait/weargait/CONTROL PARTICIPANTS/CSV files/HC120_Balance.csv	syn61370552	HC120_Balance.csv	syn61498660	True	text/csv				
/ocean/projects/med260006p/shared/biomedAI/project/replica/data/gait/weargait/CONTROL PARTICIPANTS/CSV files/HC120_HurriedPace.csv	syn61370552	HC120_HurriedPace.csv	syn61498664	True	text/csv				
/ocean/projects/med260006p/shared/biomedAI/project/replica/data/gait/weargait/CONTROL PARTICIPANTS/CSV files/HC120_HurriedPace_mat.csv	syn61370552	HC120_HurriedPace_mat.csv	syn61498667	True	text/csv				
/ocean/projects/med260006p/shared/biomedAI/project/replica/data/gait/weargait/CONTROL PARTICIPANTS/CSV files/HC120_SelfPace.csv	syn61370552	HC120_SelfPace.csv	syn61498670	True	text/csv				
/ocean/projects/med260006p/shared/biomedAI/project/replica/data/gait/weargait/CONTROL PARTICIPANTS/CSV files/HC120_SelfPace_mat.csv	syn61370552	HC120_SelfPace_mat.csv	syn61498673	True	text/csv				
/ocean/projects/med260006p/shared/biomedAI/project/replica/data/gait/weargait/CONTROL PARTICIPANTS/CSV files/HC120_SelfPace_matTURN.csv	syn61370552	HC120_SelfPace_matTURN.csv	syn61498676	True	text/csv				
/ocean/projects/med260006p/shared/biomedAI/project/replica/data/gait/weargait/CONTROL PARTICIPANTS/CSV files/HC120_TUG.csv	syn61370552	HC120_TUG.csv	syn61498688	True	text/csv				
/ocean/projects/med260006p/shared/biomedAI/project/replica/data/gait/weargait/CONTROL PARTICIPANTS/CSV files/HC120_TandemGait.csv	syn61370552	HC120_TandemGait.csv	syn61498680	True	text/csv				
/ocean/projects/med260006p/shared/biomedAI/project/replica/data/gait/weargait/CONTROL PARTICIPANTS/CSV files/HC121_Balance.csv	syn61370552	HC121_Balance.csv	syn61498706	True	text/csv				
/ocean/projects/med260006p/shared/biomedAI/project/replica/data/gait/weargait/CONTROL PARTICIPANTS/CSV files/HC121_HurriedPace.csv	syn61370552	HC121_HurriedPace.csv	syn61498710	True	text/csv				
/ocean/projects/med260006p/shared/biomedAI/project/replica/data/gait/weargait/CONTROL PARTICIPANTS/CSV files/HC121_HurriedPace_mat.csv	syn61370552	HC121_HurriedPace_mat.csv	syn61498713	True	text/csv				
/ocean/projects/med260006p/shared/biomedAI/project/replica/data/gait/weargait/CONTROL PARTICIPANTS/CSV files/HC121_SelfPace.csv	syn61370552	HC121_SelfPace.csv	syn61498716	True	text/csv				
/ocean/projects/med260006p/shared/biomedAI/project/replica/data/gait/weargait/CONTROL PARTICIPANTS/CSV files/HC121_SelfPace_mat.csv	syn61370552	HC121_SelfPace_mat.csv	syn61498717	True	text/csv				
/ocean/projects/med260006p/shared/biomedAI/project/replica/data/gait/weargait/CONTROL PARTICIPANTS/CSV files/HC121_SelfPace_matTURN.csv	syn61370552	HC121_SelfPace_matTURN.csv	syn61498718	True	text/csv				
/ocean/projects/med260006p/shared/biomedAI/project/replica/data/gait/weargait/CONTROL PARTICIPANTS/CSV files/HC121_TUG.csv	syn61370552	HC121_TUG.csv	syn61498720	True	text/csv				
/ocean/projects/med260006p/shared/biomedAI/project/replica/data/gait/weargait/CONTROL PARTICIPANTS/CSV files/HC121_TandemGait.csv	syn61370552	HC121_TandemGait.csv	syn61498719	True	text/csv				
/ocean/projects/med260006p/shared/biomedAI/project/replica/data/gait/weargait/CONTROL PARTICIPANTS/CSV files/HC122_Balance.csv	syn61370552	HC122_Balance.csv	syn61498721	True	text/csv				
/ocean/projects/med260006p/shared/biomedAI/project/replica/data/gait/weargait/CONTROL PARTICIPANTS/CSV files/HC122_HurriedPace.csv	syn61370552	HC122_HurriedPace.csv	syn61498722	True	text/csv				
/ocean/projects/med260006p/shared/biomedAI/project/replica/data/gait/weargait/CONTROL PARTICIPANTS/CSV files/HC122_HurriedPace_mat.csv	syn61370552	HC122_HurriedPace_mat.csv	syn61498723	True	text/csv				
/ocean/projects/med260006p/shared/biomedAI/project/replica/data/gait/weargait/CONTROL PARTICIPANTS/CSV files/HC122_SelfPace.csv	syn61370552	HC122_SelfPace.csv	syn61498724	True	text/csv				
/ocean/projects/med260006p/shared/biomedAI/project/replica/data/gait/weargait/CONTROL PARTICIPANTS/CSV files/HC122_SelfPace_mat.csv	syn61370552	HC122_SelfPace_mat.csv	syn61498725	True	text/csv				
/ocean/projects/med260006p/shared/biomedAI/project/replica/data/gait/weargait/CONTROL PARTICIPANTS/CSV files/HC122_SelfPace_matTURN.csv	syn61370552	HC122_SelfPace_matTURN.csv	syn61498726	True	text/csv				
/ocean/projects/med260006p/shared/biomedAI/project/replica/data/gait/weargait/CONTROL PARTICIPANTS/CSV files/HC122_TUG.csv	syn61370552	HC122_TUG.csv	syn61498728	True	text/csv				
/ocean/projects/med260006p/shared/biomedAI/project/replica/data/gait/weargait/CONTROL PARTICIPANTS/CSV files/HC122_TandemGait.csv	syn61370552	HC122_TandemGait.csv	syn61498727	True	text/csv				
/ocean/projects/med260006p/shared/biomedAI/project/replica/data/gait/weargait/CONTROL PARTICIPANTS/CSV files/HC123_Balance.csv	syn61370552	HC123_Balance.csv	syn61498729	True	text/csv				
/ocean/projects/med260006p/shared/biomedAI/project/replica/data/gait/weargait/CONTROL PARTICIPANTS/CSV files/HC123_HurriedPace.csv	syn61370552	HC123_HurriedPace.csv	syn61498730	True	text/csv				
/ocean/projects/med260006p/shared/biomedAI/project/replica/data/gait/weargait/CONTROL PARTICIPANTS/CSV files/HC123_HurriedPace_mat.csv	syn61370552	HC123_HurriedPace_mat.csv	syn61498731	True	text/csv				
/ocean/projects/med260006p/shared/biomedAI/project/replica/data/gait/weargait/CONTROL PARTICIPANTS/CSV files/HC123_SelfPace.csv	syn61370552	HC123_SelfPace.csv	syn61498732	True	text/csv				
/ocean/projects/med260006p/shared/biomedAI/project/replica/data/gait/weargait/CONTROL PARTICIPANTS/CSV files/HC123_SelfPace_mat.csv	syn61370552	HC123_SelfPace_mat.csv	syn61498733	True	text/csv				
/ocean/projects/med260006p/shared/biomedAI/project/replica/data/gait/weargait/CONTROL PARTICIPANTS/CSV files/HC123_SelfPace_matTURN.csv	syn61370552	HC123_SelfPace_matTURN.csv	syn61498734	True	text/csv				
/ocean/projects/med260006p/shared/biomedAI/project/replica/data/gait/weargait/CONTROL PARTICIPANTS/CSV files/HC123_TUG.csv	syn61370552	HC123_TUG.csv	syn61498745	True	text/csv				
/ocean/projects/med260006p/shared/biomedAI/project/replica/data/gait/weargait/CONTROL PARTICIPANTS/CSV files/HC123_TandemGait.csv	syn61370552	HC123_TandemGait.csv	syn61498735	True	text/csv				
/ocean/projects/med260006p/shared/biomedAI/project/replica/data/gait/weargait/CONTROL PARTICIPANTS/CSV files/HC124_Balance.csv	syn61370552	HC124_Balance.csv	syn61980763	True	text/csv				
/ocean/projects/med260006p/shared/biomedAI/project/replica/data/gait/weargait/CONTROL PARTICIPANTS/CSV files/HC124_HurriedPace.csv	syn61370552	HC124_HurriedPace.csv	syn61980764	True	text/csv				
/ocean/projects/med260006p/shared/biomedAI/project/replica/data/gait/weargait/CONTROL PARTICIPANTS/CSV files/HC124_HurriedPace_mat.csv	syn61370552	HC124_HurriedPace_mat.csv	syn61980765	True	text/csv				
/ocean/projects/med260006p/shared/biomedAI/project/replica/data/gait/weargait/CONTROL PARTICIPANTS/CSV files/HC124_SelfPace.csv	syn61370552	HC124_SelfPace.csv	syn61980766	True	text/csv				
/ocean/projects/med260006p/shared/biomedAI/project/replica/data/gait/weargait/CONTROL PARTICIPANTS/CSV files/HC124_SelfPace_mat.csv	syn61370552	HC124_SelfPace_mat.csv	syn61980767	True	text/csv				
/ocean/projects/med260006p/shared/biomedAI/project/replica/data/gait/weargait/CONTROL PARTICIPANTS/CSV files/HC124_SelfPace_matTURN.csv	syn61370552	HC124_SelfPace_matTURN.csv	syn61980768	True	text/csv				
/ocean/projects/med260006p/shared/biomedAI/project/replica/data/gait/weargait/CONTROL PARTICIPANTS/CSV files/HC124_TUG.csv	syn61370552	HC124_TUG.csv	syn61980770	True	text/csv				
/ocean/projects/med260006p/shared/biomedAI/project/replica/data/gait/weargait/CONTROL PARTICIPANTS/CSV files/HC124_TandemGait.csv	syn61370552	HC124_TandemGait.csv	syn61980769	True	text/csv				
/ocean/projects/med260006p/shared/biomedAI/project/replica/data/gait/weargait/CONTROL PARTICIPANTS/CSV files/HC125_Balance.csv	syn61370552	HC125_Balance.csv	syn61980771	True	text/csv				
/ocean/projects/med260006p/shared/biomedAI/project/replica/data/gait/weargait/CONTROL PARTICIPANTS/CSV files/HC125_HurriedPace.csv	syn61370552	HC125_HurriedPace.csv	syn61980772	True	text/csv				
/ocean/projects/med260006p/shared/biomedAI/project/replica/data/gait/weargait/CONTROL PARTICIPANTS/CSV files/HC125_HurriedPace_mat.csv	syn61370552	HC125_HurriedPace_mat.csv	syn61980773	True	text/csv				
/ocean/projects/med260006p/shared/biomedAI/project/replica/data/gait/weargait/CONTROL PARTICIPANTS/CSV files/HC125_SelfPace.csv	syn61370552	HC125_SelfPace.csv	syn61980774	True	text/csv				
/ocean/projects/med260006p/shared/biomedAI/project/replica/data/gait/weargait/CONTROL PARTICIPANTS/CSV files/HC125_SelfPace_mat.csv	syn61370552	HC125_SelfPace_mat.csv	syn61980775	True	text/csv				
/ocean/projects/med260006p/shared/biomedAI/project/replica/data/gait/weargait/CONTROL PARTICIPANTS/CSV files/HC125_SelfPace_matTURN.csv	syn61370552	HC125_SelfPace_matTURN.csv	syn61980776	True	text/csv				
/ocean/projects/med260006p/shared/biomedAI/project/replica/data/gait/weargait/CONTROL PARTICIPANTS/CSV files/HC125_TUG.csv	syn61370552	HC125_TUG.csv	syn61980778	True	text/csv				
/ocean/projects/med260006p/shared/biomedAI/project/replica/data/gait/weargait/CONTROL PARTICIPANTS/CSV files/HC125_TandemGait.csv	syn61370552	HC125_TandemGait.csv	syn61980777	True	text/csv				
/ocean/projects/med260006p/shared/biomedAI/project/replica/data/gait/weargait/CONTROL PARTICIPANTS/CSV files/HC126_Balance.csv	syn61370552	HC126_Balance.csv	syn61980779	True	text/csv				
/ocean/projects/med260006p/shared/biomedAI/project/replica/data/gait/weargait/CONTROL PARTICIPANTS/CSV files/HC126_HurriedPace.csv	syn61370552	HC126_HurriedPace.csv	syn61980780	True	text/csv				
/ocean/projects/med260006p/shared/biomedAI/project/replica/data/gait/weargait/CONTROL PARTICIPANTS/CSV files/HC126_HurriedPace_mat.csv	syn61370552	HC126_HurriedPace_mat.csv	syn61980781	True	text/csv				
/ocean/projects/med260006p/shared/biomedAI/project/replica/data/gait/weargait/CONTROL PARTICIPANTS/CSV files/HC126_SelfPace.csv	syn61370552	HC126_SelfPace.csv	syn61980782	True	text/csv				
/ocean/projects/med260006p/shared/biomedAI/project/replica/data/gait/weargait/CONTROL PARTICIPANTS/CSV files/HC126_SelfPace_mat.csv	syn61370552	HC126_SelfPace_mat.csv	syn61980783	True	text/csv				
/ocean/projects/med260006p/shared/biomedAI/project/replica/data/gait/weargait/CONTROL PARTICIPANTS/CSV files/HC126_SelfPace_matTURN.csv	syn61370552	HC126_SelfPace_matTURN.csv	syn61980784	True	text/csv				
/ocean/projects/med260006p/shared/biomedAI/project/replica/data/gait/weargait/CONTROL PARTICIPANTS/CSV files/HC126_TUG.csv	syn61370552	HC126_TUG.csv	syn61980786	True	text/csv				
/ocean/projects/med260006p/shared/biomedAI/project/replica/data/gait/weargait/CONTROL PARTICIPANTS/CSV files/HC126_TandemGait.csv	syn61370552	HC126_TandemGait.csv	syn61980785	True	text/csv				
/ocean/projects/med260006p/shared/biomedAI/project/replica/data/gait/weargait/CONTROL PARTICIPANTS/CSV files/HC127_Balance.csv	syn61370552	HC127_Balance.csv	syn61980788	True	text/csv				
/ocean/projects/med260006p/shared/biomedAI/project/replica/data/gait/weargait/CONTROL PARTICIPANTS/CSV files/HC127_HurriedPace.csv	syn61370552	HC127_HurriedPace.csv	syn61980789	True	text/csv				
/ocean/projects/med260006p/shared/biomedAI/project/replica/data/gait/weargait/CONTROL PARTICIPANTS/CSV files/HC127_HurriedPace_mat.csv	syn61370552	HC127_HurriedPace_mat.csv	syn61980790	True	text/csv				
/ocean/projects/med260006p/shared/biomedAI/project/replica/data/gait/weargait/CONTROL PARTICIPANTS/CSV files/HC127_SelfPace.csv	syn61370552	HC127_SelfPace.csv	syn61980791	True	text/csv				
/ocean/projects/med260006p/shared/biomedAI/project/replica/data/gait/weargait/CONTROL PARTICIPANTS/CSV files/HC127_SelfPace_mat.csv	syn61370552	HC127_SelfPace_mat.csv	syn61980792	True	text/csv				
/ocean/projects/med260006p/shared/biomedAI/project/replica/data/gait/weargait/CONTROL PARTICIPANTS/CSV files/HC127_SelfPace_matTURN.csv	syn61370552	HC127_SelfPace_matTURN.csv	syn61980793	True	text/csv				
/ocean/projects/med260006p/shared/biomedAI/project/replica/data/gait/weargait/CONTROL PARTICIPANTS/CSV files/HC127_TUG.csv	syn61370552	HC127_TUG.csv	syn61980795	True	text/csv				
/ocean/projects/med260006p/shared/biomedAI/project/replica/data/gait/weargait/CONTROL PARTICIPANTS/CSV files/HC127_TandemGait.csv	syn61370552	HC127_TandemGait.csv	syn61980794	True	text/csv				
/ocean/projects/med260006p/shared/biomedAI/project/replica/data/gait/weargait/CONTROL PARTICIPANTS/CSV files/HC128_Balance.csv	syn61370552	HC128_Balance.csv	syn61980802	True	text/csv				
/ocean/projects/med260006p/shared/biomedAI/project/replica/data/gait/weargait/CONTROL PARTICIPANTS/CSV files/HC128_HurriedPace.csv	syn61370552	HC128_HurriedPace.csv	syn61980803	True	text/csv				
/ocean/projects/med260006p/shared/biomedAI/project/replica/data/gait/weargait/CONTROL PARTICIPANTS/CSV files/HC128_HurriedPace_mat.csv	syn61370552	HC128_HurriedPace_mat.csv	syn61980804	True	text/csv				
/ocean/projects/med260006p/shared/biomedAI/project/replica/data/gait/weargait/CONTROL PARTICIPANTS/CSV files/HC128_SelfPace.csv	syn61370552	HC128_SelfPace.csv	syn61980805	True	text/csv				
/ocean/projects/med260006p/shared/biomedAI/project/replica/data/gait/weargait/CONTROL PARTICIPANTS/CSV files/HC128_SelfPace_mat.csv	syn61370552	HC128_SelfPace_mat.csv	syn61980806	True	text/csv				
/ocean/projects/med260006p/shared/biomedAI/project/replica/data/gait/weargait/CONTROL PARTICIPANTS/CSV files/HC128_SelfPace_matTURN.csv	syn61370552	HC128_SelfPace_matTURN.csv	syn61980807	True	text/csv				
/ocean/projects/med260006p/shared/biomedAI/project/replica/data/gait/weargait/CONTROL PARTICIPANTS/CSV files/HC128_TUG.csv	syn61370552	HC128_TUG.csv	syn61980810	True	text/csv				
/ocean/projects/med260006p/shared/biomedAI/project/replica/data/gait/weargait/CONTROL PARTICIPANTS/CSV files/HC128_TandemGait.csv	syn61370552	HC128_TandemGait.csv	syn61980808	True	text/csv				
/ocean/projects/med260006p/shared/biomedAI/project/replica/data/gait/weargait/CONTROL PARTICIPANTS/CSV files/HC129_Balance.csv	syn61370552	HC129_Balance.csv	syn61980811	True	text/csv				
/ocean/projects/med260006p/shared/biomedAI/project/replica/data/gait/weargait/CONTROL PARTICIPANTS/CSV files/HC129_HurriedPace.csv	syn61370552	HC129_HurriedPace.csv	syn61980812	True	text/csv				
/ocean/projects/med260006p/shared/biomedAI/project/replica/data/gait/weargait/CONTROL PARTICIPANTS/CSV files/HC129_HurriedPace_mat.csv	syn61370552	HC129_HurriedPace_mat.csv	syn61980813	True	text/csv				
/ocean/projects/med260006p/shared/biomedAI/project/replica/data/gait/weargait/CONTROL PARTICIPANTS/CSV files/HC129_SelfPace.csv	syn61370552	HC129_SelfPace.csv	syn61980814	True	text/csv				
/ocean/projects/med260006p/shared/biomedAI/project/replica/data/gait/weargait/CONTROL PARTICIPANTS/CSV files/HC129_SelfPace_mat.csv	syn61370552	HC129_SelfPace_mat.csv	syn61980815	True	text/csv				
/ocean/projects/med260006p/shared/biomedAI/project/replica/data/gait/weargait/CONTROL PARTICIPANTS/CSV files/HC129_SelfPace_matTURN.csv	syn61370552	HC129_SelfPace_matTURN.csv	syn61980816	True	text/csv				
/ocean/projects/med260006p/shared/biomedAI/project/replica/data/gait/weargait/CONTROL PARTICIPANTS/CSV files/HC129_TUG.csv	syn61370552	HC129_TUG.csv	syn61980818	True	text/csv				
/ocean/projects/med260006p/shared/biomedAI/project/replica/data/gait/weargait/CONTROL PARTICIPANTS/CSV files/HC129_TandemGait.csv	syn61370552	HC129_TandemGait.csv	syn61980817	True	text/csv				
/ocean/projects/med260006p/shared/biomedAI/project/replica/data/gait/weargait/CONTROL PARTICIPANTS/CSV files/HC130_Balance.csv	syn61370552	HC130_Balance.csv	syn61980821	True	text/csv				
/ocean/projects/med260006p/shared/biomedAI/project/replica/data/gait/weargait/CONTROL PARTICIPANTS/CSV files/HC130_HurriedPace.csv	syn61370552	HC130_HurriedPace.csv	syn61980822	True	text/csv				
/ocean/projects/med260006p/shared/biomedAI/project/replica/data/gait/weargait/CONTROL PARTICIPANTS/CSV files/HC130_HurriedPace_mat.csv	syn61370552	HC130_HurriedPace_mat.csv	syn61980823	True	text/csv				
/ocean/projects/med260006p/shared/biomedAI/project/replica/data/gait/weargait/CONTROL PARTICIPANTS/CSV files/HC130_SelfPace.csv	syn61370552	HC130_SelfPace.csv	syn61980824	True	text/csv				
/ocean/projects/med260006p/shared/biomedAI/project/replica/data/gait/weargait/CONTROL PARTICIPANTS/CSV files/HC130_SelfPace_mat.csv	syn61370552	HC130_SelfPace_mat.csv	syn61980825	True	text/csv				
/ocean/projects/med260006p/shared/biomedAI/project/replica/data/gait/weargait/CONTROL PARTICIPANTS/CSV files/HC130_SelfPace_matTURN.csv	syn61370552	HC130_SelfPace_matTURN.csv	syn61980826	True	text/csv				
/ocean/projects/med260006p/shared/biomedAI/project/replica/data/gait/weargait/CONTROL PARTICIPANTS/CSV files/HC130_TUG.csv	syn61370552	HC130_TUG.csv	syn61980828	True	text/csv				
/ocean/projects/med260006p/shared/biomedAI/project/replica/data/gait/weargait/CONTROL PARTICIPANTS/CSV files/HC130_TandemGait.csv	syn61370552	HC130_TandemGait.csv	syn61980827	True	text/csv				
/ocean/projects/med260006p/shared/biomedAI/project/replica/data/gait/weargait/CONTROL PARTICIPANTS/CSV files/HC132_Balance.csv	syn61370552	HC132_Balance.csv	syn61980829	True	text/csv				
/ocean/projects/med260006p/shared/biomedAI/project/replica/data/gait/weargait/CONTROL PARTICIPANTS/CSV files/HC132_HurriedPace.csv	syn61370552	HC132_HurriedPace.csv	syn61980830	True	text/csv				
/ocean/projects/med260006p/shared/biomedAI/project/replica/data/gait/weargait/CONTROL PARTICIPANTS/CSV files/HC132_HurriedPace_mat.csv	syn61370552	HC132_HurriedPace_mat.csv	syn61980831	True	text/csv				
/ocean/projects/med260006p/shared/biomedAI/project/replica/data/gait/weargait/CONTROL PARTICIPANTS/CSV files/HC132_SelfPace.csv	syn61370552	HC132_SelfPace.csv	syn61980832	True	text/csv				
/ocean/projects/med260006p/shared/biomedAI/project/replica/data/gait/weargait/CONTROL PARTICIPANTS/CSV files/HC132_SelfPace_mat.csv	syn61370552	HC132_SelfPace_mat.csv	syn61980833	True	text/csv				
/ocean/projects/med260006p/shared/biomedAI/project/replica/data/gait/weargait/CONTROL PARTICIPANTS/CSV files/HC132_SelfPace_matTURN.csv	syn61370552	HC132_SelfPace_matTURN.csv	syn61980834	True	text/csv				
/ocean/projects/med260006p/shared/biomedAI/project/replica/data/gait/weargait/CONTROL PARTICIPANTS/CSV files/HC132_TUG.csv	syn61370552	HC132_TUG.csv	syn61980836	True	text/csv				
/ocean/projects/med260006p/shared/biomedAI/project/replica/data/gait/weargait/CONTROL PARTICIPANTS/CSV files/HC132_TandemGait.csv	syn61370552	HC132_TandemGait.csv	syn61980835	True	text/csv				
/ocean/projects/med260006p/shared/biomedAI/project/replica/data/gait/weargait/CONTROL PARTICIPANTS/CSV files/HC133_Balance.csv	syn61370552	HC133_Balance.csv	syn61980839	True	text/csv				
/ocean/projects/med260006p/shared/biomedAI/project/replica/data/gait/weargait/CONTROL PARTICIPANTS/CSV files/HC133_HurriedPace.csv	syn61370552	HC133_HurriedPace.csv	syn61980840	True	text/csv				
/ocean/projects/med260006p/shared/biomedAI/project/replica/data/gait/weargait/CONTROL PARTICIPANTS/CSV files/HC133_HurriedPace_mat.csv	syn61370552	HC133_HurriedPace_mat.csv	syn61980841	True	text/csv				
/ocean/projects/med260006p/shared/biomedAI/project/replica/data/gait/weargait/CONTROL PARTICIPANTS/CSV files/HC133_SelfPace.csv	syn61370552	HC133_SelfPace.csv	syn61980842	True	text/csv				
/ocean/projects/med260006p/shared/biomedAI/project/replica/data/gait/weargait/CONTROL PARTICIPANTS/CSV files/HC133_SelfPace_mat.csv	syn61370552	HC133_SelfPace_mat.csv	syn61980843	True	text/csv				
/ocean/projects/med260006p/shared/biomedAI/project/replica/data/gait/weargait/CONTROL PARTICIPANTS/CSV files/HC133_SelfPace_matTURN.csv	syn61370552	HC133_SelfPace_matTURN.csv	syn61980844	True	text/csv				
/ocean/projects/med260006p/shared/biomedAI/project/replica/data/gait/weargait/CONTROL PARTICIPANTS/CSV files/HC133_TUG.csv	syn61370552	HC133_TUG.csv	syn61980846	True	text/csv				
/ocean/projects/med260006p/shared/biomedAI/project/replica/data/gait/weargait/CONTROL PARTICIPANTS/CSV files/HC133_TandemGait.csv	syn61370552	HC133_TandemGait.csv	syn61980845	True	text/csv				
/ocean/projects/med260006p/shared/biomedAI/project/replica/data/gait/weargait/CONTROL PARTICIPANTS/CSV files/HC134_Balance.csv	syn61370552	HC134_Balance.csv	syn61980849	True	text/csv				
/ocean/projects/med260006p/shared/biomedAI/project/replica/data/gait/weargait/CONTROL PARTICIPANTS/CSV files/HC134_HurriedPace.csv	syn61370552	HC134_HurriedPace.csv	syn61980850	True	text/csv				
/ocean/projects/med260006p/shared/biomedAI/project/replica/data/gait/weargait/CONTROL PARTICIPANTS/CSV files/HC134_HurriedPace_mat.csv	syn61370552	HC134_HurriedPace_mat.csv	syn61980851	True	text/csv				
/ocean/projects/med260006p/shared/biomedAI/project/replica/data/gait/weargait/CONTROL PARTICIPANTS/CSV files/HC134_SelfPace.csv	syn61370552	HC134_SelfPace.csv	syn61980852	True	text/csv				
/ocean/projects/med260006p/shared/biomedAI/project/replica/data/gait/weargait/CONTROL PARTICIPANTS/CSV files/HC134_SelfPace_mat.csv	syn61370552	HC134_SelfPace_mat.csv	syn61980853	True	text/csv				
/ocean/projects/med260006p/shared/biomedAI/project/replica/data/gait/weargait/CONTROL PARTICIPANTS/CSV files/HC134_SelfPace_matTURN.csv	syn61370552	HC134_SelfPace_matTURN.csv	syn61980854	True	text/csv				
/ocean/projects/med260006p/shared/biomedAI/project/replica/data/gait/weargait/CONTROL PARTICIPANTS/CSV files/HC134_TUG.csv	syn61370552	HC134_TUG.csv	syn61980856	True	text/csv				
/ocean/projects/med260006p/shared/biomedAI/project/replica/data/gait/weargait/CONTROL PARTICIPANTS/CSV files/HC134_TandemGait.csv	syn61370552	HC134_TandemGait.csv	syn61980855	True	text/csv				
/ocean/projects/med260006p/shared/biomedAI/project/replica/data/gait/weargait/CONTROL PARTICIPANTS/CSV files/HC135_Balance.csv	syn61370552	HC135_Balance.csv	syn61980858	True	text/csv				
/ocean/projects/med260006p/shared/biomedAI/project/replica/data/gait/weargait/CONTROL PARTICIPANTS/CSV files/HC135_HurriedPace.csv	syn61370552	HC135_HurriedPace.csv	syn61980860	True	text/csv				
/ocean/projects/med260006p/shared/biomedAI/project/replica/data/gait/weargait/CONTROL PARTICIPANTS/CSV files/HC135_HurriedPace_mat.csv	syn61370552	HC135_HurriedPace_mat.csv	syn61980861	True	text/csv				
/ocean/projects/med260006p/shared/biomedAI/project/replica/data/gait/weargait/CONTROL PARTICIPANTS/CSV files/HC135_SelfPace.csv	syn61370552	HC135_SelfPace.csv	syn61980863	True	text/csv				
/ocean/projects/med260006p/shared/biomedAI/project/replica/data/gait/weargait/CONTROL PARTICIPANTS/CSV files/HC135_SelfPace_mat.csv	syn61370552	HC135_SelfPace_mat.csv	syn61980865	True	text/csv				
/ocean/projects/med260006p/shared/biomedAI/project/replica/data/gait/weargait/CONTROL PARTICIPANTS/CSV files/HC135_SelfPace_matTURN.csv	syn61370552	HC135_SelfPace_matTURN.csv	syn61980868	True	text/csv				
/ocean/projects/med260006p/shared/biomedAI/project/replica/data/gait/weargait/CONTROL PARTICIPANTS/CSV files/HC135_TUG.csv	syn61370552	HC135_TUG.csv	syn61980870	True	text/csv				
/ocean/projects/med260006p/shared/biomedAI/project/replica/data/gait/weargait/CONTROL PARTICIPANTS/CSV files/HC135_TandemGait.csv	syn61370552	HC135_TandemGait.csv	syn61980869	True	text/csv				
/ocean/projects/med260006p/shared/biomedAI/project/replica/data/gait/weargait/CONTROL PARTICIPANTS/CSV files/HC136_Balance.csv	syn61370552	HC136_Balance.csv	syn61980871	True	text/csv				
/ocean/projects/med260006p/shared/biomedAI/project/replica/data/gait/weargait/CONTROL PARTICIPANTS/CSV files/HC136_HurriedPace.csv	syn61370552	HC136_HurriedPace.csv	syn61980872	True	text/csv				
/ocean/projects/med260006p/shared/biomedAI/project/replica/data/gait/weargait/CONTROL PARTICIPANTS/CSV files/HC136_HurriedPace_mat.csv	syn61370552	HC136_HurriedPace_mat.csv	syn61980873	True	text/csv				
/ocean/projects/med260006p/shared/biomedAI/project/replica/data/gait/weargait/CONTROL PARTICIPANTS/CSV files/HC136_SelfPace.csv	syn61370552	HC136_SelfPace.csv	syn61980878	True	text/csv				
/ocean/projects/med260006p/shared/biomedAI/project/replica/data/gait/weargait/CONTROL PARTICIPANTS/CSV files/HC136_SelfPace_mat.csv	syn61370552	HC136_SelfPace_mat.csv	syn61980879	True	text/csv				
/ocean/projects/med260006p/shared/biomedAI/project/replica/data/gait/weargait/CONTROL PARTICIPANTS/CSV files/HC136_SelfPace_matTURN.csv	syn61370552	HC136_SelfPace_matTURN.csv	syn61980880	True	text/csv				
/ocean/projects/med260006p/shared/biomedAI/project/replica/data/gait/weargait/CONTROL PARTICIPANTS/CSV files/HC136_TUG.csv	syn61370552	HC136_TUG.csv	syn61980885	True	text/csv				
/ocean/projects/med260006p/shared/biomedAI/project/replica/data/gait/weargait/CONTROL PARTICIPANTS/CSV files/HC136_TandemGait.csv	syn61370552	HC136_TandemGait.csv	syn61980881	True	text/csv				
/ocean/projects/med260006p/shared/biomedAI/project/replica/data/gait/weargait/CONTROL PARTICIPANTS/CSV files/HC137_Balance.csv	syn61370552	HC137_Balance.csv	syn61980886	True	text/csv				
/ocean/projects/med260006p/shared/biomedAI/project/replica/data/gait/weargait/CONTROL PARTICIPANTS/CSV files/HC137_HurriedPace.csv	syn61370552	HC137_HurriedPace.csv	syn61980889	True	text/csv				
/ocean/projects/med260006p/shared/biomedAI/project/replica/data/gait/weargait/CONTROL PARTICIPANTS/CSV files/HC137_HurriedPace_mat.csv	syn61370552	HC137_HurriedPace_mat.csv	syn61980891	True	text/csv				
/ocean/projects/med260006p/shared/biomedAI/project/replica/data/gait/weargait/CONTROL PARTICIPANTS/CSV files/HC137_SelfPace.csv	syn61370552	HC137_SelfPace.csv	syn61980892	True	text/csv				
/ocean/projects/med260006p/shared/biomedAI/project/replica/data/gait/weargait/CONTROL PARTICIPANTS/CSV files/HC137_SelfPace_mat.csv	syn61370552	HC137_SelfPace_mat.csv	syn61980893	True	text/csv				
/ocean/projects/med260006p/shared/biomedAI/project/replica/data/gait/weargait/CONTROL PARTICIPANTS/CSV files/HC137_SelfPace_matTURN.csv	syn61370552	HC137_SelfPace_matTURN.csv	syn61980894	True	text/csv				
/ocean/projects/med260006p/shared/biomedAI/project/replica/data/gait/weargait/CONTROL PARTICIPANTS/CSV files/HC137_TUG.csv	syn61370552	HC137_TUG.csv	syn61980898	True	text/csv				
/ocean/projects/med260006p/shared/biomedAI/project/replica/data/gait/weargait/CONTROL PARTICIPANTS/CSV files/HC137_TandemGait.csv	syn61370552	HC137_TandemGait.csv	syn61980896	True	text/csv				
/ocean/projects/med260006p/shared/biomedAI/project/replica/data/gait/weargait/CONTROL PARTICIPANTS/CSV files/HC138_Balance.csv	syn61370552	HC138_Balance.csv	syn61980899	True	text/csv				
/ocean/projects/med260006p/shared/biomedAI/project/replica/data/gait/weargait/CONTROL PARTICIPANTS/CSV files/HC138_HurriedPace.csv	syn61370552	HC138_HurriedPace.csv	syn61980900	True	text/csv				
/ocean/projects/med260006p/shared/biomedAI/project/replica/data/gait/weargait/CONTROL PARTICIPANTS/CSV files/HC138_HurriedPace_mat.csv	syn61370552	HC138_HurriedPace_mat.csv	syn61980901	True	text/csv				
/ocean/projects/med260006p/shared/biomedAI/project/replica/data/gait/weargait/CONTROL PARTICIPANTS/CSV files/HC138_SelfPace.csv	syn61370552	HC138_SelfPace.csv	syn61980902	True	text/csv				
/ocean/projects/med260006p/shared/biomedAI/project/replica/data/gait/weargait/CONTROL PARTICIPANTS/CSV files/HC138_SelfPace_mat.csv	syn61370552	HC138_SelfPace_mat.csv	syn61980903	True	text/csv				
/ocean/projects/med260006p/shared/biomedAI/project/replica/data/gait/weargait/CONTROL PARTICIPANTS/CSV files/HC138_SelfPace_matTURN.csv	syn61370552	HC138_SelfPace_matTURN.csv	syn61980904	True	text/csv				
/ocean/projects/med260006p/shared/biomedAI/project/replica/data/gait/weargait/CONTROL PARTICIPANTS/CSV files/HC138_TUG.csv	syn61370552	HC138_TUG.csv	syn61980906	True	text/csv				
/ocean/projects/med260006p/shared/biomedAI/project/replica/data/gait/weargait/CONTROL PARTICIPANTS/CSV files/HC138_TandemGait.csv	syn61370552	HC138_TandemGait.csv	syn61980905	True	text/csv				
/ocean/projects/med260006p/shared/biomedAI/project/replica/data/gait/weargait/CONTROL PARTICIPANTS/CSV files/HC139_Balance.csv	syn61370552	HC139_Balance.csv	syn61980907	True	text/csv				
/ocean/projects/med260006p/shared/biomedAI/project/replica/data/gait/weargait/CONTROL PARTICIPANTS/CSV files/HC139_HurriedPace.csv	syn61370552	HC139_HurriedPace.csv	syn61980908	True	text/csv				
/ocean/projects/med260006p/shared/biomedAI/project/replica/data/gait/weargait/CONTROL PARTICIPANTS/CSV files/HC139_HurriedPace_mat.csv	syn61370552	HC139_HurriedPace_mat.csv	syn61980909	True	text/csv				
/ocean/projects/med260006p/shared/biomedAI/project/replica/data/gait/weargait/CONTROL PARTICIPANTS/CSV files/HC139_SelfPace.csv	syn61370552	HC139_SelfPace.csv	syn61980910	True	text/csv				
/ocean/projects/med260006p/shared/biomedAI/project/replica/data/gait/weargait/CONTROL PARTICIPANTS/CSV files/HC139_SelfPace_mat.csv	syn61370552	HC139_SelfPace_mat.csv	syn61980911	True	text/csv				
/ocean/projects/med260006p/shared/biomedAI/project/replica/data/gait/weargait/CONTROL PARTICIPANTS/CSV files/HC139_SelfPace_matTURN.csv	syn61370552	HC139_SelfPace_matTURN.csv	syn61980914	True	text/csv				
/ocean/projects/med260006p/shared/biomedAI/project/replica/data/gait/weargait/CONTROL PARTICIPANTS/CSV files/HC139_TUG.csv	syn61370552	HC139_TUG.csv	syn61980919	True	text/csv				
/ocean/projects/med260006p/shared/biomedAI/project/replica/data/gait/weargait/CONTROL PARTICIPANTS/CSV files/HC139_TandemGait.csv	syn61370552	HC139_TandemGait.csv	syn61980915	True	text/csv				
/ocean/projects/med260006p/shared/biomedAI/project/replica/data/gait/weargait/CONTROL PARTICIPANTS/CSV files/HC140_Balance.csv	syn61370552	HC140_Balance.csv	syn61980920	True	text/csv				
/ocean/projects/med260006p/shared/biomedAI/project/replica/data/gait/weargait/CONTROL PARTICIPANTS/CSV files/HC140_HurriedPace.csv	syn61370552	HC140_HurriedPace.csv	syn61980921	True	text/csv				
/ocean/projects/med260006p/shared/biomedAI/project/replica/data/gait/weargait/CONTROL PARTICIPANTS/CSV files/HC140_HurriedPace_mat.csv	syn61370552	HC140_HurriedPace_mat.csv	syn61980922	True	text/csv				
/ocean/projects/med260006p/shared/biomedAI/project/replica/data/gait/weargait/CONTROL PARTICIPANTS/CSV files/HC140_SelfPace.csv	syn61370552	HC140_SelfPace.csv	syn61980923	True	text/csv				
/ocean/projects/med260006p/shared/biomedAI/project/replica/data/gait/weargait/CONTROL PARTICIPANTS/CSV files/HC140_SelfPace_mat.csv	syn61370552	HC140_SelfPace_mat.csv	syn61980924	True	text/csv				
/ocean/projects/med260006p/shared/biomedAI/project/replica/data/gait/weargait/CONTROL PARTICIPANTS/CSV files/HC140_SelfPace_matTURN.csv	syn61370552	HC140_SelfPace_matTURN.csv	syn61980928	True	text/csv				
/ocean/projects/med260006p/shared/biomedAI/project/replica/data/gait/weargait/CONTROL PARTICIPANTS/CSV files/HC140_TUG.csv	syn61370552	HC140_TUG.csv	syn61980933	True	text/csv				
/ocean/projects/med260006p/shared/biomedAI/project/replica/data/gait/weargait/CONTROL PARTICIPANTS/CSV files/HC140_TandemGait.csv	syn61370552	HC140_TandemGait.csv	syn61980930	True	text/csv				
/ocean/projects/med260006p/shared/biomedAI/project/replica/data/gait/weargait/CONTROL PARTICIPANTS/CSV files/HC141_Balance.csv	syn61370552	HC141_Balance.csv	syn61980936	True	text/csv				
/ocean/projects/med260006p/shared/biomedAI/project/replica/data/gait/weargait/CONTROL PARTICIPANTS/CSV files/HC141_HurriedPace.csv	syn61370552	HC141_HurriedPace.csv	syn61980937	True	text/csv				
/ocean/projects/med260006p/shared/biomedAI/project/replica/data/gait/weargait/CONTROL PARTICIPANTS/CSV files/HC141_HurriedPace_mat.csv	syn61370552	HC141_HurriedPace_mat.csv	syn61980938	True	text/csv				
/ocean/projects/med260006p/shared/biomedAI/project/replica/data/gait/weargait/CONTROL PARTICIPANTS/CSV files/HC141_SelfPace.csv	syn61370552	HC141_SelfPace.csv	syn61980939	True	text/csv				
/ocean/projects/med260006p/shared/biomedAI/project/replica/data/gait/weargait/CONTROL PARTICIPANTS/CSV files/HC141_SelfPace_mat.csv	syn61370552	HC141_SelfPace_mat.csv	syn61980944	True	text/csv				
/ocean/projects/med260006p/shared/biomedAI/project/replica/data/gait/weargait/CONTROL PARTICIPANTS/CSV files/HC141_SelfPace_matTURN.csv	syn61370552	HC141_SelfPace_matTURN.csv	syn61980945	True	text/csv				
/ocean/projects/med260006p/shared/biomedAI/project/replica/data/gait/weargait/CONTROL PARTICIPANTS/CSV files/HC141_TUG.csv	syn61370552	HC141_TUG.csv	syn61980950	True	text/csv				
/ocean/projects/med260006p/shared/biomedAI/project/replica/data/gait/weargait/CONTROL PARTICIPANTS/CSV files/HC141_TandemGait.csv	syn61370552	HC141_TandemGait.csv	syn61980949	True	text/csv				
/ocean/projects/med260006p/shared/biomedAI/project/replica/data/gait/weargait/CONTROL PARTICIPANTS/CSV files/HC142_Balance.csv	syn61370552	HC142_Balance.csv	syn61980953	True	text/csv				
/ocean/projects/med260006p/shared/biomedAI/project/replica/data/gait/weargait/CONTROL PARTICIPANTS/CSV files/HC142_HurriedPace.csv	syn61370552	HC142_HurriedPace.csv	syn61980954	True	text/csv				
/ocean/projects/med260006p/shared/biomedAI/project/replica/data/gait/weargait/CONTROL PARTICIPANTS/CSV files/HC142_HurriedPace_mat.csv	syn61370552	HC142_HurriedPace_mat.csv	syn61980955	True	text/csv				
/ocean/projects/med260006p/shared/biomedAI/project/replica/data/gait/weargait/CONTROL PARTICIPANTS/CSV files/HC142_SelfPace.csv	syn61370552	HC142_SelfPace.csv	syn61980958	True	text/csv				
/ocean/projects/med260006p/shared/biomedAI/project/replica/data/gait/weargait/CONTROL PARTICIPANTS/CSV files/HC142_SelfPace_mat.csv	syn61370552	HC142_SelfPace_mat.csv	syn61980959	True	text/csv				
/ocean/projects/med260006p/shared/biomedAI/project/replica/data/gait/weargait/CONTROL PARTICIPANTS/CSV files/HC142_SelfPace_matTURN.csv	syn61370552	HC142_SelfPace_matTURN.csv	syn61980961	True	text/csv				
/ocean/projects/med260006p/shared/biomedAI/project/replica/data/gait/weargait/CONTROL PARTICIPANTS/CSV files/HC142_TUG.csv	syn61370552	HC142_TUG.csv	syn61980968	True	text/csv				
/ocean/projects/med260006p/shared/biomedAI/project/replica/data/gait/weargait/CONTROL PARTICIPANTS/CSV files/HC142_TandemGait.csv	syn61370552	HC142_TandemGait.csv	syn61980966	True	text/csv				
/ocean/projects/med260006p/shared/biomedAI/project/replica/data/gait/weargait/CONTROL PARTICIPANTS/CSV files/HC143_Balance.csv	syn61370552	HC143_Balance.csv	syn61980969	True	text/csv				
/ocean/projects/med260006p/shared/biomedAI/project/replica/data/gait/weargait/CONTROL PARTICIPANTS/CSV files/HC143_HurriedPace.csv	syn61370552	HC143_HurriedPace.csv	syn61980970	True	text/csv				
/ocean/projects/med260006p/shared/biomedAI/project/replica/data/gait/weargait/CONTROL PARTICIPANTS/CSV files/HC143_HurriedPace_mat.csv	syn61370552	HC143_HurriedPace_mat.csv	syn61980971	True	text/csv				
/ocean/projects/med260006p/shared/biomedAI/project/replica/data/gait/weargait/CONTROL PARTICIPANTS/CSV files/HC143_SelfPace.csv	syn61370552	HC143_SelfPace.csv	syn61980974	True	text/csv				
/ocean/projects/med260006p/shared/biomedAI/project/replica/data/gait/weargait/CONTROL PARTICIPANTS/CSV files/HC143_SelfPace_mat.csv	syn61370552	HC143_SelfPace_mat.csv	syn61980975	True	text/csv				
/ocean/projects/med260006p/shared/biomedAI/project/replica/data/gait/weargait/CONTROL PARTICIPANTS/CSV files/HC143_SelfPace_matTURN.csv	syn61370552	HC143_SelfPace_matTURN.csv	syn61980976	True	text/csv				
/ocean/projects/med260006p/shared/biomedAI/project/replica/data/gait/weargait/CONTROL PARTICIPANTS/CSV files/HC143_TUG.csv	syn61370552	HC143_TUG.csv	syn61980978	True	text/csv				
/ocean/projects/med260006p/shared/biomedAI/project/replica/data/gait/weargait/CONTROL PARTICIPANTS/CSV files/HC143_TandemGait.csv	syn61370552	HC143_TandemGait.csv	syn61980977	True	text/csv				
/ocean/projects/med260006p/shared/biomedAI/project/replica/data/gait/weargait/CONTROL PARTICIPANTS/CSV files/HC144_Balance.csv	syn61370552	HC144_Balance.csv	syn61980981	True	text/csv				
/ocean/projects/med260006p/shared/biomedAI/project/replica/data/gait/weargait/CONTROL PARTICIPANTS/CSV files/HC144_HurriedPace.csv	syn61370552	HC144_HurriedPace.csv	syn61980983	True	text/csv				
/ocean/projects/med260006p/shared/biomedAI/project/replica/data/gait/weargait/CONTROL PARTICIPANTS/CSV files/HC144_HurriedPace_mat.csv	syn61370552	HC144_HurriedPace_mat.csv	syn61980984	True	text/csv				
/ocean/projects/med260006p/shared/biomedAI/project/replica/data/gait/weargait/CONTROL PARTICIPANTS/CSV files/HC144_SelfPace.csv	syn61370552	HC144_SelfPace.csv	syn61980985	True	text/csv				
/ocean/projects/med260006p/shared/biomedAI/project/replica/data/gait/weargait/CONTROL PARTICIPANTS/CSV files/HC144_SelfPace_mat.csv	syn61370552	HC144_SelfPace_mat.csv	syn61980986	True	text/csv				
/ocean/projects/med260006p/shared/biomedAI/project/replica/data/gait/weargait/CONTROL PARTICIPANTS/CSV files/HC144_SelfPace_matTURN.csv	syn61370552	HC144_SelfPace_matTURN.csv	syn61980987	True	text/csv				
/ocean/projects/med260006p/shared/biomedAI/project/replica/data/gait/weargait/CONTROL PARTICIPANTS/CSV files/HC144_TUG.csv	syn61370552	HC144_TUG.csv	syn61980991	True	text/csv				
/ocean/projects/med260006p/shared/biomedAI/project/replica/data/gait/weargait/CONTROL PARTICIPANTS/CSV files/HC144_TandemGait.csv	syn61370552	HC144_TandemGait.csv	syn61980990	True	text/csv				
/ocean/projects/med260006p/shared/biomedAI/project/replica/data/gait/weargait/CONTROL PARTICIPANTS/CSV files/HC145_Balance.csv	syn61370552	HC145_Balance.csv	syn61980992	True	text/csv				
/ocean/projects/med260006p/shared/biomedAI/project/replica/data/gait/weargait/CONTROL PARTICIPANTS/CSV files/HC145_HurriedPace.csv	syn61370552	HC145_HurriedPace.csv	syn61980993	True	text/csv				
/ocean/projects/med260006p/shared/biomedAI/project/replica/data/gait/weargait/CONTROL PARTICIPANTS/CSV files/HC145_HurriedPace_mat.csv	syn61370552	HC145_HurriedPace_mat.csv	syn61980994	True	text/csv				
/ocean/projects/med260006p/shared/biomedAI/project/replica/data/gait/weargait/CONTROL PARTICIPANTS/CSV files/HC145_SelfPace.csv	syn61370552	HC145_SelfPace.csv	syn61980995	True	text/csv				
/ocean/projects/med260006p/shared/biomedAI/project/replica/data/gait/weargait/CONTROL PARTICIPANTS/CSV files/HC145_SelfPace_mat.csv	syn61370552	HC145_SelfPace_mat.csv	syn61980996	True	text/csv				
/ocean/projects/med260006p/shared/biomedAI/project/replica/data/gait/weargait/CONTROL PARTICIPANTS/CSV files/HC145_SelfPace_matTURN.csv	syn61370552	HC145_SelfPace_matTURN.csv	syn61980997	True	text/csv				
/ocean/projects/med260006p/shared/biomedAI/project/replica/data/gait/weargait/CONTROL PARTICIPANTS/CSV files/HC145_TUG.csv	syn61370552	HC145_TUG.csv	syn61980999	True	text/csv				
/ocean/projects/med260006p/shared/biomedAI/project/replica/data/gait/weargait/CONTROL PARTICIPANTS/CSV files/HC145_TandemGait.csv	syn61370552	HC145_TandemGait.csv	syn61980998	True	text/csv				
/ocean/projects/med260006p/shared/biomedAI/project/replica/data/gait/weargait/CONTROL PARTICIPANTS/CSV files/HC147_Balance.csv	syn61370552	HC147_Balance.csv	syn61981000	True	text/csv				
/ocean/projects/med260006p/shared/biomedAI/project/replica/data/gait/weargait/CONTROL PARTICIPANTS/CSV files/HC147_HurriedPace.csv	syn61370552	HC147_HurriedPace.csv	syn61981001	True	text/csv				
/ocean/projects/med260006p/shared/biomedAI/project/replica/data/gait/weargait/CONTROL PARTICIPANTS/CSV files/HC147_HurriedPace_mat.csv	syn61370552	HC147_HurriedPace_mat.csv	syn61981002	True	text/csv				
/ocean/projects/med260006p/shared/biomedAI/project/replica/data/gait/weargait/CONTROL PARTICIPANTS/CSV files/HC147_SelfPace.csv	syn61370552	HC147_SelfPace.csv	syn61981003	True	text/csv				
/ocean/projects/med260006p/shared/biomedAI/project/replica/data/gait/weargait/CONTROL PARTICIPANTS/CSV files/HC147_SelfPace_mat.csv	syn61370552	HC147_SelfPace_mat.csv	syn61981004	True	text/csv				
/ocean/projects/med260006p/shared/biomedAI/project/replica/data/gait/weargait/CONTROL PARTICIPANTS/CSV files/HC147_SelfPace_matTURN.csv	syn61370552	HC147_SelfPace_matTURN.csv	syn61981005	True	text/csv				
/ocean/projects/med260006p/shared/biomedAI/project/replica/data/gait/weargait/CONTROL PARTICIPANTS/CSV files/HC147_TUG.csv	syn61370552	HC147_TUG.csv	syn61981007	True	text/csv				
/ocean/projects/med260006p/shared/biomedAI/project/replica/data/gait/weargait/CONTROL PARTICIPANTS/CSV files/HC147_TandemGait.csv	syn61370552	HC147_TandemGait.csv	syn61981006	True	text/csv				
/ocean/projects/med260006p/shared/biomedAI/project/replica/data/gait/weargait/CONTROL PARTICIPANTS/CSV files/HC148_Balance.csv	syn61370552	HC148_Balance.csv	syn61981008	True	text/csv				
/ocean/projects/med260006p/shared/biomedAI/project/replica/data/gait/weargait/CONTROL PARTICIPANTS/CSV files/HC148_HurriedPace.csv	syn61370552	HC148_HurriedPace.csv	syn61981009	True	text/csv				
/ocean/projects/med260006p/shared/biomedAI/project/replica/data/gait/weargait/CONTROL PARTICIPANTS/CSV files/HC148_HurriedPace_mat.csv	syn61370552	HC148_HurriedPace_mat.csv	syn61981012	True	text/csv				
/ocean/projects/med260006p/shared/biomedAI/project/replica/data/gait/weargait/CONTROL PARTICIPANTS/CSV files/HC148_SelfPace.csv	syn61370552	HC148_SelfPace.csv	syn61981013	True	text/csv				
/ocean/projects/med260006p/shared/biomedAI/project/replica/data/gait/weargait/CONTROL PARTICIPANTS/CSV files/HC148_SelfPace_mat.csv	syn61370552	HC148_SelfPace_mat.csv	syn61981014	True	text/csv				
/ocean/projects/med260006p/shared/biomedAI/project/replica/data/gait/weargait/CONTROL PARTICIPANTS/CSV files/HC148_SelfPace_matTURN.csv	syn61370552	HC148_SelfPace_matTURN.csv	syn61981015	True	text/csv				
/ocean/projects/med260006p/shared/biomedAI/project/replica/data/gait/weargait/CONTROL PARTICIPANTS/CSV files/HC148_TUG.csv	syn61370552	HC148_TUG.csv	syn61981017	True	text/csv				
/ocean/projects/med260006p/shared/biomedAI/project/replica/data/gait/weargait/CONTROL PARTICIPANTS/CSV files/HC148_TandemGait.csv	syn61370552	HC148_TandemGait.csv	syn61981016	True	text/csv				
/ocean/projects/med260006p/shared/biomedAI/project/replica/data/gait/weargait/CONTROL PARTICIPANTS/CSV files/HC149_Balance.csv	syn61370552	HC149_Balance.csv	syn61981018	True	text/csv				
/ocean/projects/med260006p/shared/biomedAI/project/replica/data/gait/weargait/CONTROL PARTICIPANTS/CSV files/HC149_HurriedPace.csv	syn61370552	HC149_HurriedPace.csv	syn61981019	True	text/csv				
/ocean/projects/med260006p/shared/biomedAI/project/replica/data/gait/weargait/CONTROL PARTICIPANTS/CSV files/HC149_HurriedPace_mat.csv	syn61370552	HC149_HurriedPace_mat.csv	syn61981020	True	text/csv				
/ocean/projects/med260006p/shared/biomedAI/project/replica/data/gait/weargait/CONTROL PARTICIPANTS/CSV files/HC149_SelfPace.csv	syn61370552	HC149_SelfPace.csv	syn61981021	True	text/csv				
/ocean/projects/med260006p/shared/biomedAI/project/replica/data/gait/weargait/CONTROL PARTICIPANTS/CSV files/HC149_SelfPace_mat.csv	syn61370552	HC149_SelfPace_mat.csv	syn61981022	True	text/csv				
/ocean/projects/med260006p/shared/biomedAI/project/replica/data/gait/weargait/CONTROL PARTICIPANTS/CSV files/HC149_SelfPace_matTURN.csv	syn61370552	HC149_SelfPace_matTURN.csv	syn61981023	True	text/csv				
/ocean/projects/med260006p/shared/biomedAI/project/replica/data/gait/weargait/CONTROL PARTICIPANTS/CSV files/HC149_TUG.csv	syn61370552	HC149_TUG.csv	syn61981027	True	text/csv				
/ocean/projects/med260006p/shared/biomedAI/project/replica/data/gait/weargait/CONTROL PARTICIPANTS/CSV files/HC149_TandemGait.csv	syn61370552	HC149_TandemGait.csv	syn61981024	True	text/csv				
/ocean/projects/med260006p/shared/biomedAI/project/replica/data/gait/weargait/CONTROL PARTICIPANTS/CSV files/HC150_Balance.csv	syn61370552	HC150_Balance.csv	syn61981032	True	text/csv				
/ocean/projects/med260006p/shared/biomedAI/project/replica/data/gait/weargait/CONTROL PARTICIPANTS/CSV files/HC150_HurriedPace.csv	syn61370552	HC150_HurriedPace.csv	syn61981033	True	text/csv				
/ocean/projects/med260006p/shared/biomedAI/project/replica/data/gait/weargait/CONTROL PARTICIPANTS/CSV files/HC150_HurriedPace_mat.csv	syn61370552	HC150_HurriedPace_mat.csv	syn61981034	True	text/csv				
/ocean/projects/med260006p/shared/biomedAI/project/replica/data/gait/weargait/CONTROL PARTICIPANTS/CSV files/HC150_SelfPace.csv	syn61370552	HC150_SelfPace.csv	syn61981035	True	text/csv				
/ocean/projects/med260006p/shared/biomedAI/project/replica/data/gait/weargait/CONTROL PARTICIPANTS/CSV files/HC150_SelfPace_mat.csv	syn61370552	HC150_SelfPace_mat.csv	syn61981037	True	text/csv				
/ocean/projects/med260006p/shared/biomedAI/project/replica/data/gait/weargait/CONTROL PARTICIPANTS/CSV files/HC150_SelfPace_matTURN.csv	syn61370552	HC150_SelfPace_matTURN.csv	syn61981039	True	text/csv				
/ocean/projects/med260006p/shared/biomedAI/project/replica/data/gait/weargait/CONTROL PARTICIPANTS/CSV files/HC150_TUG.csv	syn61370552	HC150_TUG.csv	syn61981041	True	text/csv				
/ocean/projects/med260006p/shared/biomedAI/project/replica/data/gait/weargait/CONTROL PARTICIPANTS/CSV files/HC150_TandemGait.csv	syn61370552	HC150_TandemGait.csv	syn61981040	True	text/csv				
/ocean/projects/med260006p/shared/biomedAI/project/replica/data/gait/weargait/CONTROL PARTICIPANTS/CSV files/HC151_Balance.csv	syn61370552	HC151_Balance.csv	syn61981042	True	text/csv				
/ocean/projects/med260006p/shared/biomedAI/project/replica/data/gait/weargait/CONTROL PARTICIPANTS/CSV files/HC151_HurriedPace.csv	syn61370552	HC151_HurriedPace.csv	syn61981043	True	text/csv				
/ocean/projects/med260006p/shared/biomedAI/project/replica/data/gait/weargait/CONTROL PARTICIPANTS/CSV files/HC151_HurriedPace_mat.csv	syn61370552	HC151_HurriedPace_mat.csv	syn61981044	True	text/csv				
/ocean/projects/med260006p/shared/biomedAI/project/replica/data/gait/weargait/CONTROL PARTICIPANTS/CSV files/HC151_SelfPace.csv	syn61370552	HC151_SelfPace.csv	syn61981045	True	text/csv				
/ocean/projects/med260006p/shared/biomedAI/project/replica/data/gait/weargait/CONTROL PARTICIPANTS/CSV files/HC151_SelfPace_mat.csv	syn61370552	HC151_SelfPace_mat.csv	syn61981046	True	text/csv				
/ocean/projects/med260006p/shared/biomedAI/project/replica/data/gait/weargait/CONTROL PARTICIPANTS/CSV files/HC151_SelfPace_matTURN.csv	syn61370552	HC151_SelfPace_matTURN.csv	syn61981047	True	text/csv				
/ocean/projects/med260006p/shared/biomedAI/project/replica/data/gait/weargait/CONTROL PARTICIPANTS/CSV files/HC151_TUG.csv	syn61370552	HC151_TUG.csv	syn61981049	True	text/csv				
/ocean/projects/med260006p/shared/biomedAI/project/replica/data/gait/weargait/CONTROL PARTICIPANTS/CSV files/HC151_TandemGait.csv	syn61370552	HC151_TandemGait.csv	syn61981048	True	text/csv				
/ocean/projects/med260006p/shared/biomedAI/project/replica/data/gait/weargait/CONTROL PARTICIPANTS/CSV files/HC153_Balance.csv	syn61370552	HC153_Balance.csv	syn61981050	True	text/csv				
/ocean/projects/med260006p/shared/biomedAI/project/replica/data/gait/weargait/CONTROL PARTICIPANTS/CSV files/HC153_HurriedPace.csv	syn61370552	HC153_HurriedPace.csv	syn61981051	True	text/csv				
/ocean/projects/med260006p/shared/biomedAI/project/replica/data/gait/weargait/CONTROL PARTICIPANTS/CSV files/HC153_HurriedPace_mat.csv	syn61370552	HC153_HurriedPace_mat.csv	syn61981052	True	text/csv				
/ocean/projects/med260006p/shared/biomedAI/project/replica/data/gait/weargait/CONTROL PARTICIPANTS/CSV files/HC153_SelfPace.csv	syn61370552	HC153_SelfPace.csv	syn61981053	True	text/csv				
/ocean/projects/med260006p/shared/biomedAI/project/replica/data/gait/weargait/CONTROL PARTICIPANTS/CSV files/HC153_SelfPace_mat.csv	syn61370552	HC153_SelfPace_mat.csv	syn61981054	True	text/csv				
/ocean/projects/med260006p/shared/biomedAI/project/replica/data/gait/weargait/CONTROL PARTICIPANTS/CSV files/HC153_SelfPace_matTURN.csv	syn61370552	HC153_SelfPace_matTURN.csv	syn61981055	True	text/csv				
/ocean/projects/med260006p/shared/biomedAI/project/replica/data/gait/weargait/CONTROL PARTICIPANTS/CSV files/HC153_TUG.csv	syn61370552	HC153_TUG.csv	syn61981057	True	text/csv				
/ocean/projects/med260006p/shared/biomedAI/project/replica/data/gait/weargait/CONTROL PARTICIPANTS/CSV files/HC153_TandemGait.csv	syn61370552	HC153_TandemGait.csv	syn61981056	True	text/csv				
/ocean/projects/med260006p/shared/biomedAI/project/replica/data/gait/weargait/CONTROL PARTICIPANTS/CSV files/HC154_Balance.csv	syn61370552	HC154_Balance.csv	syn61981058	True	text/csv				
/ocean/projects/med260006p/shared/biomedAI/project/replica/data/gait/weargait/CONTROL PARTICIPANTS/CSV files/HC154_HurriedPace.csv	syn61370552	HC154_HurriedPace.csv	syn61981059	True	text/csv				
/ocean/projects/med260006p/shared/biomedAI/project/replica/data/gait/weargait/CONTROL PARTICIPANTS/CSV files/HC154_HurriedPace_mat.csv	syn61370552	HC154_HurriedPace_mat.csv	syn61981060	True	text/csv				
/ocean/projects/med260006p/shared/biomedAI/project/replica/data/gait/weargait/CONTROL PARTICIPANTS/CSV files/HC154_SelfPace.csv	syn61370552	HC154_SelfPace.csv	syn61981061	True	text/csv				
/ocean/projects/med260006p/shared/biomedAI/project/replica/data/gait/weargait/CONTROL PARTICIPANTS/CSV files/HC154_SelfPace_mat.csv	syn61370552	HC154_SelfPace_mat.csv	syn61981063	True	text/csv				
/ocean/projects/med260006p/shared/biomedAI/project/replica/data/gait/weargait/CONTROL PARTICIPANTS/CSV files/HC154_SelfPace_matTURN.csv	syn61370552	HC154_SelfPace_matTURN.csv	syn61981065	True	text/csv				
/ocean/projects/med260006p/shared/biomedAI/project/replica/data/gait/weargait/CONTROL PARTICIPANTS/CSV files/HC154_TUG.csv	syn61370552	HC154_TUG.csv	syn61981067	True	text/csv				
/ocean/projects/med260006p/shared/biomedAI/project/replica/data/gait/weargait/CONTROL PARTICIPANTS/CSV files/HC154_TandemGait.csv	syn61370552	HC154_TandemGait.csv	syn61981066	True	text/csv				
/ocean/projects/med260006p/shared/biomedAI/project/replica/data/gait/weargait/CONTROL PARTICIPANTS/CSV files/NLS145 (control)_Balance.csv	syn61370552	NLS145 (control)_Balance.csv	syn66528482	True	text/csv				
/ocean/projects/med260006p/shared/biomedAI/project/replica/data/gait/weargait/CONTROL PARTICIPANTS/CSV files/NLS145 (control)_HurriedPace.csv	syn61370552	NLS145 (control)_HurriedPace.csv	syn66528479	True	text/csv				
/ocean/projects/med260006p/shared/biomedAI/project/replica/data/gait/weargait/CONTROL PARTICIPANTS/CSV files/NLS145 (control)_HurriedPace_mat.csv	syn61370552	NLS145 (control)_HurriedPace_mat.csv	syn66528475	True	text/csv				
/ocean/projects/med260006p/shared/biomedAI/project/replica/data/gait/weargait/CONTROL PARTICIPANTS/CSV files/NLS145 (control)_SelfPace.csv	syn61370552	NLS145 (control)_SelfPace.csv	syn66528477	True	text/csv				
/ocean/projects/med260006p/shared/biomedAI/project/replica/data/gait/weargait/CONTROL PARTICIPANTS/CSV files/NLS145 (control)_SelfPace_mat.csv	syn61370552	NLS145 (control)_SelfPace_mat.csv	syn66528476	True	text/csv				
/ocean/projects/med260006p/shared/biomedAI/project/replica/data/gait/weargait/CONTROL PARTICIPANTS/CSV files/NLS145 (control)_SelfPace_matTURN.csv	syn61370552	NLS145 (control)_SelfPace_matTURN.csv	syn66528478	True	text/csv				
/ocean/projects/med260006p/shared/biomedAI/project/replica/data/gait/weargait/CONTROL PARTICIPANTS/CSV files/NLS145 (control)_TUG.csv	syn61370552	NLS145 (control)_TUG.csv	syn66528481	True	text/csv				
/ocean/projects/med260006p/shared/biomedAI/project/replica/data/gait/weargait/CONTROL PARTICIPANTS/CSV files/NLS145 (control)_TandemGait.csv	syn61370552	NLS145 (control)_TandemGait.csv	syn66528480	True	text/csv				
/ocean/projects/med260006p/shared/biomedAI/project/replica/data/gait/weargait/CONTROL PARTICIPANTS/CSV files/NLS193 (control)_Balance.csv	syn61370552	NLS193 (control)_Balance.csv	syn66528483	True	text/csv				
/ocean/projects/med260006p/shared/biomedAI/project/replica/data/gait/weargait/CONTROL PARTICIPANTS/CSV files/NLS193 (control)_HurriedPace.csv	syn61370552	NLS193 (control)_HurriedPace.csv	syn66528484	True	text/csv				
/ocean/projects/med260006p/shared/biomedAI/project/replica/data/gait/weargait/CONTROL PARTICIPANTS/CSV files/NLS193 (control)_HurriedPace_mat.csv	syn61370552	NLS193 (control)_HurriedPace_mat.csv	syn66528485	True	text/csv				
/ocean/projects/med260006p/shared/biomedAI/project/replica/data/gait/weargait/CONTROL PARTICIPANTS/CSV files/NLS193 (control)_SelfPace.csv	syn61370552	NLS193 (control)_SelfPace.csv	syn66528486	True	text/csv				
/ocean/projects/med260006p/shared/biomedAI/project/replica/data/gait/weargait/CONTROL PARTICIPANTS/CSV files/NLS193 (control)_SelfPace_mat.csv	syn61370552	NLS193 (control)_SelfPace_mat.csv	syn66528487	True	text/csv				
/ocean/projects/med260006p/shared/biomedAI/project/replica/data/gait/weargait/CONTROL PARTICIPANTS/CSV files/NLS193 (control)_SelfPace_matTURN.csv	syn61370552	NLS193 (control)_SelfPace_matTURN.csv	syn66528488	True	text/csv				
/ocean/projects/med260006p/shared/biomedAI/project/replica/data/gait/weargait/CONTROL PARTICIPANTS/CSV files/NLS193 (control)_TUG.csv	syn61370552	NLS193 (control)_TUG.csv	syn66528490	True	text/csv				
/ocean/projects/med260006p/shared/biomedAI/project/replica/data/gait/weargait/CONTROL PARTICIPANTS/CSV files/NLS193 (control)_TandemGait.csv	syn61370552	NLS193 (control)_TandemGait.csv	syn66528489	True	text/csv				
/ocean/projects/med260006p/shared/biomedAI/project/replica/data/gait/weargait/CONTROL PARTICIPANTS/CSV files/NLS207 (control)_Balance.csv	syn61370552	NLS207 (control)_Balance.csv	syn66528492	True	text/csv				
/ocean/projects/med260006p/shared/biomedAI/project/replica/data/gait/weargait/CONTROL PARTICIPANTS/CSV files/NLS207 (control)_HurriedPace.csv	syn61370552	NLS207 (control)_HurriedPace.csv	syn66528491	True	text/csv				
/ocean/projects/med260006p/shared/biomedAI/project/replica/data/gait/weargait/CONTROL PARTICIPANTS/CSV files/NLS207 (control)_HurriedPace_mat.csv	syn61370552	NLS207 (control)_HurriedPace_mat.csv	syn66528493	True	text/csv				
/ocean/projects/med260006p/shared/biomedAI/project/replica/data/gait/weargait/CONTROL PARTICIPANTS/CSV files/NLS207 (control)_SelfPace.csv	syn61370552	NLS207 (control)_SelfPace.csv	syn66528495	True	text/csv				
/ocean/projects/med260006p/shared/biomedAI/project/replica/data/gait/weargait/CONTROL PARTICIPANTS/CSV files/NLS207 (control)_SelfPace_mat.csv	syn61370552	NLS207 (control)_SelfPace_mat.csv	syn66528494	True	text/csv				
/ocean/projects/med260006p/shared/biomedAI/project/replica/data/gait/weargait/CONTROL PARTICIPANTS/CSV files/NLS207 (control)_SelfPace_matTURN.csv	syn61370552	NLS207 (control)_SelfPace_matTURN.csv	syn66528496	True	text/csv				
/ocean/projects/med260006p/shared/biomedAI/project/replica/data/gait/weargait/CONTROL PARTICIPANTS/CSV files/NLS207 (control)_TUG.csv	syn61370552	NLS207 (control)_TUG.csv	syn66528497	True	text/csv				
/ocean/projects/med260006p/shared/biomedAI/project/replica/data/gait/weargait/CONTROL PARTICIPANTS/CSV files/NLS207 (control)_TandemGait.csv	syn61370552	NLS207 (control)_TandemGait.csv	syn66528498	True	text/csv				
/ocean/projects/med260006p/shared/biomedAI/project/replica/data/gait/weargait/CONTROL PARTICIPANTS/CSV files/WHC001_Balance.csv	syn61370552	WHC001_Balance.csv	syn61498753	True	text/csv				
/ocean/projects/med260006p/shared/biomedAI/project/replica/data/gait/weargait/CONTROL PARTICIPANTS/CSV files/WHC001_HurriedPace.csv	syn61370552	WHC001_HurriedPace.csv	syn61498755	True	text/csv				
/ocean/projects/med260006p/shared/biomedAI/project/replica/data/gait/weargait/CONTROL PARTICIPANTS/CSV files/WHC001_HurriedPace_mat.csv	syn61370552	WHC001_HurriedPace_mat.csv	syn61498758	True	text/csv				
/ocean/projects/med260006p/shared/biomedAI/project/replica/data/gait/weargait/CONTROL PARTICIPANTS/CSV files/WHC001_SelfPace.csv	syn61370552	WHC001_SelfPace.csv	syn61498760	True	text/csv				
/ocean/projects/med260006p/shared/biomedAI/project/replica/data/gait/weargait/CONTROL PARTICIPANTS/CSV files/WHC001_SelfPace_mat.csv	syn61370552	WHC001_SelfPace_mat.csv	syn61498765	True	text/csv				
/ocean/projects/med260006p/shared/biomedAI/project/replica/data/gait/weargait/CONTROL PARTICIPANTS/CSV files/WHC001_SelfPace_matTURN.csv	syn61370552	WHC001_SelfPace_matTURN.csv	syn61498768	True	text/csv				
/ocean/projects/med260006p/shared/biomedAI/project/replica/data/gait/weargait/CONTROL PARTICIPANTS/CSV files/WHC001_TUG.csv	syn61370552	WHC001_TUG.csv	syn61498776	True	text/csv				
/ocean/projects/med260006p/shared/biomedAI/project/replica/data/gait/weargait/CONTROL PARTICIPANTS/CSV files/WHC001_TandemGait.csv	syn61370552	WHC001_TandemGait.csv	syn61498772	True	text/csv				
/ocean/projects/med260006p/shared/biomedAI/project/replica/data/gait/weargait/CONTROL PARTICIPANTS/CSV files/WHC002_Balance.csv	syn61370552	WHC002_Balance.csv	syn61498780	True	text/csv				
/ocean/projects/med260006p/shared/biomedAI/project/replica/data/gait/weargait/CONTROL PARTICIPANTS/CSV files/WHC002_HurriedPace.csv	syn61370552	WHC002_HurriedPace.csv	syn61498783	True	text/csv				
/ocean/projects/med260006p/shared/biomedAI/project/replica/data/gait/weargait/CONTROL PARTICIPANTS/CSV files/WHC002_HurriedPace_mat.csv	syn61370552	WHC002_HurriedPace_mat.csv	syn61498787	True	text/csv				
/ocean/projects/med260006p/shared/biomedAI/project/replica/data/gait/weargait/CONTROL PARTICIPANTS/CSV files/WHC002_SelfPace.csv	syn61370552	WHC002_SelfPace.csv	syn61498790	True	text/csv				
/ocean/projects/med260006p/shared/biomedAI/project/replica/data/gait/weargait/CONTROL PARTICIPANTS/CSV files/WHC002_SelfPace_mat.csv	syn61370552	WHC002_SelfPace_mat.csv	syn61498793	True	text/csv				
/ocean/projects/med260006p/shared/biomedAI/project/replica/data/gait/weargait/CONTROL PARTICIPANTS/CSV files/WHC002_SelfPace_matTURN.csv	syn61370552	WHC002_SelfPace_matTURN.csv	syn61498797	True	text/csv				
/ocean/projects/med260006p/shared/biomedAI/project/replica/data/gait/weargait/CONTROL PARTICIPANTS/CSV files/WHC002_TUG.csv	syn61370552	WHC002_TUG.csv	syn61498804	True	text/csv				
/ocean/projects/med260006p/shared/biomedAI/project/replica/data/gait/weargait/CONTROL PARTICIPANTS/CSV files/WHC002_TandemGait.csv	syn61370552	WHC002_TandemGait.csv	syn61498800	True	text/csv				
/ocean/projects/med260006p/shared/biomedAI/project/replica/data/gait/weargait/CONTROL PARTICIPANTS/CSV files/WHC003_Balance.csv	syn61370552	WHC003_Balance.csv	syn61498808	True	text/csv				
/ocean/projects/med260006p/shared/biomedAI/project/replica/data/gait/weargait/CONTROL PARTICIPANTS/CSV files/WHC003_HurriedPace.csv	syn61370552	WHC003_HurriedPace.csv	syn61498810	True	text/csv				
/ocean/projects/med260006p/shared/biomedAI/project/replica/data/gait/weargait/CONTROL PARTICIPANTS/CSV files/WHC003_HurriedPace_mat.csv	syn61370552	WHC003_HurriedPace_mat.csv	syn61498813	True	text/csv				
/ocean/projects/med260006p/shared/biomedAI/project/replica/data/gait/weargait/CONTROL PARTICIPANTS/CSV files/WHC003_SelfPace.csv	syn61370552	WHC003_SelfPace.csv	syn61498815	True	text/csv				
/ocean/projects/med260006p/shared/biomedAI/project/replica/data/gait/weargait/CONTROL PARTICIPANTS/CSV files/WHC003_SelfPace_mat.csv	syn61370552	WHC003_SelfPace_mat.csv	syn61498818	True	text/csv				
/ocean/projects/med260006p/shared/biomedAI/project/replica/data/gait/weargait/CONTROL PARTICIPANTS/CSV files/WHC003_SelfPace_matTURN.csv	syn61370552	WHC003_SelfPace_matTURN.csv	syn61498821	True	text/csv				
/ocean/projects/med260006p/shared/biomedAI/project/replica/data/gait/weargait/CONTROL PARTICIPANTS/CSV files/WHC003_TUG.csv	syn61370552	WHC003_TUG.csv	syn61498827	True	text/csv				
/ocean/projects/med260006p/shared/biomedAI/project/replica/data/gait/weargait/CONTROL PARTICIPANTS/CSV files/WHC003_TandemGait.csv	syn61370552	WHC003_TandemGait.csv	syn61498824	True	text/csv				
/ocean/projects/med260006p/shared/biomedAI/project/replica/data/gait/weargait/CONTROL PARTICIPANTS/CSV files/WHC004_Balance.csv	syn61370552	WHC004_Balance.csv	syn61498832	True	text/csv				
/ocean/projects/med260006p/shared/biomedAI/project/replica/data/gait/weargait/CONTROL PARTICIPANTS/CSV files/WHC004_HurriedPace.csv	syn61370552	WHC004_HurriedPace.csv	syn61498834	True	text/csv				
/ocean/projects/med260006p/shared/biomedAI/project/replica/data/gait/weargait/CONTROL PARTICIPANTS/CSV files/WHC004_HurriedPace_mat.csv	syn61370552	WHC004_HurriedPace_mat.csv	syn61498837	True	text/csv				
/ocean/projects/med260006p/shared/biomedAI/project/replica/data/gait/weargait/CONTROL PARTICIPANTS/CSV files/WHC004_SelfPace.csv	syn61370552	WHC004_SelfPace.csv	syn61498840	True	text/csv				
/ocean/projects/med260006p/shared/biomedAI/project/replica/data/gait/weargait/CONTROL PARTICIPANTS/CSV files/WHC004_SelfPace_mat.csv	syn61370552	WHC004_SelfPace_mat.csv	syn61498843	True	text/csv				
/ocean/projects/med260006p/shared/biomedAI/project/replica/data/gait/weargait/CONTROL PARTICIPANTS/CSV files/WHC004_SelfPace_matTURN.csv	syn61370552	WHC004_SelfPace_matTURN.csv	syn61498846	True	text/csv				
/ocean/projects/med260006p/shared/biomedAI/project/replica/data/gait/weargait/CONTROL PARTICIPANTS/CSV files/WHC004_TUG.csv	syn61370552	WHC004_TUG.csv	syn61498853	True	text/csv				
/ocean/projects/med260006p/shared/biomedAI/project/replica/data/gait/weargait/CONTROL PARTICIPANTS/CSV files/WHC004_TandemGait.csv	syn61370552	WHC004_TandemGait.csv	syn61498850	True	text/csv				
/ocean/projects/med260006p/shared/biomedAI/project/replica/data/gait/weargait/CONTROL PARTICIPANTS/CSV files/WHC005_Balance.csv	syn61370552	WHC005_Balance.csv	syn61498857	True	text/csv				
/ocean/projects/med260006p/shared/biomedAI/project/replica/data/gait/weargait/CONTROL PARTICIPANTS/CSV files/WHC005_HurriedPace.csv	syn61370552	WHC005_HurriedPace.csv	syn61498860	True	text/csv				
/ocean/projects/med260006p/shared/biomedAI/project/replica/data/gait/weargait/CONTROL PARTICIPANTS/CSV files/WHC005_HurriedPace_mat.csv	syn61370552	WHC005_HurriedPace_mat.csv	syn61498863	True	text/csv				
/ocean/projects/med260006p/shared/biomedAI/project/replica/data/gait/weargait/CONTROL PARTICIPANTS/CSV files/WHC005_SelfPace.csv	syn61370552	WHC005_SelfPace.csv	syn61498866	True	text/csv				
/ocean/projects/med260006p/shared/biomedAI/project/replica/data/gait/weargait/CONTROL PARTICIPANTS/CSV files/WHC005_SelfPace_mat.csv	syn61370552	WHC005_SelfPace_mat.csv	syn61498869	True	text/csv				
/ocean/projects/med260006p/shared/biomedAI/project/replica/data/gait/weargait/CONTROL PARTICIPANTS/CSV files/WHC005_SelfPace_matTURN.csv	syn61370552	WHC005_SelfPace_matTURN.csv	syn61498872	True	text/csv				
/ocean/projects/med260006p/shared/biomedAI/project/replica/data/gait/weargait/CONTROL PARTICIPANTS/CSV files/WHC005_TUG.csv	syn61370552	WHC005_TUG.csv	syn61498879	True	text/csv				
/ocean/projects/med260006p/shared/biomedAI/project/replica/data/gait/weargait/CONTROL PARTICIPANTS/CSV files/WHC005_TandemGait.csv	syn61370552	WHC005_TandemGait.csv	syn61498876	True	text/csv				
/ocean/projects/med260006p/shared/biomedAI/project/replica/data/gait/weargait/CONTROL PARTICIPANTS/CSV files/WHC006_Balance.csv	syn61370552	WHC006_Balance.csv	syn61498884	True	text/csv				
/ocean/projects/med260006p/shared/biomedAI/project/replica/data/gait/weargait/CONTROL PARTICIPANTS/CSV files/WHC006_HurriedPace.csv	syn61370552	WHC006_HurriedPace.csv	syn61498886	True	text/csv				
/ocean/projects/med260006p/shared/biomedAI/project/replica/data/gait/weargait/CONTROL PARTICIPANTS/CSV files/WHC006_HurriedPace_mat.csv	syn61370552	WHC006_HurriedPace_mat.csv	syn61498889	True	text/csv				
/ocean/projects/med260006p/shared/biomedAI/project/replica/data/gait/weargait/CONTROL PARTICIPANTS/CSV files/WHC006_SelfPace.csv	syn61370552	WHC006_SelfPace.csv	syn61498892	True	text/csv				
/ocean/projects/med260006p/shared/biomedAI/project/replica/data/gait/weargait/CONTROL PARTICIPANTS/CSV files/WHC006_SelfPace_mat.csv	syn61370552	WHC006_SelfPace_mat.csv	syn61498896	True	text/csv				
/ocean/projects/med260006p/shared/biomedAI/project/replica/data/gait/weargait/CONTROL PARTICIPANTS/CSV files/WHC006_SelfPace_matTURN.csv	syn61370552	WHC006_SelfPace_matTURN.csv	syn61498898	True	text/csv				
/ocean/projects/med260006p/shared/biomedAI/project/replica/data/gait/weargait/CONTROL PARTICIPANTS/CSV files/WHC006_TUG.csv	syn61370552	WHC006_TUG.csv	syn61498905	True	text/csv				
/ocean/projects/med260006p/shared/biomedAI/project/replica/data/gait/weargait/CONTROL PARTICIPANTS/CSV files/WHC006_TandemGait.csv	syn61370552	WHC006_TandemGait.csv	syn61498902	True	text/csv				
/ocean/projects/med260006p/shared/biomedAI/project/replica/data/gait/weargait/CONTROL PARTICIPANTS/CSV files/WHC007_Balance.csv	syn61370552	WHC007_Balance.csv	syn61981068	True	text/csv				
/ocean/projects/med260006p/shared/biomedAI/project/replica/data/gait/weargait/CONTROL PARTICIPANTS/CSV files/WHC007_HurriedPace.csv	syn61370552	WHC007_HurriedPace.csv	syn61981069	True	text/csv				
/ocean/projects/med260006p/shared/biomedAI/project/replica/data/gait/weargait/CONTROL PARTICIPANTS/CSV files/WHC007_HurriedPace_mat.csv	syn61370552	WHC007_HurriedPace_mat.csv	syn61981070	True	text/csv				
/ocean/projects/med260006p/shared/biomedAI/project/replica/data/gait/weargait/CONTROL PARTICIPANTS/CSV files/WHC007_SelfPace.csv	syn61370552	WHC007_SelfPace.csv	syn61981071	True	text/csv				
/ocean/projects/med260006p/shared/biomedAI/project/replica/data/gait/weargait/CONTROL PARTICIPANTS/CSV files/WHC007_SelfPace_mat.csv	syn61370552	WHC007_SelfPace_mat.csv	syn61981072	True	text/csv				
/ocean/projects/med260006p/shared/biomedAI/project/replica/data/gait/weargait/CONTROL PARTICIPANTS/CSV files/WHC007_SelfPace_matTURN.csv	syn61370552	WHC007_SelfPace_matTURN.csv	syn61981073	True	text/csv				
/ocean/projects/med260006p/shared/biomedAI/project/replica/data/gait/weargait/CONTROL PARTICIPANTS/CSV files/WHC007_TUG.csv	syn61370552	WHC007_TUG.csv	syn61981075	True	text/csv				
/ocean/projects/med260006p/shared/biomedAI/project/replica/data/gait/weargait/CONTROL PARTICIPANTS/CSV files/WHC007_TandemGait.csv	syn61370552	WHC007_TandemGait.csv	syn61981074	True	text/csv				
/ocean/projects/med260006p/shared/biomedAI/project/replica/data/gait/weargait/CONTROL PARTICIPANTS/CSV files/WHC008_Balance.csv	syn61370552	WHC008_Balance.csv	syn61981076	True	text/csv				
/ocean/projects/med260006p/shared/biomedAI/project/replica/data/gait/weargait/CONTROL PARTICIPANTS/CSV files/WHC008_HurriedPace.csv	syn61370552	WHC008_HurriedPace.csv	syn61981077	True	text/csv				
/ocean/projects/med260006p/shared/biomedAI/project/replica/data/gait/weargait/CONTROL PARTICIPANTS/CSV files/WHC008_HurriedPace_mat.csv	syn61370552	WHC008_HurriedPace_mat.csv	syn61981078	True	text/csv				
/ocean/projects/med260006p/shared/biomedAI/project/replica/data/gait/weargait/CONTROL PARTICIPANTS/CSV files/WHC008_SelfPace.csv	syn61370552	WHC008_SelfPace.csv	syn61981079	True	text/csv				
/ocean/projects/med260006p/shared/biomedAI/project/replica/data/gait/weargait/CONTROL PARTICIPANTS/CSV files/WHC008_SelfPace_mat.csv	syn61370552	WHC008_SelfPace_mat.csv	syn61981080	True	text/csv				
/ocean/projects/med260006p/shared/biomedAI/project/replica/data/gait/weargait/CONTROL PARTICIPANTS/CSV files/WHC008_SelfPace_matTURN.csv	syn61370552	WHC008_SelfPace_matTURN.csv	syn61981081	True	text/csv				
/ocean/projects/med260006p/shared/biomedAI/project/replica/data/gait/weargait/CONTROL PARTICIPANTS/CSV files/WHC008_TUG.csv	syn61370552	WHC008_TUG.csv	syn61981083	True	text/csv				
/ocean/projects/med260006p/shared/biomedAI/project/replica/data/gait/weargait/CONTROL PARTICIPANTS/CSV files/WHC008_TandemGait.csv	syn61370552	WHC008_TandemGait.csv	syn61981082	True	text/csv				
/ocean/projects/med260006p/shared/biomedAI/project/replica/data/gait/weargait/CONTROL PARTICIPANTS/CSV files/WHC009_Balance.csv	syn61370552	WHC009_Balance.csv	syn61981084	True	text/csv				
/ocean/projects/med260006p/shared/biomedAI/project/replica/data/gait/weargait/CONTROL PARTICIPANTS/CSV files/WHC009_HurriedPace.csv	syn61370552	WHC009_HurriedPace.csv	syn61981085	True	text/csv				
/ocean/projects/med260006p/shared/biomedAI/project/replica/data/gait/weargait/CONTROL PARTICIPANTS/CSV files/WHC009_HurriedPace_mat.csv	syn61370552	WHC009_HurriedPace_mat.csv	syn61981086	True	text/csv				
/ocean/projects/med260006p/shared/biomedAI/project/replica/data/gait/weargait/CONTROL PARTICIPANTS/CSV files/WHC009_SelfPace.csv	syn61370552	WHC009_SelfPace.csv	syn61981087	True	text/csv				
/ocean/projects/med260006p/shared/biomedAI/project/replica/data/gait/weargait/CONTROL PARTICIPANTS/CSV files/WHC009_SelfPace_mat.csv	syn61370552	WHC009_SelfPace_mat.csv	syn61981088	True	text/csv				
/ocean/projects/med260006p/shared/biomedAI/project/replica/data/gait/weargait/CONTROL PARTICIPANTS/CSV files/WHC009_SelfPace_matTURN.csv	syn61370552	WHC009_SelfPace_matTURN.csv	syn61981089	True	text/csv				
/ocean/projects/med260006p/shared/biomedAI/project/replica/data/gait/weargait/CONTROL PARTICIPANTS/CSV files/WHC009_TUG.csv	syn61370552	WHC009_TUG.csv	syn61981092	True	text/csv				
/ocean/projects/med260006p/shared/biomedAI/project/replica/data/gait/weargait/CONTROL PARTICIPANTS/CSV files/WHC009_TandemGait.csv	syn61370552	WHC009_TandemGait.csv	syn61981091	True	text/csv				
/ocean/projects/med260006p/shared/biomedAI/project/replica/data/gait/weargait/CONTROL PARTICIPANTS/CSV files/WHC010_Balance.csv	syn61370552	WHC010_Balance.csv	syn61981093	True	text/csv				
/ocean/projects/med260006p/shared/biomedAI/project/replica/data/gait/weargait/CONTROL PARTICIPANTS/CSV files/WHC010_HurriedPace.csv	syn61370552	WHC010_HurriedPace.csv	syn61981094	True	text/csv				
/ocean/projects/med260006p/shared/biomedAI/project/replica/data/gait/weargait/CONTROL PARTICIPANTS/CSV files/WHC010_HurriedPace_mat.csv	syn61370552	WHC010_HurriedPace_mat.csv	syn61981095	True	text/csv				
/ocean/projects/med260006p/shared/biomedAI/project/replica/data/gait/weargait/CONTROL PARTICIPANTS/CSV files/WHC010_SelfPace.csv	syn61370552	WHC010_SelfPace.csv	syn61981096	True	text/csv				
/ocean/projects/med260006p/shared/biomedAI/project/replica/data/gait/weargait/CONTROL PARTICIPANTS/CSV files/WHC010_SelfPace_mat.csv	syn61370552	WHC010_SelfPace_mat.csv	syn61981097	True	text/csv				
/ocean/projects/med260006p/shared/biomedAI/project/replica/data/gait/weargait/CONTROL PARTICIPANTS/CSV files/WHC010_SelfPace_matTURN.csv	syn61370552	WHC010_SelfPace_matTURN.csv	syn61981098	True	text/csv				
/ocean/projects/med260006p/shared/biomedAI/project/replica/data/gait/weargait/CONTROL PARTICIPANTS/CSV files/WHC010_TUG.csv	syn61370552	WHC010_TUG.csv	syn61981100	True	text/csv				
/ocean/projects/med260006p/shared/biomedAI/project/replica/data/gait/weargait/CONTROL PARTICIPANTS/CSV files/WHC010_TandemGait.csv	syn61370552	WHC010_TandemGait.csv	syn61981099	True	text/csv				
/ocean/projects/med260006p/shared/biomedAI/project/replica/data/gait/weargait/CONTROL PARTICIPANTS/CSV files/WHC011_Balance.csv	syn61370552	WHC011_Balance.csv	syn61981102	True	text/csv				
/ocean/projects/med260006p/shared/biomedAI/project/replica/data/gait/weargait/CONTROL PARTICIPANTS/CSV files/WHC011_HurriedPace.csv	syn61370552	WHC011_HurriedPace.csv	syn61981104	True	text/csv				
/ocean/projects/med260006p/shared/biomedAI/project/replica/data/gait/weargait/CONTROL PARTICIPANTS/CSV files/WHC011_HurriedPace_mat.csv	syn61370552	WHC011_HurriedPace_mat.csv	syn61981105	True	text/csv				
/ocean/projects/med260006p/shared/biomedAI/project/replica/data/gait/weargait/CONTROL PARTICIPANTS/CSV files/WHC011_SelfPace.csv	syn61370552	WHC011_SelfPace.csv	syn61981106	True	text/csv				
/ocean/projects/med260006p/shared/biomedAI/project/replica/data/gait/weargait/CONTROL PARTICIPANTS/CSV files/WHC011_SelfPace_mat.csv	syn61370552	WHC011_SelfPace_mat.csv	syn61981109	True	text/csv				
/ocean/projects/med260006p/shared/biomedAI/project/replica/data/gait/weargait/CONTROL PARTICIPANTS/CSV files/WHC011_SelfPace_matTURN.csv	syn61370552	WHC011_SelfPace_matTURN.csv	syn61981110	True	text/csv				
/ocean/projects/med260006p/shared/biomedAI/project/replica/data/gait/weargait/CONTROL PARTICIPANTS/CSV files/WHC011_TUG.csv	syn61370552	WHC011_TUG.csv	syn61981112	True	text/csv				
/ocean/projects/med260006p/shared/biomedAI/project/replica/data/gait/weargait/CONTROL PARTICIPANTS/CSV files/WHC011_TandemGait.csv	syn61370552	WHC011_TandemGait.csv	syn61981111	True	text/csv				
/ocean/projects/med260006p/shared/biomedAI/project/replica/data/gait/weargait/CONTROL PARTICIPANTS/CSV files/WHC012_Balance.csv	syn61370552	WHC012_Balance.csv	syn61981113	True	text/csv				
/ocean/projects/med260006p/shared/biomedAI/project/replica/data/gait/weargait/CONTROL PARTICIPANTS/CSV files/WHC012_HurriedPace.csv	syn61370552	WHC012_HurriedPace.csv	syn61981114	True	text/csv				
/ocean/projects/med260006p/shared/biomedAI/project/replica/data/gait/weargait/CONTROL PARTICIPANTS/CSV files/WHC012_HurriedPace_mat.csv	syn61370552	WHC012_HurriedPace_mat.csv	syn61981115	True	text/csv				
/ocean/projects/med260006p/shared/biomedAI/project/replica/data/gait/weargait/CONTROL PARTICIPANTS/CSV files/WHC012_SelfPace.csv	syn61370552	WHC012_SelfPace.csv	syn61981116	True	text/csv				
/ocean/projects/med260006p/shared/biomedAI/project/replica/data/gait/weargait/CONTROL PARTICIPANTS/CSV files/WHC012_SelfPace_mat.csv	syn61370552	WHC012_SelfPace_mat.csv	syn61981117	True	text/csv				
/ocean/projects/med260006p/shared/biomedAI/project/replica/data/gait/weargait/CONTROL PARTICIPANTS/CSV files/WHC012_SelfPace_matTURN.csv	syn61370552	WHC012_SelfPace_matTURN.csv	syn61981118	True	text/csv				
/ocean/projects/med260006p/shared/biomedAI/project/replica/data/gait/weargait/CONTROL PARTICIPANTS/CSV files/WHC012_TUG.csv	syn61370552	WHC012_TUG.csv	syn61981120	True	text/csv				
/ocean/projects/med260006p/shared/biomedAI/project/replica/data/gait/weargait/CONTROL PARTICIPANTS/CSV files/WHC012_TandemGait.csv	syn61370552	WHC012_TandemGait.csv	syn61981119	True	text/csv				
/ocean/projects/med260006p/shared/biomedAI/project/replica/data/gait/weargait/CONTROL PARTICIPANTS/CSV files/WHC013_Balance.csv	syn61370552	WHC013_Balance.csv	syn63099979	True	text/csv				
/ocean/projects/med260006p/shared/biomedAI/project/replica/data/gait/weargait/CONTROL PARTICIPANTS/CSV files/WHC013_HurriedPace.csv	syn61370552	WHC013_HurriedPace.csv	syn63099980	True	text/csv				
/ocean/projects/med260006p/shared/biomedAI/project/replica/data/gait/weargait/CONTROL PARTICIPANTS/CSV files/WHC013_HurriedPace_mat.csv	syn61370552	WHC013_HurriedPace_mat.csv	syn63099981	True	text/csv				
/ocean/projects/med260006p/shared/biomedAI/project/replica/data/gait/weargait/CONTROL PARTICIPANTS/CSV files/WHC013_SelfPace.csv	syn61370552	WHC013_SelfPace.csv	syn63099982	True	text/csv				
/ocean/projects/med260006p/shared/biomedAI/project/replica/data/gait/weargait/CONTROL PARTICIPANTS/CSV files/WHC013_SelfPace_mat.csv	syn61370552	WHC013_SelfPace_mat.csv	syn63099983	True	text/csv				
/ocean/projects/med260006p/shared/biomedAI/project/replica/data/gait/weargait/CONTROL PARTICIPANTS/CSV files/WHC013_SelfPace_matTURN.csv	syn61370552	WHC013_SelfPace_matTURN.csv	syn63099984	True	text/csv				
/ocean/projects/med260006p/shared/biomedAI/project/replica/data/gait/weargait/CONTROL PARTICIPANTS/CSV files/WHC013_TUG.csv	syn61370552	WHC013_TUG.csv	syn63099986	True	text/csv				
/ocean/projects/med260006p/shared/biomedAI/project/replica/data/gait/weargait/CONTROL PARTICIPANTS/CSV files/WHC013_TandemGait.csv	syn61370552	WHC013_TandemGait.csv	syn63099985	True	text/csv				
/ocean/projects/med260006p/shared/biomedAI/project/replica/data/gait/weargait/CONTROL PARTICIPANTS/CSV files/WHC014_Balance.csv	syn61370552	WHC014_Balance.csv	syn63099987	True	text/csv				
/ocean/projects/med260006p/shared/biomedAI/project/replica/data/gait/weargait/CONTROL PARTICIPANTS/CSV files/WHC014_HurriedPace.csv	syn61370552	WHC014_HurriedPace.csv	syn63099988	True	text/csv				
/ocean/projects/med260006p/shared/biomedAI/project/replica/data/gait/weargait/CONTROL PARTICIPANTS/CSV files/WHC014_HurriedPace_mat.csv	syn61370552	WHC014_HurriedPace_mat.csv	syn63099989	True	text/csv				
/ocean/projects/med260006p/shared/biomedAI/project/replica/data/gait/weargait/CONTROL PARTICIPANTS/CSV files/WHC014_SelfPace.csv	syn61370552	WHC014_SelfPace.csv	syn63099990	True	text/csv				
/ocean/projects/med260006p/shared/biomedAI/project/replica/data/gait/weargait/CONTROL PARTICIPANTS/CSV files/WHC014_SelfPace_mat.csv	syn61370552	WHC014_SelfPace_mat.csv	syn63099991	True	text/csv				
/ocean/projects/med260006p/shared/biomedAI/project/replica/data/gait/weargait/CONTROL PARTICIPANTS/CSV files/WHC014_SelfPace_matTURN.csv	syn61370552	WHC014_SelfPace_matTURN.csv	syn63099992	True	text/csv				
/ocean/projects/med260006p/shared/biomedAI/project/replica/data/gait/weargait/CONTROL PARTICIPANTS/CSV files/WHC014_TUG.csv	syn61370552	WHC014_TUG.csv	syn63099996	True	text/csv				
/ocean/projects/med260006p/shared/biomedAI/project/replica/data/gait/weargait/CONTROL PARTICIPANTS/CSV files/WHC014_TandemGait.csv	syn61370552	WHC014_TandemGait.csv	syn63099994	True	text/csv				
/ocean/projects/med260006p/shared/biomedAI/project/replica/data/gait/weargait/CONTROL PARTICIPANTS/CSV files/WHC015_Balance.csv	syn61370552	WHC015_Balance.csv	syn66528501	True	text/csv				
/ocean/projects/med260006p/shared/biomedAI/project/replica/data/gait/weargait/CONTROL PARTICIPANTS/CSV files/WHC015_HurriedPace.csv	syn61370552	WHC015_HurriedPace.csv	syn66528499	True	text/csv				
/ocean/projects/med260006p/shared/biomedAI/project/replica/data/gait/weargait/CONTROL PARTICIPANTS/CSV files/WHC015_HurriedPace_mat.csv	syn61370552	WHC015_HurriedPace_mat.csv	syn66528500	True	text/csv				
/ocean/projects/med260006p/shared/biomedAI/project/replica/data/gait/weargait/CONTROL PARTICIPANTS/CSV files/WHC015_SelfPace.csv	syn61370552	WHC015_SelfPace.csv	syn66528502	True	text/csv				
/ocean/projects/med260006p/shared/biomedAI/project/replica/data/gait/weargait/CONTROL PARTICIPANTS/CSV files/WHC015_SelfPace_mat.csv	syn61370552	WHC015_SelfPace_mat.csv	syn66528503	True	text/csv				
/ocean/projects/med260006p/shared/biomedAI/project/replica/data/gait/weargait/CONTROL PARTICIPANTS/CSV files/WHC015_SelfPace_matTURN.csv	syn61370552	WHC015_SelfPace_matTURN.csv	syn66528504	True	text/csv				
/ocean/projects/med260006p/shared/biomedAI/project/replica/data/gait/weargait/CONTROL PARTICIPANTS/CSV files/WHC015_TUG.csv	syn61370552	WHC015_TUG.csv	syn66528506	True	text/csv				
/ocean/projects/med260006p/shared/biomedAI/project/replica/data/gait/weargait/CONTROL PARTICIPANTS/CSV files/WHC015_TandemGait.csv	syn61370552	WHC015_TandemGait.csv	syn66528505	True	text/csv				
/ocean/projects/med260006p/shared/biomedAI/project/replica/data/gait/weargait/CONTROL PARTICIPANTS/CSV files/WHC016_Balance.csv	syn61370552	WHC016_Balance.csv	syn66528507	True	text/csv				
/ocean/projects/med260006p/shared/biomedAI/project/replica/data/gait/weargait/CONTROL PARTICIPANTS/CSV files/WHC016_HurriedPace.csv	syn61370552	WHC016_HurriedPace.csv	syn66528508	True	text/csv				
/ocean/projects/med260006p/shared/biomedAI/project/replica/data/gait/weargait/CONTROL PARTICIPANTS/CSV files/WHC016_HurriedPace_mat.csv	syn61370552	WHC016_HurriedPace_mat.csv	syn66528509	True	text/csv				
/ocean/projects/med260006p/shared/biomedAI/project/replica/data/gait/weargait/CONTROL PARTICIPANTS/CSV files/WHC016_SelfPace.csv	syn61370552	WHC016_SelfPace.csv	syn66528510	True	text/csv				
/ocean/projects/med260006p/shared/biomedAI/project/replica/data/gait/weargait/CONTROL PARTICIPANTS/CSV files/WHC016_SelfPace_mat.csv	syn61370552	WHC016_SelfPace_mat.csv	syn66528511	True	text/csv				
/ocean/projects/med260006p/shared/biomedAI/project/replica/data/gait/weargait/CONTROL PARTICIPANTS/CSV files/WHC016_SelfPace_matTURN.csv	syn61370552	WHC016_SelfPace_matTURN.csv	syn66528512	True	text/csv				
/ocean/projects/med260006p/shared/biomedAI/project/replica/data/gait/weargait/CONTROL PARTICIPANTS/CSV files/WHC016_TUG.csv	syn61370552	WHC016_TUG.csv	syn66528514	True	text/csv				
/ocean/projects/med260006p/shared/biomedAI/project/replica/data/gait/weargait/CONTROL PARTICIPANTS/CSV files/WHC016_TandemGait.csv	syn61370552	WHC016_TandemGait.csv	syn66528513	True	text/csv				
/ocean/projects/med260006p/shared/biomedAI/project/replica/data/gait/weargait/CONTROL PARTICIPANTS/CSV files/WHC017_Balance.csv	syn61370552	WHC017_Balance.csv	syn66528515	True	text/csv				
/ocean/projects/med260006p/shared/biomedAI/project/replica/data/gait/weargait/CONTROL PARTICIPANTS/CSV files/WHC017_HurriedPace.csv	syn61370552	WHC017_HurriedPace.csv	syn66528516	True	text/csv				
/ocean/projects/med260006p/shared/biomedAI/project/replica/data/gait/weargait/CONTROL PARTICIPANTS/CSV files/WHC017_HurriedPace_mat.csv	syn61370552	WHC017_HurriedPace_mat.csv	syn66528517	True	text/csv				
/ocean/projects/med260006p/shared/biomedAI/project/replica/data/gait/weargait/CONTROL PARTICIPANTS/CSV files/WHC017_SelfPace.csv	syn61370552	WHC017_SelfPace.csv	syn66528518	True	text/csv				
/ocean/projects/med260006p/shared/biomedAI/project/replica/data/gait/weargait/CONTROL PARTICIPANTS/CSV files/WHC017_SelfPace_mat.csv	syn61370552	WHC017_SelfPace_mat.csv	syn66528519	True	text/csv				
/ocean/projects/med260006p/shared/biomedAI/project/replica/data/gait/weargait/CONTROL PARTICIPANTS/CSV files/WHC017_SelfPace_matTURN.csv	syn61370552	WHC017_SelfPace_matTURN.csv	syn66528520	True	text/csv				
/ocean/projects/med260006p/shared/biomedAI/project/replica/data/gait/weargait/CONTROL PARTICIPANTS/CSV files/WHC017_TUG.csv	syn61370552	WHC017_TUG.csv	syn66528522	True	text/csv				
/ocean/projects/med260006p/shared/biomedAI/project/replica/data/gait/weargait/CONTROL PARTICIPANTS/CSV files/WHC017_TandemGait.csv	syn61370552	WHC017_TandemGait.csv	syn66528521	True	text/csv				
/ocean/projects/med260006p/shared/biomedAI/project/replica/data/gait/weargait/CONTROL PARTICIPANTS/CSV files/WHC018_Balance.csv	syn61370552	WHC018_Balance.csv	syn66528523	True	text/csv				
/ocean/projects/med260006p/shared/biomedAI/project/replica/data/gait/weargait/CONTROL PARTICIPANTS/CSV files/WHC018_HurriedPace.csv	syn61370552	WHC018_HurriedPace.csv	syn66528524	True	text/csv				
/ocean/projects/med260006p/shared/biomedAI/project/replica/data/gait/weargait/CONTROL PARTICIPANTS/CSV files/WHC018_HurriedPace_mat.csv	syn61370552	WHC018_HurriedPace_mat.csv	syn66528525	True	text/csv				
/ocean/projects/med260006p/shared/biomedAI/project/replica/data/gait/weargait/CONTROL PARTICIPANTS/CSV files/WHC018_SelfPace.csv	syn61370552	WHC018_SelfPace.csv	syn66528526	True	text/csv				
/ocean/projects/med260006p/shared/biomedAI/project/replica/data/gait/weargait/CONTROL PARTICIPANTS/CSV files/WHC018_SelfPace_mat.csv	syn61370552	WHC018_SelfPace_mat.csv	syn66528527	True	text/csv				
/ocean/projects/med260006p/shared/biomedAI/project/replica/data/gait/weargait/CONTROL PARTICIPANTS/CSV files/WHC018_SelfPace_matTURN.csv	syn61370552	WHC018_SelfPace_matTURN.csv	syn66528528	True	text/csv				
/ocean/projects/med260006p/shared/biomedAI/project/replica/data/gait/weargait/CONTROL PARTICIPANTS/CSV files/WHC018_TUG.csv	syn61370552	WHC018_TUG.csv	syn66528530	True	text/csv				
/ocean/projects/med260006p/shared/biomedAI/project/replica/data/gait/weargait/CONTROL PARTICIPANTS/CSV files/WHC018_TandemGait.csv	syn61370552	WHC018_TandemGait.csv	syn66528529	True	text/csv				
/ocean/projects/med260006p/shared/biomedAI/project/replica/data/gait/weargait/CONTROL PARTICIPANTS/CSV files/WHC019_Balance.csv	syn61370552	WHC019_Balance.csv	syn66528531	True	text/csv				
/ocean/projects/med260006p/shared/biomedAI/project/replica/data/gait/weargait/CONTROL PARTICIPANTS/CSV files/WHC019_HurriedPace.csv	syn61370552	WHC019_HurriedPace.csv	syn66528532	True	text/csv				
/ocean/projects/med260006p/shared/biomedAI/project/replica/data/gait/weargait/CONTROL PARTICIPANTS/CSV files/WHC019_HurriedPace_mat.csv	syn61370552	WHC019_HurriedPace_mat.csv	syn66528533	True	text/csv				
/ocean/projects/med260006p/shared/biomedAI/project/replica/data/gait/weargait/CONTROL PARTICIPANTS/CSV files/WHC019_SelfPace.csv	syn61370552	WHC019_SelfPace.csv	syn66528535	True	text/csv				
/ocean/projects/med260006p/shared/biomedAI/project/replica/data/gait/weargait/CONTROL PARTICIPANTS/CSV files/WHC019_SelfPace_mat.csv	syn61370552	WHC019_SelfPace_mat.csv	syn66528534	True	text/csv				
/ocean/projects/med260006p/shared/biomedAI/project/replica/data/gait/weargait/CONTROL PARTICIPANTS/CSV files/WHC019_SelfPace_matTURN.csv	syn61370552	WHC019_SelfPace_matTURN.csv	syn66528536	True	text/csv				
/ocean/projects/med260006p/shared/biomedAI/project/replica/data/gait/weargait/CONTROL PARTICIPANTS/CSV files/WHC019_TUG.csv	syn61370552	WHC019_TUG.csv	syn66528538	True	text/csv				
/ocean/projects/med260006p/shared/biomedAI/project/replica/data/gait/weargait/CONTROL PARTICIPANTS/CSV files/WHC019_TandemGait.csv	syn61370552	WHC019_TandemGait.csv	syn66528537	True	text/csv				
/ocean/projects/med260006p/shared/biomedAI/project/replica/data/gait/weargait/CONTROL PARTICIPANTS/CSV files/WHC020_Balance.csv	syn61370552	WHC020_Balance.csv	syn66528541	True	text/csv				
/ocean/projects/med260006p/shared/biomedAI/project/replica/data/gait/weargait/CONTROL PARTICIPANTS/CSV files/WHC020_HurriedPace.csv	syn61370552	WHC020_HurriedPace.csv	syn66528539	True	text/csv				
/ocean/projects/med260006p/shared/biomedAI/project/replica/data/gait/weargait/CONTROL PARTICIPANTS/CSV files/WHC020_HurriedPace_mat.csv	syn61370552	WHC020_HurriedPace_mat.csv	syn66528540	True	text/csv				
/ocean/projects/med260006p/shared/biomedAI/project/replica/data/gait/weargait/CONTROL PARTICIPANTS/CSV files/WHC020_SelfPace.csv	syn61370552	WHC020_SelfPace.csv	syn66528542	True	text/csv				
/ocean/projects/med260006p/shared/biomedAI/project/replica/data/gait/weargait/CONTROL PARTICIPANTS/CSV files/WHC020_SelfPace_mat.csv	syn61370552	WHC020_SelfPace_mat.csv	syn66528543	True	text/csv				
/ocean/projects/med260006p/shared/biomedAI/project/replica/data/gait/weargait/CONTROL PARTICIPANTS/CSV files/WHC020_SelfPace_matTURN.csv	syn61370552	WHC020_SelfPace_matTURN.csv	syn66528544	True	text/csv				
/ocean/projects/med260006p/shared/biomedAI/project/replica/data/gait/weargait/CONTROL PARTICIPANTS/CSV files/WHC020_TUG.csv	syn61370552	WHC020_TUG.csv	syn66528546	True	text/csv				
/ocean/projects/med260006p/shared/biomedAI/project/replica/data/gait/weargait/CONTROL PARTICIPANTS/CSV files/WHC020_TandemGait.csv	syn61370552	WHC020_TandemGait.csv	syn66528545	True	text/csv				
/ocean/projects/med260006p/shared/biomedAI/project/replica/data/gait/weargait/CONTROL PARTICIPANTS/CSV files/WHC021_Balance.csv	syn61370552	WHC021_Balance.csv	syn66528547	True	text/csv				
/ocean/projects/med260006p/shared/biomedAI/project/replica/data/gait/weargait/CONTROL PARTICIPANTS/CSV files/WHC021_HurriedPace.csv	syn61370552	WHC021_HurriedPace.csv	syn66528548	True	text/csv				
/ocean/projects/med260006p/shared/biomedAI/project/replica/data/gait/weargait/CONTROL PARTICIPANTS/CSV files/WHC021_HurriedPace_mat.csv	syn61370552	WHC021_HurriedPace_mat.csv	syn66528549	True	text/csv				
/ocean/projects/med260006p/shared/biomedAI/project/replica/data/gait/weargait/CONTROL PARTICIPANTS/CSV files/WHC021_SelfPace.csv	syn61370552	WHC021_SelfPace.csv	syn66528550	True	text/csv				
/ocean/projects/med260006p/shared/biomedAI/project/replica/data/gait/weargait/CONTROL PARTICIPANTS/CSV files/WHC021_SelfPace_mat.csv	syn61370552	WHC021_SelfPace_mat.csv	syn66528551	True	text/csv				
/ocean/projects/med260006p/shared/biomedAI/project/replica/data/gait/weargait/CONTROL PARTICIPANTS/CSV files/WHC021_SelfPace_matTURN.csv	syn61370552	WHC021_SelfPace_matTURN.csv	syn66528552	True	text/csv				
/ocean/projects/med260006p/shared/biomedAI/project/replica/data/gait/weargait/CONTROL PARTICIPANTS/CSV files/WHC021_TUG.csv	syn61370552	WHC021_TUG.csv	syn66528554	True	text/csv				
/ocean/projects/med260006p/shared/biomedAI/project/replica/data/gait/weargait/CONTROL PARTICIPANTS/CSV files/WHC021_TandemGait.csv	syn61370552	WHC021_TandemGait.csv	syn66528553	True	text/csv				
/ocean/projects/med260006p/shared/biomedAI/project/replica/data/gait/weargait/CONTROL PARTICIPANTS/CSV files/WHC022_Balance.csv	syn61370552	WHC022_Balance.csv	syn66528555	True	text/csv				
/ocean/projects/med260006p/shared/biomedAI/project/replica/data/gait/weargait/CONTROL PARTICIPANTS/CSV files/WHC022_HurriedPace.csv	syn61370552	WHC022_HurriedPace.csv	syn66528556	True	text/csv				
/ocean/projects/med260006p/shared/biomedAI/project/replica/data/gait/weargait/CONTROL PARTICIPANTS/CSV files/WHC022_HurriedPace_mat.csv	syn61370552	WHC022_HurriedPace_mat.csv	syn66528557	True	text/csv				
/ocean/projects/med260006p/shared/biomedAI/project/replica/data/gait/weargait/CONTROL PARTICIPANTS/CSV files/WHC022_SelfPace.csv	syn61370552	WHC022_SelfPace.csv	syn66528558	True	text/csv				
/ocean/projects/med260006p/shared/biomedAI/project/replica/data/gait/weargait/CONTROL PARTICIPANTS/CSV files/WHC022_SelfPace_mat.csv	syn61370552	WHC022_SelfPace_mat.csv	syn66528559	True	text/csv				
/ocean/projects/med260006p/shared/biomedAI/project/replica/data/gait/weargait/CONTROL PARTICIPANTS/CSV files/WHC022_SelfPace_matTURN.csv	syn61370552	WHC022_SelfPace_matTURN.csv	syn66528560	True	text/csv				
/ocean/projects/med260006p/shared/biomedAI/project/replica/data/gait/weargait/CONTROL PARTICIPANTS/CSV files/WHC022_TUG.csv	syn61370552	WHC022_TUG.csv	syn66528562	True	text/csv				
/ocean/projects/med260006p/shared/biomedAI/project/replica/data/gait/weargait/CONTROL PARTICIPANTS/CSV files/WHC022_TandemGait.csv	syn61370552	WHC022_TandemGait.csv	syn66528561	True	text/csv				
/ocean/projects/med260006p/shared/biomedAI/project/replica/data/gait/weargait/CONTROL PARTICIPANTS/CSV files/WHC024_Balance.csv	syn61370552	WHC024_Balance.csv	syn66528563	True	text/csv				
/ocean/projects/med260006p/shared/biomedAI/project/replica/data/gait/weargait/CONTROL PARTICIPANTS/CSV files/WHC024_HurriedPace.csv	syn61370552	WHC024_HurriedPace.csv	syn66528564	True	text/csv				
/ocean/projects/med260006p/shared/biomedAI/project/replica/data/gait/weargait/CONTROL PARTICIPANTS/CSV files/WHC024_HurriedPace_mat.csv	syn61370552	WHC024_HurriedPace_mat.csv	syn66528565	True	text/csv				
/ocean/projects/med260006p/shared/biomedAI/project/replica/data/gait/weargait/CONTROL PARTICIPANTS/CSV files/WHC024_SelfPace.csv	syn61370552	WHC024_SelfPace.csv	syn66528566	True	text/csv				
/ocean/projects/med260006p/shared/biomedAI/project/replica/data/gait/weargait/CONTROL PARTICIPANTS/CSV files/WHC024_SelfPace_mat.csv	syn61370552	WHC024_SelfPace_mat.csv	syn66528567	True	text/csv				
/ocean/projects/med260006p/shared/biomedAI/project/replica/data/gait/weargait/CONTROL PARTICIPANTS/CSV files/WHC024_SelfPace_matTURN.csv	syn61370552	WHC024_SelfPace_matTURN.csv	syn66528568	True	text/csv				
/ocean/projects/med260006p/shared/biomedAI/project/replica/data/gait/weargait/CONTROL PARTICIPANTS/CSV files/WHC024_TUG.csv	syn61370552	WHC024_TUG.csv	syn66528571	True	text/csv				
/ocean/projects/med260006p/shared/biomedAI/project/replica/data/gait/weargait/CONTROL PARTICIPANTS/CSV files/WHC024_TandemGait.csv	syn61370552	WHC024_TandemGait.csv	syn66528569	True	text/csv				
/ocean/projects/med260006p/shared/biomedAI/project/replica/data/gait/weargait/CONTROL PARTICIPANTS/CSV files/WHC025_Balance.csv	syn61370552	WHC025_Balance.csv	syn66528572	True	text/csv				
/ocean/projects/med260006p/shared/biomedAI/project/replica/data/gait/weargait/CONTROL PARTICIPANTS/CSV files/WHC025_HurriedPace.csv	syn61370552	WHC025_HurriedPace.csv	syn66528573	True	text/csv				
/ocean/projects/med260006p/shared/biomedAI/project/replica/data/gait/weargait/CONTROL PARTICIPANTS/CSV files/WHC025_HurriedPace_mat.csv	syn61370552	WHC025_HurriedPace_mat.csv	syn66528574	True	text/csv				
/ocean/projects/med260006p/shared/biomedAI/project/replica/data/gait/weargait/CONTROL PARTICIPANTS/CSV files/WHC025_SelfPace.csv	syn61370552	WHC025_SelfPace.csv	syn66528575	True	text/csv				
/ocean/projects/med260006p/shared/biomedAI/project/replica/data/gait/weargait/CONTROL PARTICIPANTS/CSV files/WHC025_SelfPace_mat.csv	syn61370552	WHC025_SelfPace_mat.csv	syn66528576	True	text/csv				
/ocean/projects/med260006p/shared/biomedAI/project/replica/data/gait/weargait/CONTROL PARTICIPANTS/CSV files/WHC025_SelfPace_matTURN.csv	syn61370552	WHC025_SelfPace_matTURN.csv	syn66528578	True	text/csv				
/ocean/projects/med260006p/shared/biomedAI/project/replica/data/gait/weargait/CONTROL PARTICIPANTS/CSV files/WHC025_TUG.csv	syn61370552	WHC025_TUG.csv	syn66528580	True	text/csv				
/ocean/projects/med260006p/shared/biomedAI/project/replica/data/gait/weargait/CONTROL PARTICIPANTS/CSV files/WHC025_TandemGait.csv	syn61370552	WHC025_TandemGait.csv	syn66528579	True	text/csv				
/ocean/projects/med260006p/shared/biomedAI/project/replica/data/gait/weargait/CONTROL PARTICIPANTS/CSV files/WHC026_Balance.csv	syn61370552	WHC026_Balance.csv	syn66528581	True	text/csv				
/ocean/projects/med260006p/shared/biomedAI/project/replica/data/gait/weargait/CONTROL PARTICIPANTS/CSV files/WHC026_HurriedPace.csv	syn61370552	WHC026_HurriedPace.csv	syn66528582	True	text/csv				
/ocean/projects/med260006p/shared/biomedAI/project/replica/data/gait/weargait/CONTROL PARTICIPANTS/CSV files/WHC026_HurriedPace_mat.csv	syn61370552	WHC026_HurriedPace_mat.csv	syn66528583	True	text/csv				
/ocean/projects/med260006p/shared/biomedAI/project/replica/data/gait/weargait/CONTROL PARTICIPANTS/CSV files/WHC026_SelfPace.csv	syn61370552	WHC026_SelfPace.csv	syn66528585	True	text/csv				
/ocean/projects/med260006p/shared/biomedAI/project/replica/data/gait/weargait/CONTROL PARTICIPANTS/CSV files/WHC026_SelfPace_mat.csv	syn61370552	WHC026_SelfPace_mat.csv	syn66528586	True	text/csv				
/ocean/projects/med260006p/shared/biomedAI/project/replica/data/gait/weargait/CONTROL PARTICIPANTS/CSV files/WHC026_SelfPace_matTURN.csv	syn61370552	WHC026_SelfPace_matTURN.csv	syn66528587	True	text/csv				
/ocean/projects/med260006p/shared/biomedAI/project/replica/data/gait/weargait/CONTROL PARTICIPANTS/CSV files/WHC026_TUG.csv	syn61370552	WHC026_TUG.csv	syn66528589	True	text/csv				
/ocean/projects/med260006p/shared/biomedAI/project/replica/data/gait/weargait/CONTROL PARTICIPANTS/CSV files/WHC026_TandemGait.csv	syn61370552	WHC026_TandemGait.csv	syn66528588	True	text/csv				
/ocean/projects/med260006p/shared/biomedAI/project/replica/data/gait/weargait/CONTROL PARTICIPANTS/CSV files/WHC027_Balance.csv	syn61370552	WHC027_Balance.csv	syn66528590	True	text/csv				
/ocean/projects/med260006p/shared/biomedAI/project/replica/data/gait/weargait/CONTROL PARTICIPANTS/CSV files/WHC027_HurriedPace.csv	syn61370552	WHC027_HurriedPace.csv	syn66528591	True	text/csv				
/ocean/projects/med260006p/shared/biomedAI/project/replica/data/gait/weargait/CONTROL PARTICIPANTS/CSV files/WHC027_HurriedPace_mat.csv	syn61370552	WHC027_HurriedPace_mat.csv	syn66528593	True	text/csv				
/ocean/projects/med260006p/shared/biomedAI/project/replica/data/gait/weargait/CONTROL PARTICIPANTS/CSV files/WHC027_SelfPace.csv	syn61370552	WHC027_SelfPace.csv	syn66528592	True	text/csv				
/ocean/projects/med260006p/shared/biomedAI/project/replica/data/gait/weargait/CONTROL PARTICIPANTS/CSV files/WHC027_SelfPace_mat.csv	syn61370552	WHC027_SelfPace_mat.csv	syn66528594	True	text/csv				
/ocean/projects/med260006p/shared/biomedAI/project/replica/data/gait/weargait/CONTROL PARTICIPANTS/CSV files/WHC027_SelfPace_matTURN.csv	syn61370552	WHC027_SelfPace_matTURN.csv	syn66528595	True	text/csv				
/ocean/projects/med260006p/shared/biomedAI/project/replica/data/gait/weargait/CONTROL PARTICIPANTS/CSV files/WHC027_TUG.csv	syn61370552	WHC027_TUG.csv	syn66528597	True	text/csv				
/ocean/projects/med260006p/shared/biomedAI/project/replica/data/gait/weargait/CONTROL PARTICIPANTS/CSV files/WHC027_TandemGait.csv	syn61370552	WHC027_TandemGait.csv	syn66528596	True	text/csv				
/ocean/projects/med260006p/shared/biomedAI/project/replica/data/gait/weargait/CONTROL PARTICIPANTS/CSV files/WHC029_Balance.csv	syn61370552	WHC029_Balance.csv	syn66528598	True	text/csv				
/ocean/projects/med260006p/shared/biomedAI/project/replica/data/gait/weargait/CONTROL PARTICIPANTS/CSV files/WHC029_HurriedPace.csv	syn61370552	WHC029_HurriedPace.csv	syn66528599	True	text/csv				
/ocean/projects/med260006p/shared/biomedAI/project/replica/data/gait/weargait/CONTROL PARTICIPANTS/CSV files/WHC029_HurriedPace_mat.csv	syn61370552	WHC029_HurriedPace_mat.csv	syn66528600	True	text/csv				
/ocean/projects/med260006p/shared/biomedAI/project/replica/data/gait/weargait/CONTROL PARTICIPANTS/CSV files/WHC029_SelfPace.csv	syn61370552	WHC029_SelfPace.csv	syn66528601	True	text/csv				
/ocean/projects/med260006p/shared/biomedAI/project/replica/data/gait/weargait/CONTROL PARTICIPANTS/CSV files/WHC029_SelfPace_mat.csv	syn61370552	WHC029_SelfPace_mat.csv	syn66528602	True	text/csv				
/ocean/projects/med260006p/shared/biomedAI/project/replica/data/gait/weargait/CONTROL PARTICIPANTS/CSV files/WHC029_SelfPace_matTURN.csv	syn61370552	WHC029_SelfPace_matTURN.csv	syn66528603	True	text/csv				
/ocean/projects/med260006p/shared/biomedAI/project/replica/data/gait/weargait/CONTROL PARTICIPANTS/CSV files/WHC029_TUG.csv	syn61370552	WHC029_TUG.csv	syn66528605	True	text/csv				
/ocean/projects/med260006p/shared/biomedAI/project/replica/data/gait/weargait/CONTROL PARTICIPANTS/CSV files/WHC029_TandemGait.csv	syn61370552	WHC029_TandemGait.csv	syn66528604	True	text/csv				
/ocean/projects/med260006p/shared/biomedAI/project/replica/data/gait/weargait/CONTROL PARTICIPANTS/CSV files/WHC030_Balance.csv	syn61370552	WHC030_Balance.csv	syn66528610	True	text/csv				
/ocean/projects/med260006p/shared/biomedAI/project/replica/data/gait/weargait/CONTROL PARTICIPANTS/CSV files/WHC030_HurriedPace.csv	syn61370552	WHC030_HurriedPace.csv	syn66528606	True	text/csv				
/ocean/projects/med260006p/shared/biomedAI/project/replica/data/gait/weargait/CONTROL PARTICIPANTS/CSV files/WHC030_HurriedPace_mat.csv	syn61370552	WHC030_HurriedPace_mat.csv	syn66528607	True	text/csv				
/ocean/projects/med260006p/shared/biomedAI/project/replica/data/gait/weargait/CONTROL PARTICIPANTS/CSV files/WHC030_SelfPace.csv	syn61370552	WHC030_SelfPace.csv	syn66528608	True	text/csv				
/ocean/projects/med260006p/shared/biomedAI/project/replica/data/gait/weargait/CONTROL PARTICIPANTS/CSV files/WHC030_SelfPace_mat.csv	syn61370552	WHC030_SelfPace_mat.csv	syn66528609	True	text/csv				
/ocean/projects/med260006p/shared/biomedAI/project/replica/data/gait/weargait/CONTROL PARTICIPANTS/CSV files/WHC030_SelfPace_matTURN.csv	syn61370552	WHC030_SelfPace_matTURN.csv	syn66528612	True	text/csv				
/ocean/projects/med260006p/shared/biomedAI/project/replica/data/gait/weargait/CONTROL PARTICIPANTS/CSV files/WHC030_TUG.csv	syn61370552	WHC030_TUG.csv	syn66528614	True	text/csv				
/ocean/projects/med260006p/shared/biomedAI/project/replica/data/gait/weargait/CONTROL PARTICIPANTS/CSV files/WHC030_TandemGait.csv	syn61370552	WHC030_TandemGait.csv	syn66528613	True	text/csv				
/ocean/projects/med260006p/shared/biomedAI/project/replica/data/gait/weargait/CONTROL PARTICIPANTS/CSV files/WHC031_Balance.csv	syn61370552	WHC031_Balance.csv	syn66528615	True	text/csv				
/ocean/projects/med260006p/shared/biomedAI/project/replica/data/gait/weargait/CONTROL PARTICIPANTS/CSV files/WHC031_HurriedPace.csv	syn61370552	WHC031_HurriedPace.csv	syn66528616	True	text/csv				
/ocean/projects/med260006p/shared/biomedAI/project/replica/data/gait/weargait/CONTROL PARTICIPANTS/CSV files/WHC031_HurriedPace_mat.csv	syn61370552	WHC031_HurriedPace_mat.csv	syn66528617	True	text/csv				
/ocean/projects/med260006p/shared/biomedAI/project/replica/data/gait/weargait/CONTROL PARTICIPANTS/CSV files/WHC031_SelfPace.csv	syn61370552	WHC031_SelfPace.csv	syn66528618	True	text/csv				
/ocean/projects/med260006p/shared/biomedAI/project/replica/data/gait/weargait/CONTROL PARTICIPANTS/CSV files/WHC031_SelfPace_mat.csv	syn61370552	WHC031_SelfPace_mat.csv	syn66528619	True	text/csv				
/ocean/projects/med260006p/shared/biomedAI/project/replica/data/gait/weargait/CONTROL PARTICIPANTS/CSV files/WHC031_SelfPace_matTURN.csv	syn61370552	WHC031_SelfPace_matTURN.csv	syn66528621	True	text/csv				
/ocean/projects/med260006p/shared/biomedAI/project/replica/data/gait/weargait/CONTROL PARTICIPANTS/CSV files/WHC031_TUG.csv	syn61370552	WHC031_TUG.csv	syn66528623	True	text/csv				
/ocean/projects/med260006p/shared/biomedAI/project/replica/data/gait/weargait/CONTROL PARTICIPANTS/CSV files/WHC031_TandemGait.csv	syn61370552	WHC031_TandemGait.csv	syn66528622	True	text/csv				
/ocean/projects/med260006p/shared/biomedAI/project/replica/data/gait/weargait/CONTROL PARTICIPANTS/CSV files/WHC032_Balance.csv	syn61370552	WHC032_Balance.csv	syn66528625	True	text/csv				
/ocean/projects/med260006p/shared/biomedAI/project/replica/data/gait/weargait/CONTROL PARTICIPANTS/CSV files/WHC032_HurriedPace.csv	syn61370552	WHC032_HurriedPace.csv	syn66528626	True	text/csv				
/ocean/projects/med260006p/shared/biomedAI/project/replica/data/gait/weargait/CONTROL PARTICIPANTS/CSV files/WHC032_HurriedPace_mat.csv	syn61370552	WHC032_HurriedPace_mat.csv	syn66528627	True	text/csv				
/ocean/projects/med260006p/shared/biomedAI/project/replica/data/gait/weargait/CONTROL PARTICIPANTS/CSV files/WHC032_SelfPace.csv	syn61370552	WHC032_SelfPace.csv	syn66528629	True	text/csv				
/ocean/projects/med260006p/shared/biomedAI/project/replica/data/gait/weargait/CONTROL PARTICIPANTS/CSV files/WHC032_SelfPace_mat.csv	syn61370552	WHC032_SelfPace_mat.csv	syn66528628	True	text/csv				
/ocean/projects/med260006p/shared/biomedAI/project/replica/data/gait/weargait/CONTROL PARTICIPANTS/CSV files/WHC032_SelfPace_matTURN.csv	syn61370552	WHC032_SelfPace_matTURN.csv	syn66528630	True	text/csv				
/ocean/projects/med260006p/shared/biomedAI/project/replica/data/gait/weargait/CONTROL PARTICIPANTS/CSV files/WHC032_TUG.csv	syn61370552	WHC032_TUG.csv	syn66528632	True	text/csv				
/ocean/projects/med260006p/shared/biomedAI/project/replica/data/gait/weargait/CONTROL PARTICIPANTS/CSV files/WHC032_TandemGait.csv	syn61370552	WHC032_TandemGait.csv	syn66528631	True	text/csv				
/ocean/projects/med260006p/shared/biomedAI/project/replica/data/gait/weargait/CONTROL PARTICIPANTS/CSV files/WHC033_Balance.csv	syn61370552	WHC033_Balance.csv	syn66528634	True	text/csv				
/ocean/projects/med260006p/shared/biomedAI/project/replica/data/gait/weargait/CONTROL PARTICIPANTS/CSV files/WHC033_HurriedPace.csv	syn61370552	WHC033_HurriedPace.csv	syn66528635	True	text/csv				
/ocean/projects/med260006p/shared/biomedAI/project/replica/data/gait/weargait/CONTROL PARTICIPANTS/CSV files/WHC033_HurriedPace_mat.csv	syn61370552	WHC033_HurriedPace_mat.csv	syn66528636	True	text/csv				
/ocean/projects/med260006p/shared/biomedAI/project/replica/data/gait/weargait/CONTROL PARTICIPANTS/CSV files/WHC033_SelfPace.csv	syn61370552	WHC033_SelfPace.csv	syn66528637	True	text/csv				
/ocean/projects/med260006p/shared/biomedAI/project/replica/data/gait/weargait/CONTROL PARTICIPANTS/CSV files/WHC033_SelfPace_mat.csv	syn61370552	WHC033_SelfPace_mat.csv	syn66528638	True	text/csv				
/ocean/projects/med260006p/shared/biomedAI/project/replica/data/gait/weargait/CONTROL PARTICIPANTS/CSV files/WHC033_SelfPace_matTURN.csv	syn61370552	WHC033_SelfPace_matTURN.csv	syn66528639	True	text/csv				
/ocean/projects/med260006p/shared/biomedAI/project/replica/data/gait/weargait/CONTROL PARTICIPANTS/CSV files/WHC033_TUG.csv	syn61370552	WHC033_TUG.csv	syn66528641	True	text/csv				
/ocean/projects/med260006p/shared/biomedAI/project/replica/data/gait/weargait/CONTROL PARTICIPANTS/CSV files/WHC033_TandemGait.csv	syn61370552	WHC033_TandemGait.csv	syn66528640	True	text/csv				
/ocean/projects/med260006p/shared/biomedAI/project/replica/data/gait/weargait/CONTROL PARTICIPANTS/MAT files/HC100.mat	syn61370555	HC100.mat	syn61496687	True	application/octet-stream				
/ocean/projects/med260006p/shared/biomedAI/project/replica/data/gait/weargait/CONTROL PARTICIPANTS/MAT files/HC101.mat	syn61370555	HC101.mat	syn61496688	True	application/octet-stream				
/ocean/projects/med260006p/shared/biomedAI/project/replica/data/gait/weargait/CONTROL PARTICIPANTS/MAT files/HC102.mat	syn61370555	HC102.mat	syn61496689	True	application/octet-stream				
/ocean/projects/med260006p/shared/biomedAI/project/replica/data/gait/weargait/CONTROL PARTICIPANTS/MAT files/HC103.mat	syn61370555	HC103.mat	syn61496690	True	application/octet-stream				
/ocean/projects/med260006p/shared/biomedAI/project/replica/data/gait/weargait/CONTROL PARTICIPANTS/MAT files/HC104.mat	syn61370555	HC104.mat	syn61496691	True	application/octet-stream				
/ocean/projects/med260006p/shared/biomedAI/project/replica/data/gait/weargait/CONTROL PARTICIPANTS/MAT files/HC105.mat	syn61370555	HC105.mat	syn61496694	True	application/octet-stream				
/ocean/projects/med260006p/shared/biomedAI/project/replica/data/gait/weargait/CONTROL PARTICIPANTS/MAT files/HC106.mat	syn61370555	HC106.mat	syn61496695	True	application/octet-stream				
/ocean/projects/med260006p/shared/biomedAI/project/replica/data/gait/weargait/CONTROL PARTICIPANTS/MAT files/HC107.mat	syn61370555	HC107.mat	syn61496696	True	application/octet-stream				
/ocean/projects/med260006p/shared/biomedAI/project/replica/data/gait/weargait/CONTROL PARTICIPANTS/MAT files/HC108.mat	syn61370555	HC108.mat	syn61496697	True	application/octet-stream				
/ocean/projects/med260006p/shared/biomedAI/project/replica/data/gait/weargait/CONTROL PARTICIPANTS/MAT files/HC109.mat	syn61370555	HC109.mat	syn61496698	True	application/octet-stream				
/ocean/projects/med260006p/shared/biomedAI/project/replica/data/gait/weargait/CONTROL PARTICIPANTS/MAT files/HC110.mat	syn61370555	HC110.mat	syn61496699	True	application/octet-stream				
/ocean/projects/med260006p/shared/biomedAI/project/replica/data/gait/weargait/CONTROL PARTICIPANTS/MAT files/HC111.mat	syn61370555	HC111.mat	syn61496700	True	application/octet-stream				
/ocean/projects/med260006p/shared/biomedAI/project/replica/data/gait/weargait/CONTROL PARTICIPANTS/MAT files/HC112.mat	syn61370555	HC112.mat	syn61496701	True	application/octet-stream				
/ocean/projects/med260006p/shared/biomedAI/project/replica/data/gait/weargait/CONTROL PARTICIPANTS/MAT files/HC113.mat	syn61370555	HC113.mat	syn61496704	True	application/octet-stream				
/ocean/projects/med260006p/shared/biomedAI/project/replica/data/gait/weargait/CONTROL PARTICIPANTS/MAT files/HC114.mat	syn61370555	HC114.mat	syn61496705	True	application/octet-stream				
/ocean/projects/med260006p/shared/biomedAI/project/replica/data/gait/weargait/CONTROL PARTICIPANTS/MAT files/HC115.mat	syn61370555	HC115.mat	syn61496708	True	application/octet-stream				
/ocean/projects/med260006p/shared/biomedAI/project/replica/data/gait/weargait/CONTROL PARTICIPANTS/MAT files/HC116.mat	syn61370555	HC116.mat	syn61496709	True	application/octet-stream				
/ocean/projects/med260006p/shared/biomedAI/project/replica/data/gait/weargait/CONTROL PARTICIPANTS/MAT files/HC117.mat	syn61370555	HC117.mat	syn61496710	True	application/octet-stream				
/ocean/projects/med260006p/shared/biomedAI/project/replica/data/gait/weargait/CONTROL PARTICIPANTS/MAT files/HC118.mat	syn61370555	HC118.mat	syn61496715	True	application/octet-stream				
/ocean/projects/med260006p/shared/biomedAI/project/replica/data/gait/weargait/CONTROL PARTICIPANTS/MAT files/HC120.mat	syn61370555	HC120.mat	syn61496716	True	application/octet-stream				
/ocean/projects/med260006p/shared/biomedAI/project/replica/data/gait/weargait/CONTROL PARTICIPANTS/MAT files/HC121.mat	syn61370555	HC121.mat	syn61496717	True	application/octet-stream				
/ocean/projects/med260006p/shared/biomedAI/project/replica/data/gait/weargait/CONTROL PARTICIPANTS/MAT files/HC122.mat	syn61370555	HC122.mat	syn61496718	True	application/octet-stream				
/ocean/projects/med260006p/shared/biomedAI/project/replica/data/gait/weargait/CONTROL PARTICIPANTS/MAT files/HC123.mat	syn61370555	HC123.mat	syn61496719	True	application/octet-stream				
/ocean/projects/med260006p/shared/biomedAI/project/replica/data/gait/weargait/CONTROL PARTICIPANTS/MAT files/HC124.mat	syn61370555	HC124.mat	syn61981121	True	application/octet-stream				
/ocean/projects/med260006p/shared/biomedAI/project/replica/data/gait/weargait/CONTROL PARTICIPANTS/MAT files/HC125.mat	syn61370555	HC125.mat	syn61981122	True	application/octet-stream				
/ocean/projects/med260006p/shared/biomedAI/project/replica/data/gait/weargait/CONTROL PARTICIPANTS/MAT files/HC126.mat	syn61370555	HC126.mat	syn61981123	True	application/octet-stream				
/ocean/projects/med260006p/shared/biomedAI/project/replica/data/gait/weargait/CONTROL PARTICIPANTS/MAT files/HC127.mat	syn61370555	HC127.mat	syn61981126	True	application/octet-stream				
/ocean/projects/med260006p/shared/biomedAI/project/replica/data/gait/weargait/CONTROL PARTICIPANTS/MAT files/HC128.mat	syn61370555	HC128.mat	syn61981127	True	application/octet-stream				
/ocean/projects/med260006p/shared/biomedAI/project/replica/data/gait/weargait/CONTROL PARTICIPANTS/MAT files/HC129.mat	syn61370555	HC129.mat	syn61981128	True	application/octet-stream				
/ocean/projects/med260006p/shared/biomedAI/project/replica/data/gait/weargait/CONTROL PARTICIPANTS/MAT files/HC130.mat	syn61370555	HC130.mat	syn61981131	True	application/octet-stream				
/ocean/projects/med260006p/shared/biomedAI/project/replica/data/gait/weargait/CONTROL PARTICIPANTS/MAT files/HC132.mat	syn61370555	HC132.mat	syn61981132	True	application/octet-stream				
/ocean/projects/med260006p/shared/biomedAI/project/replica/data/gait/weargait/CONTROL PARTICIPANTS/MAT files/HC133.mat	syn61370555	HC133.mat	syn61981133	True	application/octet-stream				
/ocean/projects/med260006p/shared/biomedAI/project/replica/data/gait/weargait/CONTROL PARTICIPANTS/MAT files/HC134.mat	syn61370555	HC134.mat	syn61981134	True	application/octet-stream				
/ocean/projects/med260006p/shared/biomedAI/project/replica/data/gait/weargait/CONTROL PARTICIPANTS/MAT files/HC135.mat	syn61370555	HC135.mat	syn61981135	True	application/octet-stream				
/ocean/projects/med260006p/shared/biomedAI/project/replica/data/gait/weargait/CONTROL PARTICIPANTS/MAT files/HC136.mat	syn61370555	HC136.mat	syn61981138	True	application/octet-stream				
/ocean/projects/med260006p/shared/biomedAI/project/replica/data/gait/weargait/CONTROL PARTICIPANTS/MAT files/HC137.mat	syn61370555	HC137.mat	syn61981139	True	application/octet-stream				
/ocean/projects/med260006p/shared/biomedAI/project/replica/data/gait/weargait/CONTROL PARTICIPANTS/MAT files/HC138.mat	syn61370555	HC138.mat	syn61981140	True	application/octet-stream				
/ocean/projects/med260006p/shared/biomedAI/project/replica/data/gait/weargait/CONTROL PARTICIPANTS/MAT files/HC139.mat	syn61370555	HC139.mat	syn61981141	True	application/octet-stream				
/ocean/projects/med260006p/shared/biomedAI/project/replica/data/gait/weargait/CONTROL PARTICIPANTS/MAT files/HC140.mat	syn61370555	HC140.mat	syn61981142	True	application/octet-stream				
/ocean/projects/med260006p/shared/biomedAI/project/replica/data/gait/weargait/CONTROL PARTICIPANTS/MAT files/HC141.mat	syn61370555	HC141.mat	syn61981143	True	application/octet-stream				
/ocean/projects/med260006p/shared/biomedAI/project/replica/data/gait/weargait/CONTROL PARTICIPANTS/MAT files/HC142.mat	syn61370555	HC142.mat	syn61981144	True	application/octet-stream				
/ocean/projects/med260006p/shared/biomedAI/project/replica/data/gait/weargait/CONTROL PARTICIPANTS/MAT files/HC143.mat	syn61370555	HC143.mat	syn61981147	True	application/octet-stream				
/ocean/projects/med260006p/shared/biomedAI/project/replica/data/gait/weargait/CONTROL PARTICIPANTS/MAT files/HC144.mat	syn61370555	HC144.mat	syn61981148	True	application/octet-stream				
/ocean/projects/med260006p/shared/biomedAI/project/replica/data/gait/weargait/CONTROL PARTICIPANTS/MAT files/HC145.mat	syn61370555	HC145.mat	syn61981149	True	application/octet-stream				
/ocean/projects/med260006p/shared/biomedAI/project/replica/data/gait/weargait/CONTROL PARTICIPANTS/MAT files/HC147.mat	syn61370555	HC147.mat	syn61981150	True	application/octet-stream				
/ocean/projects/med260006p/shared/biomedAI/project/replica/data/gait/weargait/CONTROL PARTICIPANTS/MAT files/HC148.mat	syn61370555	HC148.mat	syn61981151	True	application/octet-stream				
/ocean/projects/med260006p/shared/biomedAI/project/replica/data/gait/weargait/CONTROL PARTICIPANTS/MAT files/HC149.mat	syn61370555	HC149.mat	syn61981152	True	application/octet-stream				
/ocean/projects/med260006p/shared/biomedAI/project/replica/data/gait/weargait/CONTROL PARTICIPANTS/MAT files/HC150.mat	syn61370555	HC150.mat	syn61981153	True	application/octet-stream				
/ocean/projects/med260006p/shared/biomedAI/project/replica/data/gait/weargait/CONTROL PARTICIPANTS/MAT files/HC151.mat	syn61370555	HC151.mat	syn61981154	True	application/octet-stream				
/ocean/projects/med260006p/shared/biomedAI/project/replica/data/gait/weargait/CONTROL PARTICIPANTS/MAT files/HC153.mat	syn61370555	HC153.mat	syn61981155	True	application/octet-stream				
/ocean/projects/med260006p/shared/biomedAI/project/replica/data/gait/weargait/CONTROL PARTICIPANTS/MAT files/HC154.mat	syn61370555	HC154.mat	syn61981156	True	application/octet-stream				
/ocean/projects/med260006p/shared/biomedAI/project/replica/data/gait/weargait/CONTROL PARTICIPANTS/MAT files/NLS145 (control).mat	syn61370555	NLS145 (control).mat	syn66528650	True	application/octet-stream				
/ocean/projects/med260006p/shared/biomedAI/project/replica/data/gait/weargait/CONTROL PARTICIPANTS/MAT files/NLS193 (control).mat	syn61370555	NLS193 (control).mat	syn66528649	True	application/octet-stream				
/ocean/projects/med260006p/shared/biomedAI/project/replica/data/gait/weargait/CONTROL PARTICIPANTS/MAT files/NLS207 (control).mat	syn61370555	NLS207 (control).mat	syn66528643	True	application/octet-stream				
/ocean/projects/med260006p/shared/biomedAI/project/replica/data/gait/weargait/CONTROL PARTICIPANTS/MAT files/WHC001.mat	syn61370555	WHC001.mat	syn61496722	True	application/octet-stream				
/ocean/projects/med260006p/shared/biomedAI/project/replica/data/gait/weargait/CONTROL PARTICIPANTS/MAT files/WHC002.mat	syn61370555	WHC002.mat	syn61496729	True	application/octet-stream				
/ocean/projects/med260006p/shared/biomedAI/project/replica/data/gait/weargait/CONTROL PARTICIPANTS/MAT files/WHC003.mat	syn61370555	WHC003.mat	syn61496730	True	application/octet-stream				
/ocean/projects/med260006p/shared/biomedAI/project/replica/data/gait/weargait/CONTROL PARTICIPANTS/MAT files/WHC004.mat	syn61370555	WHC004.mat	syn61496731	True	application/octet-stream				
/ocean/projects/med260006p/shared/biomedAI/project/replica/data/gait/weargait/CONTROL PARTICIPANTS/MAT files/WHC005.mat	syn61370555	WHC005.mat	syn61496732	True	application/octet-stream				
/ocean/projects/med260006p/shared/biomedAI/project/replica/data/gait/weargait/CONTROL PARTICIPANTS/MAT files/WHC006.mat	syn61370555	WHC006.mat	syn61496733	True	application/octet-stream				
/ocean/projects/med260006p/shared/biomedAI/project/replica/data/gait/weargait/CONTROL PARTICIPANTS/MAT files/WHC007.mat	syn61370555	WHC007.mat	syn61981157	True	application/octet-stream				
/ocean/projects/med260006p/shared/biomedAI/project/replica/data/gait/weargait/CONTROL PARTICIPANTS/MAT files/WHC008.mat	syn61370555	WHC008.mat	syn61981158	True	application/octet-stream				
/ocean/projects/med260006p/shared/biomedAI/project/replica/data/gait/weargait/CONTROL PARTICIPANTS/MAT files/WHC009.mat	syn61370555	WHC009.mat	syn61981159	True	application/octet-stream				
/ocean/projects/med260006p/shared/biomedAI/project/replica/data/gait/weargait/CONTROL PARTICIPANTS/MAT files/WHC010.mat	syn61370555	WHC010.mat	syn61981162	True	application/octet-stream				
/ocean/projects/med260006p/shared/biomedAI/project/replica/data/gait/weargait/CONTROL PARTICIPANTS/MAT files/WHC011.mat	syn61370555	WHC011.mat	syn61981163	True	application/octet-stream				
/ocean/projects/med260006p/shared/biomedAI/project/replica/data/gait/weargait/CONTROL PARTICIPANTS/MAT files/WHC012.mat	syn61370555	WHC012.mat	syn61981164	True	application/octet-stream				
/ocean/projects/med260006p/shared/biomedAI/project/replica/data/gait/weargait/CONTROL PARTICIPANTS/MAT files/WHC013.mat	syn61370555	WHC013.mat	syn63100013	True	application/octet-stream				
/ocean/projects/med260006p/shared/biomedAI/project/replica/data/gait/weargait/CONTROL PARTICIPANTS/MAT files/WHC014.mat	syn61370555	WHC014.mat	syn63100014	True	application/octet-stream				
/ocean/projects/med260006p/shared/biomedAI/project/replica/data/gait/weargait/CONTROL PARTICIPANTS/MAT files/WHC015.mat	syn61370555	WHC015.mat	syn66528645	True	application/octet-stream				
/ocean/projects/med260006p/shared/biomedAI/project/replica/data/gait/weargait/CONTROL PARTICIPANTS/MAT files/WHC016.mat	syn61370555	WHC016.mat	syn66528648	True	application/octet-stream				
/ocean/projects/med260006p/shared/biomedAI/project/replica/data/gait/weargait/CONTROL PARTICIPANTS/MAT files/WHC017.mat	syn61370555	WHC017.mat	syn66528647	True	application/octet-stream				
/ocean/projects/med260006p/shared/biomedAI/project/replica/data/gait/weargait/CONTROL PARTICIPANTS/MAT files/WHC018.mat	syn61370555	WHC018.mat	syn66528644	True	application/octet-stream				
/ocean/projects/med260006p/shared/biomedAI/project/replica/data/gait/weargait/CONTROL PARTICIPANTS/MAT files/WHC019.mat	syn61370555	WHC019.mat	syn66528646	True	application/octet-stream				
/ocean/projects/med260006p/shared/biomedAI/project/replica/data/gait/weargait/CONTROL PARTICIPANTS/MAT files/WHC020.mat	syn61370555	WHC020.mat	syn66528652	True	application/octet-stream				
/ocean/projects/med260006p/shared/biomedAI/project/replica/data/gait/weargait/CONTROL PARTICIPANTS/MAT files/WHC021.mat	syn61370555	WHC021.mat	syn66528653	True	application/octet-stream				
/ocean/projects/med260006p/shared/biomedAI/project/replica/data/gait/weargait/CONTROL PARTICIPANTS/MAT files/WHC022.mat	syn61370555	WHC022.mat	syn66528654	True	application/octet-stream				
/ocean/projects/med260006p/shared/biomedAI/project/replica/data/gait/weargait/CONTROL PARTICIPANTS/MAT files/WHC024.mat	syn61370555	WHC024.mat	syn66528655	True	application/octet-stream				
/ocean/projects/med260006p/shared/biomedAI/project/replica/data/gait/weargait/CONTROL PARTICIPANTS/MAT files/WHC025.mat	syn61370555	WHC025.mat	syn66528656	True	application/octet-stream				
/ocean/projects/med260006p/shared/biomedAI/project/replica/data/gait/weargait/CONTROL PARTICIPANTS/MAT files/WHC026.mat	syn61370555	WHC026.mat	syn66528657	True	application/octet-stream				
/ocean/projects/med260006p/shared/biomedAI/project/replica/data/gait/weargait/CONTROL PARTICIPANTS/MAT files/WHC027.mat	syn61370555	WHC027.mat	syn66528658	True	application/octet-stream				
/ocean/projects/med260006p/shared/biomedAI/project/replica/data/gait/weargait/CONTROL PARTICIPANTS/MAT files/WHC029.mat	syn61370555	WHC029.mat	syn66528659	True	application/octet-stream				
/ocean/projects/med260006p/shared/biomedAI/project/replica/data/gait/weargait/CONTROL PARTICIPANTS/MAT files/WHC030.mat	syn61370555	WHC030.mat	syn66528660	True	application/octet-stream				
/ocean/projects/med260006p/shared/biomedAI/project/replica/data/gait/weargait/CONTROL PARTICIPANTS/MAT files/WHC031.mat	syn61370555	WHC031.mat	syn66528662	True	application/octet-stream				
/ocean/projects/med260006p/shared/biomedAI/project/replica/data/gait/weargait/CONTROL PARTICIPANTS/MAT files/WHC032.mat	syn61370555	WHC032.mat	syn66528663	True	application/octet-stream				
/ocean/projects/med260006p/shared/biomedAI/project/replica/data/gait/weargait/CONTROL PARTICIPANTS/MAT files/WHC033.mat	syn61370555	WHC033.mat	syn66528664	True	application/octet-stream				
/ocean/projects/med260006p/shared/biomedAI/project/replica/data/gait/weargait/PD PARTICIPANTS/CSV files/NLS002_Balance.csv	syn61370558	NLS002_Balance.csv	syn61499348	True	text/csv				
/ocean/projects/med260006p/shared/biomedAI/project/replica/data/gait/weargait/PD PARTICIPANTS/CSV files/NLS002_HurriedPace.csv	syn61370558	NLS002_HurriedPace.csv	syn61499349	True	text/csv				
/ocean/projects/med260006p/shared/biomedAI/project/replica/data/gait/weargait/PD PARTICIPANTS/CSV files/NLS002_HurriedPace_mat.csv	syn61370558	NLS002_HurriedPace_mat.csv	syn61499350	True	text/csv				
/ocean/projects/med260006p/shared/biomedAI/project/replica/data/gait/weargait/PD PARTICIPANTS/CSV files/NLS002_SelfPace.csv	syn61370558	NLS002_SelfPace.csv	syn61499353	True	text/csv				
/ocean/projects/med260006p/shared/biomedAI/project/replica/data/gait/weargait/PD PARTICIPANTS/CSV files/NLS002_SelfPace_mat.csv	syn61370558	NLS002_SelfPace_mat.csv	syn61499354	True	text/csv				
/ocean/projects/med260006p/shared/biomedAI/project/replica/data/gait/weargait/PD PARTICIPANTS/CSV files/NLS002_SelfPace_matTURN.csv	syn61370558	NLS002_SelfPace_matTURN.csv	syn61499355	True	text/csv				
/ocean/projects/med260006p/shared/biomedAI/project/replica/data/gait/weargait/PD PARTICIPANTS/CSV files/NLS002_TUG.csv	syn61370558	NLS002_TUG.csv	syn61499357	True	text/csv				
/ocean/projects/med260006p/shared/biomedAI/project/replica/data/gait/weargait/PD PARTICIPANTS/CSV files/NLS002_TandemGait.csv	syn61370558	NLS002_TandemGait.csv	syn61499356	True	text/csv				
/ocean/projects/med260006p/shared/biomedAI/project/replica/data/gait/weargait/PD PARTICIPANTS/CSV files/NLS005_Balance.csv	syn61370558	NLS005_Balance.csv	syn61499358	True	text/csv				
/ocean/projects/med260006p/shared/biomedAI/project/replica/data/gait/weargait/PD PARTICIPANTS/CSV files/NLS005_HurriedPace.csv	syn61370558	NLS005_HurriedPace.csv	syn61499359	True	text/csv				
/ocean/projects/med260006p/shared/biomedAI/project/replica/data/gait/weargait/PD PARTICIPANTS/CSV files/NLS005_HurriedPace_mat.csv	syn61370558	NLS005_HurriedPace_mat.csv	syn61499360	True	text/csv				
/ocean/projects/med260006p/shared/biomedAI/project/replica/data/gait/weargait/PD PARTICIPANTS/CSV files/NLS005_SelfPace.csv	syn61370558	NLS005_SelfPace.csv	syn61499363	True	text/csv				
/ocean/projects/med260006p/shared/biomedAI/project/replica/data/gait/weargait/PD PARTICIPANTS/CSV files/NLS005_SelfPace_mat.csv	syn61370558	NLS005_SelfPace_mat.csv	syn61499364	True	text/csv				
/ocean/projects/med260006p/shared/biomedAI/project/replica/data/gait/weargait/PD PARTICIPANTS/CSV files/NLS005_SelfPace_matTURN.csv	syn61370558	NLS005_SelfPace_matTURN.csv	syn61499365	True	text/csv				
/ocean/projects/med260006p/shared/biomedAI/project/replica/data/gait/weargait/PD PARTICIPANTS/CSV files/NLS005_TUG.csv	syn61370558	NLS005_TUG.csv	syn61499367	True	text/csv				
/ocean/projects/med260006p/shared/biomedAI/project/replica/data/gait/weargait/PD PARTICIPANTS/CSV files/NLS005_TandemGait.csv	syn61370558	NLS005_TandemGait.csv	syn61499366	True	text/csv				
/ocean/projects/med260006p/shared/biomedAI/project/replica/data/gait/weargait/PD PARTICIPANTS/CSV files/NLS022_Balance.csv	syn61370558	NLS022_Balance.csv	syn61499368	True	text/csv				
/ocean/projects/med260006p/shared/biomedAI/project/replica/data/gait/weargait/PD PARTICIPANTS/CSV files/NLS022_HurriedPace.csv	syn61370558	NLS022_HurriedPace.csv	syn61499371	True	text/csv				
/ocean/projects/med260006p/shared/biomedAI/project/replica/data/gait/weargait/PD PARTICIPANTS/CSV files/NLS022_HurriedPace_mat.csv	syn61370558	NLS022_HurriedPace_mat.csv	syn61499372	True	text/csv				
/ocean/projects/med260006p/shared/biomedAI/project/replica/data/gait/weargait/PD PARTICIPANTS/CSV files/NLS022_SelfPace.csv	syn61370558	NLS022_SelfPace.csv	syn61499373	True	text/csv				
/ocean/projects/med260006p/shared/biomedAI/project/replica/data/gait/weargait/PD PARTICIPANTS/CSV files/NLS022_SelfPace_mat.csv	syn61370558	NLS022_SelfPace_mat.csv	syn61499374	True	text/csv				
/ocean/projects/med260006p/shared/biomedAI/project/replica/data/gait/weargait/PD PARTICIPANTS/CSV files/NLS022_SelfPace_matTURN.csv	syn61370558	NLS022_SelfPace_matTURN.csv	syn61499375	True	text/csv				
/ocean/projects/med260006p/shared/biomedAI/project/replica/data/gait/weargait/PD PARTICIPANTS/CSV files/NLS022_TUG.csv	syn61370558	NLS022_TUG.csv	syn61499377	True	text/csv				
/ocean/projects/med260006p/shared/biomedAI/project/replica/data/gait/weargait/PD PARTICIPANTS/CSV files/NLS022_TandemGait.csv	syn61370558	NLS022_TandemGait.csv	syn61499376	True	text/csv				
/ocean/projects/med260006p/shared/biomedAI/project/replica/data/gait/weargait/PD PARTICIPANTS/CSV files/NLS033_HurriedPace.csv	syn61370558	NLS033_HurriedPace.csv	syn66528122	True	text/csv				
/ocean/projects/med260006p/shared/biomedAI/project/replica/data/gait/weargait/PD PARTICIPANTS/CSV files/NLS033_HurriedPace_mat.csv	syn61370558	NLS033_HurriedPace_mat.csv	syn66528126	True	text/csv				
/ocean/projects/med260006p/shared/biomedAI/project/replica/data/gait/weargait/PD PARTICIPANTS/CSV files/NLS033_SelfPace.csv	syn61370558	NLS033_SelfPace.csv	syn66528123	True	text/csv				
/ocean/projects/med260006p/shared/biomedAI/project/replica/data/gait/weargait/PD PARTICIPANTS/CSV files/NLS033_SelfPace_mat.csv	syn61370558	NLS033_SelfPace_mat.csv	syn66528124	True	text/csv				
/ocean/projects/med260006p/shared/biomedAI/project/replica/data/gait/weargait/PD PARTICIPANTS/CSV files/NLS033_TUG.csv	syn61370558	NLS033_TUG.csv	syn66528127	True	text/csv				
/ocean/projects/med260006p/shared/biomedAI/project/replica/data/gait/weargait/PD PARTICIPANTS/CSV files/NLS035_Balance.csv	syn61370558	NLS035_Balance.csv	syn66528125	True	text/csv				
/ocean/projects/med260006p/shared/biomedAI/project/replica/data/gait/weargait/PD PARTICIPANTS/CSV files/NLS035_HurriedPace.csv	syn61370558	NLS035_HurriedPace.csv	syn66528121	True	text/csv				
/ocean/projects/med260006p/shared/biomedAI/project/replica/data/gait/weargait/PD PARTICIPANTS/CSV files/NLS035_HurriedPace_mat.csv	syn61370558	NLS035_HurriedPace_mat.csv	syn66528120	True	text/csv				
/ocean/projects/med260006p/shared/biomedAI/project/replica/data/gait/weargait/PD PARTICIPANTS/CSV files/NLS035_SelfPace.csv	syn61370558	NLS035_SelfPace.csv	syn66528128	True	text/csv				
/ocean/projects/med260006p/shared/biomedAI/project/replica/data/gait/weargait/PD PARTICIPANTS/CSV files/NLS035_SelfPace_mat.csv	syn61370558	NLS035_SelfPace_mat.csv	syn66528130	True	text/csv				
/ocean/projects/med260006p/shared/biomedAI/project/replica/data/gait/weargait/PD PARTICIPANTS/CSV files/NLS035_SelfPace_matTURN.csv	syn61370558	NLS035_SelfPace_matTURN.csv	syn66528129	True	text/csv				
/ocean/projects/med260006p/shared/biomedAI/project/replica/data/gait/weargait/PD PARTICIPANTS/CSV files/NLS035_TUG.csv	syn61370558	NLS035_TUG.csv	syn66528132	True	text/csv				
/ocean/projects/med260006p/shared/biomedAI/project/replica/data/gait/weargait/PD PARTICIPANTS/CSV files/NLS035_TandemGait.csv	syn61370558	NLS035_TandemGait.csv	syn66528131	True	text/csv				
/ocean/projects/med260006p/shared/biomedAI/project/replica/data/gait/weargait/PD PARTICIPANTS/CSV files/NLS036_Balance.csv	syn61370558	NLS036_Balance.csv	syn61499378	True	text/csv				
/ocean/projects/med260006p/shared/biomedAI/project/replica/data/gait/weargait/PD PARTICIPANTS/CSV files/NLS036_HurriedPace.csv	syn61370558	NLS036_HurriedPace.csv	syn61499379	True	text/csv				
/ocean/projects/med260006p/shared/biomedAI/project/replica/data/gait/weargait/PD PARTICIPANTS/CSV files/NLS036_HurriedPace_mat.csv	syn61370558	NLS036_HurriedPace_mat.csv	syn61499380	True	text/csv				
/ocean/projects/med260006p/shared/biomedAI/project/replica/data/gait/weargait/PD PARTICIPANTS/CSV files/NLS036_SelfPace.csv	syn61370558	NLS036_SelfPace.csv	syn61499383	True	text/csv				
/ocean/projects/med260006p/shared/biomedAI/project/replica/data/gait/weargait/PD PARTICIPANTS/CSV files/NLS036_SelfPace_mat.csv	syn61370558	NLS036_SelfPace_mat.csv	syn61499384	True	text/csv				
/ocean/projects/med260006p/shared/biomedAI/project/replica/data/gait/weargait/PD PARTICIPANTS/CSV files/NLS036_SelfPace_matTURN.csv	syn61370558	NLS036_SelfPace_matTURN.csv	syn61499385	True	text/csv				
/ocean/projects/med260006p/shared/biomedAI/project/replica/data/gait/weargait/PD PARTICIPANTS/CSV files/NLS036_TUG.csv	syn61370558	NLS036_TUG.csv	syn61499387	True	text/csv				
/ocean/projects/med260006p/shared/biomedAI/project/replica/data/gait/weargait/PD PARTICIPANTS/CSV files/NLS036_TandemGait.csv	syn61370558	NLS036_TandemGait.csv	syn61499386	True	text/csv				
/ocean/projects/med260006p/shared/biomedAI/project/replica/data/gait/weargait/PD PARTICIPANTS/CSV files/NLS056_Balance.csv	syn61370558	NLS056_Balance.csv	syn66528134	True	text/csv				
/ocean/projects/med260006p/shared/biomedAI/project/replica/data/gait/weargait/PD PARTICIPANTS/CSV files/NLS056_HurriedPace.csv	syn61370558	NLS056_HurriedPace.csv	syn66528133	True	text/csv				
/ocean/projects/med260006p/shared/biomedAI/project/replica/data/gait/weargait/PD PARTICIPANTS/CSV files/NLS056_HurriedPace_mat.csv	syn61370558	NLS056_HurriedPace_mat.csv	syn66528135	True	text/csv				
/ocean/projects/med260006p/shared/biomedAI/project/replica/data/gait/weargait/PD PARTICIPANTS/CSV files/NLS056_SelfPace.csv	syn61370558	NLS056_SelfPace.csv	syn66528136	True	text/csv				
/ocean/projects/med260006p/shared/biomedAI/project/replica/data/gait/weargait/PD PARTICIPANTS/CSV files/NLS056_SelfPace_mat.csv	syn61370558	NLS056_SelfPace_mat.csv	syn66528137	True	text/csv				
/ocean/projects/med260006p/shared/biomedAI/project/replica/data/gait/weargait/PD PARTICIPANTS/CSV files/NLS069_Balance.csv	syn61370558	NLS069_Balance.csv	syn66528138	True	text/csv				
/ocean/projects/med260006p/shared/biomedAI/project/replica/data/gait/weargait/PD PARTICIPANTS/CSV files/NLS069_HurriedPace.csv	syn61370558	NLS069_HurriedPace.csv	syn66528139	True	text/csv				
/ocean/projects/med260006p/shared/biomedAI/project/replica/data/gait/weargait/PD PARTICIPANTS/CSV files/NLS069_HurriedPace_mat.csv	syn61370558	NLS069_HurriedPace_mat.csv	syn66528140	True	text/csv				
/ocean/projects/med260006p/shared/biomedAI/project/replica/data/gait/weargait/PD PARTICIPANTS/CSV files/NLS069_SelfPace.csv	syn61370558	NLS069_SelfPace.csv	syn66528141	True	text/csv				
/ocean/projects/med260006p/shared/biomedAI/project/replica/data/gait/weargait/PD PARTICIPANTS/CSV files/NLS069_SelfPace_mat.csv	syn61370558	NLS069_SelfPace_mat.csv	syn66528142	True	text/csv				
/ocean/projects/med260006p/shared/biomedAI/project/replica/data/gait/weargait/PD PARTICIPANTS/CSV files/NLS069_SelfPace_matTURN.csv	syn61370558	NLS069_SelfPace_matTURN.csv	syn66528143	True	text/csv				
/ocean/projects/med260006p/shared/biomedAI/project/replica/data/gait/weargait/PD PARTICIPANTS/CSV files/NLS069_TUG.csv	syn61370558	NLS069_TUG.csv	syn66528145	True	text/csv				
/ocean/projects/med260006p/shared/biomedAI/project/replica/data/gait/weargait/PD PARTICIPANTS/CSV files/NLS069_TandemGait.csv	syn61370558	NLS069_TandemGait.csv	syn66528144	True	text/csv				
/ocean/projects/med260006p/shared/biomedAI/project/replica/data/gait/weargait/PD PARTICIPANTS/CSV files/NLS101_Balance.csv	syn61370558	NLS101_Balance.csv	syn66528146	True	text/csv				
/ocean/projects/med260006p/shared/biomedAI/project/replica/data/gait/weargait/PD PARTICIPANTS/CSV files/NLS101_HurriedPace.csv	syn61370558	NLS101_HurriedPace.csv	syn66528147	True	text/csv				
/ocean/projects/med260006p/shared/biomedAI/project/replica/data/gait/weargait/PD PARTICIPANTS/CSV files/NLS101_HurriedPace_mat.csv	syn61370558	NLS101_HurriedPace_mat.csv	syn66528148	True	text/csv				
/ocean/projects/med260006p/shared/biomedAI/project/replica/data/gait/weargait/PD PARTICIPANTS/CSV files/NLS101_SelfPace.csv	syn61370558	NLS101_SelfPace.csv	syn66528149	True	text/csv				
/ocean/projects/med260006p/shared/biomedAI/project/replica/data/gait/weargait/PD PARTICIPANTS/CSV files/NLS101_SelfPace_mat.csv	syn61370558	NLS101_SelfPace_mat.csv	syn66528150	True	text/csv				
/ocean/projects/med260006p/shared/biomedAI/project/replica/data/gait/weargait/PD PARTICIPANTS/CSV files/NLS101_SelfPace_matTURN.csv	syn61370558	NLS101_SelfPace_matTURN.csv	syn66528151	True	text/csv				
/ocean/projects/med260006p/shared/biomedAI/project/replica/data/gait/weargait/PD PARTICIPANTS/CSV files/NLS101_TUG.csv	syn61370558	NLS101_TUG.csv	syn66528153	True	text/csv				
/ocean/projects/med260006p/shared/biomedAI/project/replica/data/gait/weargait/PD PARTICIPANTS/CSV files/NLS101_TandemGait.csv	syn61370558	NLS101_TandemGait.csv	syn66528152	True	text/csv				
/ocean/projects/med260006p/shared/biomedAI/project/replica/data/gait/weargait/PD PARTICIPANTS/CSV files/NLS102_Balance.csv	syn61370558	NLS102_Balance.csv	syn61499388	True	text/csv				
/ocean/projects/med260006p/shared/biomedAI/project/replica/data/gait/weargait/PD PARTICIPANTS/CSV files/NLS102_HurriedPace.csv	syn61370558	NLS102_HurriedPace.csv	syn61499389	True	text/csv				
/ocean/projects/med260006p/shared/biomedAI/project/replica/data/gait/weargait/PD PARTICIPANTS/CSV files/NLS102_HurriedPace_mat.csv	syn61370558	NLS102_HurriedPace_mat.csv	syn61499394	True	text/csv				
/ocean/projects/med260006p/shared/biomedAI/project/replica/data/gait/weargait/PD PARTICIPANTS/CSV files/NLS102_SelfPace.csv	syn61370558	NLS102_SelfPace.csv	syn61499395	True	text/csv				
/ocean/projects/med260006p/shared/biomedAI/project/replica/data/gait/weargait/PD PARTICIPANTS/CSV files/NLS102_SelfPace_mat.csv	syn61370558	NLS102_SelfPace_mat.csv	syn61499396	True	text/csv				
/ocean/projects/med260006p/shared/biomedAI/project/replica/data/gait/weargait/PD PARTICIPANTS/CSV files/NLS102_SelfPace_matTURN.csv	syn61370558	NLS102_SelfPace_matTURN.csv	syn61499397	True	text/csv				
/ocean/projects/med260006p/shared/biomedAI/project/replica/data/gait/weargait/PD PARTICIPANTS/CSV files/NLS102_TUG.csv	syn61370558	NLS102_TUG.csv	syn61499399	True	text/csv				
/ocean/projects/med260006p/shared/biomedAI/project/replica/data/gait/weargait/PD PARTICIPANTS/CSV files/NLS102_TandemGait.csv	syn61370558	NLS102_TandemGait.csv	syn61499398	True	text/csv				
/ocean/projects/med260006p/shared/biomedAI/project/replica/data/gait/weargait/PD PARTICIPANTS/CSV files/NLS121_Balance.csv	syn61370558	NLS121_Balance.csv	syn61499400	True	text/csv				
/ocean/projects/med260006p/shared/biomedAI/project/replica/data/gait/weargait/PD PARTICIPANTS/CSV files/NLS121_HurriedPace.csv	syn61370558	NLS121_HurriedPace.csv	syn61499401	True	text/csv				
/ocean/projects/med260006p/shared/biomedAI/project/replica/data/gait/weargait/PD PARTICIPANTS/CSV files/NLS121_HurriedPace_mat.csv	syn61370558	NLS121_HurriedPace_mat.csv	syn61499402	True	text/csv				
/ocean/projects/med260006p/shared/biomedAI/project/replica/data/gait/weargait/PD PARTICIPANTS/CSV files/NLS121_SelfPace.csv	syn61370558	NLS121_SelfPace.csv	syn61499403	True	text/csv				
/ocean/projects/med260006p/shared/biomedAI/project/replica/data/gait/weargait/PD PARTICIPANTS/CSV files/NLS121_SelfPace_mat.csv	syn61370558	NLS121_SelfPace_mat.csv	syn61499404	True	text/csv				
/ocean/projects/med260006p/shared/biomedAI/project/replica/data/gait/weargait/PD PARTICIPANTS/CSV files/NLS121_SelfPace_matTURN.csv	syn61370558	NLS121_SelfPace_matTURN.csv	syn61499405	True	text/csv				
/ocean/projects/med260006p/shared/biomedAI/project/replica/data/gait/weargait/PD PARTICIPANTS/CSV files/NLS121_TUG.csv	syn61370558	NLS121_TUG.csv	syn61499407	True	text/csv				
/ocean/projects/med260006p/shared/biomedAI/project/replica/data/gait/weargait/PD PARTICIPANTS/CSV files/NLS121_TandemGait.csv	syn61370558	NLS121_TandemGait.csv	syn61499406	True	text/csv				
/ocean/projects/med260006p/shared/biomedAI/project/replica/data/gait/weargait/PD PARTICIPANTS/CSV files/NLS124_Balance.csv	syn61370558	NLS124_Balance.csv	syn66528154	True	text/csv				
/ocean/projects/med260006p/shared/biomedAI/project/replica/data/gait/weargait/PD PARTICIPANTS/CSV files/NLS124_HurriedPace.csv	syn61370558	NLS124_HurriedPace.csv	syn66528156	True	text/csv				
/ocean/projects/med260006p/shared/biomedAI/project/replica/data/gait/weargait/PD PARTICIPANTS/CSV files/NLS124_HurriedPace_mat.csv	syn61370558	NLS124_HurriedPace_mat.csv	syn66528155	True	text/csv				
/ocean/projects/med260006p/shared/biomedAI/project/replica/data/gait/weargait/PD PARTICIPANTS/CSV files/NLS124_SelfPace.csv	syn61370558	NLS124_SelfPace.csv	syn66528157	True	text/csv				
/ocean/projects/med260006p/shared/biomedAI/project/replica/data/gait/weargait/PD PARTICIPANTS/CSV files/NLS124_SelfPace_mat.csv	syn61370558	NLS124_SelfPace_mat.csv	syn66528158	True	text/csv				
/ocean/projects/med260006p/shared/biomedAI/project/replica/data/gait/weargait/PD PARTICIPANTS/CSV files/NLS124_SelfPace_matTURN.csv	syn61370558	NLS124_SelfPace_matTURN.csv	syn66528159	True	text/csv				
/ocean/projects/med260006p/shared/biomedAI/project/replica/data/gait/weargait/PD PARTICIPANTS/CSV files/NLS124_TUG.csv	syn61370558	NLS124_TUG.csv	syn66528161	True	text/csv				
/ocean/projects/med260006p/shared/biomedAI/project/replica/data/gait/weargait/PD PARTICIPANTS/CSV files/NLS124_TandemGait.csv	syn61370558	NLS124_TandemGait.csv	syn66528160	True	text/csv				
/ocean/projects/med260006p/shared/biomedAI/project/replica/data/gait/weargait/PD PARTICIPANTS/CSV files/NLS127_Balance.csv	syn61370558	NLS127_Balance.csv	syn61980373	True	text/csv				
/ocean/projects/med260006p/shared/biomedAI/project/replica/data/gait/weargait/PD PARTICIPANTS/CSV files/NLS127_HurriedPace.csv	syn61370558	NLS127_HurriedPace.csv	syn61980374	True	text/csv				
/ocean/projects/med260006p/shared/biomedAI/project/replica/data/gait/weargait/PD PARTICIPANTS/CSV files/NLS127_HurriedPace_mat.csv	syn61370558	NLS127_HurriedPace_mat.csv	syn61980375	True	text/csv				
/ocean/projects/med260006p/shared/biomedAI/project/replica/data/gait/weargait/PD PARTICIPANTS/CSV files/NLS127_SelfPace.csv	syn61370558	NLS127_SelfPace.csv	syn61980378	True	text/csv				
/ocean/projects/med260006p/shared/biomedAI/project/replica/data/gait/weargait/PD PARTICIPANTS/CSV files/NLS127_SelfPace_mat.csv	syn61370558	NLS127_SelfPace_mat.csv	syn61980379	True	text/csv				
/ocean/projects/med260006p/shared/biomedAI/project/replica/data/gait/weargait/PD PARTICIPANTS/CSV files/NLS127_SelfPace_matTURN.csv	syn61370558	NLS127_SelfPace_matTURN.csv	syn61980380	True	text/csv				
/ocean/projects/med260006p/shared/biomedAI/project/replica/data/gait/weargait/PD PARTICIPANTS/CSV files/NLS127_TUG.csv	syn61370558	NLS127_TUG.csv	syn61980382	True	text/csv				
/ocean/projects/med260006p/shared/biomedAI/project/replica/data/gait/weargait/PD PARTICIPANTS/CSV files/NLS127_TandemGait.csv	syn61370558	NLS127_TandemGait.csv	syn61980381	True	text/csv				
/ocean/projects/med260006p/shared/biomedAI/project/replica/data/gait/weargait/PD PARTICIPANTS/CSV files/NLS130_Balance.csv	syn61370558	NLS130_Balance.csv	syn61499408	True	text/csv				
/ocean/projects/med260006p/shared/biomedAI/project/replica/data/gait/weargait/PD PARTICIPANTS/CSV files/NLS130_HurriedPace.csv	syn61370558	NLS130_HurriedPace.csv	syn61499411	True	text/csv				
/ocean/projects/med260006p/shared/biomedAI/project/replica/data/gait/weargait/PD PARTICIPANTS/CSV files/NLS130_HurriedPace_mat.csv	syn61370558	NLS130_HurriedPace_mat.csv	syn61499415	True	text/csv				
/ocean/projects/med260006p/shared/biomedAI/project/replica/data/gait/weargait/PD PARTICIPANTS/CSV files/NLS130_SelfPace.csv	syn61370558	NLS130_SelfPace.csv	syn61499416	True	text/csv				
/ocean/projects/med260006p/shared/biomedAI/project/replica/data/gait/weargait/PD PARTICIPANTS/CSV files/NLS130_SelfPace_mat.csv	syn61370558	NLS130_SelfPace_mat.csv	syn61499417	True	text/csv				
/ocean/projects/med260006p/shared/biomedAI/project/replica/data/gait/weargait/PD PARTICIPANTS/CSV files/NLS130_SelfPace_matTURN.csv	syn61370558	NLS130_SelfPace_matTURN.csv	syn61499418	True	text/csv				
/ocean/projects/med260006p/shared/biomedAI/project/replica/data/gait/weargait/PD PARTICIPANTS/CSV files/NLS130_TUG.csv	syn61370558	NLS130_TUG.csv	syn61499420	True	text/csv				
/ocean/projects/med260006p/shared/biomedAI/project/replica/data/gait/weargait/PD PARTICIPANTS/CSV files/NLS130_TandemGait.csv	syn61370558	NLS130_TandemGait.csv	syn61499419	True	text/csv				
/ocean/projects/med260006p/shared/biomedAI/project/replica/data/gait/weargait/PD PARTICIPANTS/CSV files/NLS135_Balance.csv	syn61370558	NLS135_Balance.csv	syn61499421	True	text/csv				
/ocean/projects/med260006p/shared/biomedAI/project/replica/data/gait/weargait/PD PARTICIPANTS/CSV files/NLS135_HurriedPace.csv	syn61370558	NLS135_HurriedPace.csv	syn61499422	True	text/csv				
/ocean/projects/med260006p/shared/biomedAI/project/replica/data/gait/weargait/PD PARTICIPANTS/CSV files/NLS135_HurriedPace_mat.csv	syn61370558	NLS135_HurriedPace_mat.csv	syn61499423	True	text/csv				
/ocean/projects/med260006p/shared/biomedAI/project/replica/data/gait/weargait/PD PARTICIPANTS/CSV files/NLS135_SelfPace.csv	syn61370558	NLS135_SelfPace.csv	syn61499426	True	text/csv				
/ocean/projects/med260006p/shared/biomedAI/project/replica/data/gait/weargait/PD PARTICIPANTS/CSV files/NLS135_SelfPace_mat.csv	syn61370558	NLS135_SelfPace_mat.csv	syn61499427	True	text/csv				
/ocean/projects/med260006p/shared/biomedAI/project/replica/data/gait/weargait/PD PARTICIPANTS/CSV files/NLS135_SelfPace_matTURN.csv	syn61370558	NLS135_SelfPace_matTURN.csv	syn61499428	True	text/csv				
/ocean/projects/med260006p/shared/biomedAI/project/replica/data/gait/weargait/PD PARTICIPANTS/CSV files/NLS135_TUG.csv	syn61370558	NLS135_TUG.csv	syn61499430	True	text/csv				
/ocean/projects/med260006p/shared/biomedAI/project/replica/data/gait/weargait/PD PARTICIPANTS/CSV files/NLS135_TandemGait.csv	syn61370558	NLS135_TandemGait.csv	syn61499429	True	text/csv				
/ocean/projects/med260006p/shared/biomedAI/project/replica/data/gait/weargait/PD PARTICIPANTS/CSV files/NLS139_Balance.csv	syn61370558	NLS139_Balance.csv	syn66528164	True	text/csv				
/ocean/projects/med260006p/shared/biomedAI/project/replica/data/gait/weargait/PD PARTICIPANTS/CSV files/NLS139_HurriedPace.csv	syn61370558	NLS139_HurriedPace.csv	syn66528163	True	text/csv				
/ocean/projects/med260006p/shared/biomedAI/project/replica/data/gait/weargait/PD PARTICIPANTS/CSV files/NLS139_HurriedPace_mat.csv	syn61370558	NLS139_HurriedPace_mat.csv	syn66528162	True	text/csv				
/ocean/projects/med260006p/shared/biomedAI/project/replica/data/gait/weargait/PD PARTICIPANTS/CSV files/NLS139_SelfPace.csv	syn61370558	NLS139_SelfPace.csv	syn66528166	True	text/csv				
/ocean/projects/med260006p/shared/biomedAI/project/replica/data/gait/weargait/PD PARTICIPANTS/CSV files/NLS139_SelfPace_mat.csv	syn61370558	NLS139_SelfPace_mat.csv	syn66528165	True	text/csv				
/ocean/projects/med260006p/shared/biomedAI/project/replica/data/gait/weargait/PD PARTICIPANTS/CSV files/NLS139_SelfPace_matTURN.csv	syn61370558	NLS139_SelfPace_matTURN.csv	syn66528167	True	text/csv				
/ocean/projects/med260006p/shared/biomedAI/project/replica/data/gait/weargait/PD PARTICIPANTS/CSV files/NLS139_TUG.csv	syn61370558	NLS139_TUG.csv	syn66528169	True	text/csv				
/ocean/projects/med260006p/shared/biomedAI/project/replica/data/gait/weargait/PD PARTICIPANTS/CSV files/NLS139_TandemGait.csv	syn61370558	NLS139_TandemGait.csv	syn66528168	True	text/csv				
/ocean/projects/med260006p/shared/biomedAI/project/replica/data/gait/weargait/PD PARTICIPANTS/CSV files/NLS140_Balance.csv	syn61370558	NLS140_Balance.csv	syn66528170	True	text/csv				
/ocean/projects/med260006p/shared/biomedAI/project/replica/data/gait/weargait/PD PARTICIPANTS/CSV files/NLS140_HurriedPace.csv	syn61370558	NLS140_HurriedPace.csv	syn66528171	True	text/csv				
/ocean/projects/med260006p/shared/biomedAI/project/replica/data/gait/weargait/PD PARTICIPANTS/CSV files/NLS140_HurriedPace_mat.csv	syn61370558	NLS140_HurriedPace_mat.csv	syn66528172	True	text/csv				
/ocean/projects/med260006p/shared/biomedAI/project/replica/data/gait/weargait/PD PARTICIPANTS/CSV files/NLS140_SelfPace.csv	syn61370558	NLS140_SelfPace.csv	syn66528173	True	text/csv				
/ocean/projects/med260006p/shared/biomedAI/project/replica/data/gait/weargait/PD PARTICIPANTS/CSV files/NLS140_SelfPace_mat.csv	syn61370558	NLS140_SelfPace_mat.csv	syn66528174	True	text/csv				
/ocean/projects/med260006p/shared/biomedAI/project/replica/data/gait/weargait/PD PARTICIPANTS/CSV files/NLS140_SelfPace_matTURN.csv	syn61370558	NLS140_SelfPace_matTURN.csv	syn66528175	True	text/csv				
/ocean/projects/med260006p/shared/biomedAI/project/replica/data/gait/weargait/PD PARTICIPANTS/CSV files/NLS140_TUG.csv	syn61370558	NLS140_TUG.csv	syn66528177	True	text/csv				
/ocean/projects/med260006p/shared/biomedAI/project/replica/data/gait/weargait/PD PARTICIPANTS/CSV files/NLS140_TandemGait.csv	syn61370558	NLS140_TandemGait.csv	syn66528176	True	text/csv				
/ocean/projects/med260006p/shared/biomedAI/project/replica/data/gait/weargait/PD PARTICIPANTS/CSV files/NLS141_Balance.csv	syn61370558	NLS141_Balance.csv	syn61499431	True	text/csv				
/ocean/projects/med260006p/shared/biomedAI/project/replica/data/gait/weargait/PD PARTICIPANTS/CSV files/NLS141_HurriedPace.csv	syn61370558	NLS141_HurriedPace.csv	syn61499432	True	text/csv				
/ocean/projects/med260006p/shared/biomedAI/project/replica/data/gait/weargait/PD PARTICIPANTS/CSV files/NLS141_HurriedPace_mat.csv	syn61370558	NLS141_HurriedPace_mat.csv	syn61499433	True	text/csv				
/ocean/projects/med260006p/shared/biomedAI/project/replica/data/gait/weargait/PD PARTICIPANTS/CSV files/NLS141_SelfPace.csv	syn61370558	NLS141_SelfPace.csv	syn61499434	True	text/csv				
/ocean/projects/med260006p/shared/biomedAI/project/replica/data/gait/weargait/PD PARTICIPANTS/CSV files/NLS141_SelfPace_mat.csv	syn61370558	NLS141_SelfPace_mat.csv	syn61499435	True	text/csv				
/ocean/projects/med260006p/shared/biomedAI/project/replica/data/gait/weargait/PD PARTICIPANTS/CSV files/NLS141_SelfPace_matTURN.csv	syn61370558	NLS141_SelfPace_matTURN.csv	syn61499436	True	text/csv				
/ocean/projects/med260006p/shared/biomedAI/project/replica/data/gait/weargait/PD PARTICIPANTS/CSV files/NLS141_TUG.csv	syn61370558	NLS141_TUG.csv	syn61499438	True	text/csv				
/ocean/projects/med260006p/shared/biomedAI/project/replica/data/gait/weargait/PD PARTICIPANTS/CSV files/NLS141_TandemGait.csv	syn61370558	NLS141_TandemGait.csv	syn61499437	True	text/csv				
/ocean/projects/med260006p/shared/biomedAI/project/replica/data/gait/weargait/PD PARTICIPANTS/CSV files/NLS142_Balance.csv	syn61370558	NLS142_Balance.csv	syn61499439	True	text/csv				
/ocean/projects/med260006p/shared/biomedAI/project/replica/data/gait/weargait/PD PARTICIPANTS/CSV files/NLS142_HurriedPace.csv	syn61370558	NLS142_HurriedPace.csv	syn61499440	True	text/csv				
/ocean/projects/med260006p/shared/biomedAI/project/replica/data/gait/weargait/PD PARTICIPANTS/CSV files/NLS142_HurriedPace_mat.csv	syn61370558	NLS142_HurriedPace_mat.csv	syn61499441	True	text/csv				
/ocean/projects/med260006p/shared/biomedAI/project/replica/data/gait/weargait/PD PARTICIPANTS/CSV files/NLS142_SelfPace.csv	syn61370558	NLS142_SelfPace.csv	syn61499442	True	text/csv				
/ocean/projects/med260006p/shared/biomedAI/project/replica/data/gait/weargait/PD PARTICIPANTS/CSV files/NLS142_SelfPace_mat.csv	syn61370558	NLS142_SelfPace_mat.csv	syn61499443	True	text/csv				
/ocean/projects/med260006p/shared/biomedAI/project/replica/data/gait/weargait/PD PARTICIPANTS/CSV files/NLS142_SelfPace_matTURN.csv	syn61370558	NLS142_SelfPace_matTURN.csv	syn61499444	True	text/csv				
/ocean/projects/med260006p/shared/biomedAI/project/replica/data/gait/weargait/PD PARTICIPANTS/CSV files/NLS142_TUG.csv	syn61370558	NLS142_TUG.csv	syn61499448	True	text/csv				
/ocean/projects/med260006p/shared/biomedAI/project/replica/data/gait/weargait/PD PARTICIPANTS/CSV files/NLS142_TandemGait.csv	syn61370558	NLS142_TandemGait.csv	syn61499445	True	text/csv				
/ocean/projects/med260006p/shared/biomedAI/project/replica/data/gait/weargait/PD PARTICIPANTS/CSV files/NLS143_Balance.csv	syn61370558	NLS143_Balance.csv	syn61499449	True	text/csv				
/ocean/projects/med260006p/shared/biomedAI/project/replica/data/gait/weargait/PD PARTICIPANTS/CSV files/NLS143_HurriedPace.csv	syn61370558	NLS143_HurriedPace.csv	syn61499450	True	text/csv				
/ocean/projects/med260006p/shared/biomedAI/project/replica/data/gait/weargait/PD PARTICIPANTS/CSV files/NLS143_HurriedPace_mat.csv	syn61370558	NLS143_HurriedPace_mat.csv	syn61499453	True	text/csv				
/ocean/projects/med260006p/shared/biomedAI/project/replica/data/gait/weargait/PD PARTICIPANTS/CSV files/NLS143_SelfPace.csv	syn61370558	NLS143_SelfPace.csv	syn61499454	True	text/csv				
/ocean/projects/med260006p/shared/biomedAI/project/replica/data/gait/weargait/PD PARTICIPANTS/CSV files/NLS143_SelfPace_mat.csv	syn61370558	NLS143_SelfPace_mat.csv	syn61499455	True	text/csv				
/ocean/projects/med260006p/shared/biomedAI/project/replica/data/gait/weargait/PD PARTICIPANTS/CSV files/NLS143_SelfPace_matTURN.csv	syn61370558	NLS143_SelfPace_matTURN.csv	syn61499456	True	text/csv				
/ocean/projects/med260006p/shared/biomedAI/project/replica/data/gait/weargait/PD PARTICIPANTS/CSV files/NLS143_TUG.csv	syn61370558	NLS143_TUG.csv	syn61499460	True	text/csv				
/ocean/projects/med260006p/shared/biomedAI/project/replica/data/gait/weargait/PD PARTICIPANTS/CSV files/NLS143_TandemGait.csv	syn61370558	NLS143_TandemGait.csv	syn61499457	True	text/csv				
/ocean/projects/med260006p/shared/biomedAI/project/replica/data/gait/weargait/PD PARTICIPANTS/CSV files/NLS144_Balance.csv	syn61370558	NLS144_Balance.csv	syn61499461	True	text/csv				
/ocean/projects/med260006p/shared/biomedAI/project/replica/data/gait/weargait/PD PARTICIPANTS/CSV files/NLS144_HurriedPace.csv	syn61370558	NLS144_HurriedPace.csv	syn61499462	True	text/csv				
/ocean/projects/med260006p/shared/biomedAI/project/replica/data/gait/weargait/PD PARTICIPANTS/CSV files/NLS144_HurriedPace_mat.csv	syn61370558	NLS144_HurriedPace_mat.csv	syn61499463	True	text/csv				
/ocean/projects/med260006p/shared/biomedAI/project/replica/data/gait/weargait/PD PARTICIPANTS/CSV files/NLS144_SelfPace.csv	syn61370558	NLS144_SelfPace.csv	syn61499464	True	text/csv				
/ocean/projects/med260006p/shared/biomedAI/project/replica/data/gait/weargait/PD PARTICIPANTS/CSV files/NLS144_SelfPace_mat.csv	syn61370558	NLS144_SelfPace_mat.csv	syn61499465	True	text/csv				
/ocean/projects/med260006p/shared/biomedAI/project/replica/data/gait/weargait/PD PARTICIPANTS/CSV files/NLS144_SelfPace_matTURN.csv	syn61370558	NLS144_SelfPace_matTURN.csv	syn61499466	True	text/csv				
/ocean/projects/med260006p/shared/biomedAI/project/replica/data/gait/weargait/PD PARTICIPANTS/CSV files/NLS144_TUG.csv	syn61370558	NLS144_TUG.csv	syn61499468	True	text/csv				
/ocean/projects/med260006p/shared/biomedAI/project/replica/data/gait/weargait/PD PARTICIPANTS/CSV files/NLS144_TandemGait.csv	syn61370558	NLS144_TandemGait.csv	syn61499467	True	text/csv				
/ocean/projects/med260006p/shared/biomedAI/project/replica/data/gait/weargait/PD PARTICIPANTS/CSV files/NLS146_Balance.csv	syn61370558	NLS146_Balance.csv	syn61499469	True	text/csv				
/ocean/projects/med260006p/shared/biomedAI/project/replica/data/gait/weargait/PD PARTICIPANTS/CSV files/NLS146_HurriedPace.csv	syn61370558	NLS146_HurriedPace.csv	syn61499472	True	text/csv				
/ocean/projects/med260006p/shared/biomedAI/project/replica/data/gait/weargait/PD PARTICIPANTS/CSV files/NLS146_HurriedPace_mat.csv	syn61370558	NLS146_HurriedPace_mat.csv	syn61499473	True	text/csv				
/ocean/projects/med260006p/shared/biomedAI/project/replica/data/gait/weargait/PD PARTICIPANTS/CSV files/NLS146_SelfPace.csv	syn61370558	NLS146_SelfPace.csv	syn61499474	True	text/csv				
/ocean/projects/med260006p/shared/biomedAI/project/replica/data/gait/weargait/PD PARTICIPANTS/CSV files/NLS146_SelfPace_mat.csv	syn61370558	NLS146_SelfPace_mat.csv	syn61499475	True	text/csv				
/ocean/projects/med260006p/shared/biomedAI/project/replica/data/gait/weargait/PD PARTICIPANTS/CSV files/NLS146_SelfPace_matTURN.csv	syn61370558	NLS146_SelfPace_matTURN.csv	syn61499478	True	text/csv				
/ocean/projects/med260006p/shared/biomedAI/project/replica/data/gait/weargait/PD PARTICIPANTS/CSV files/NLS146_TUG.csv	syn61370558	NLS146_TUG.csv	syn61499480	True	text/csv				
/ocean/projects/med260006p/shared/biomedAI/project/replica/data/gait/weargait/PD PARTICIPANTS/CSV files/NLS146_TandemGait.csv	syn61370558	NLS146_TandemGait.csv	syn61499479	True	text/csv				
/ocean/projects/med260006p/shared/biomedAI/project/replica/data/gait/weargait/PD PARTICIPANTS/CSV files/NLS147_Balance.csv	syn61370558	NLS147_Balance.csv	syn61499481	True	text/csv				
/ocean/projects/med260006p/shared/biomedAI/project/replica/data/gait/weargait/PD PARTICIPANTS/CSV files/NLS147_HurriedPace.csv	syn61370558	NLS147_HurriedPace.csv	syn61499482	True	text/csv				
/ocean/projects/med260006p/shared/biomedAI/project/replica/data/gait/weargait/PD PARTICIPANTS/CSV files/NLS147_HurriedPace_mat.csv	syn61370558	NLS147_HurriedPace_mat.csv	syn61499483	True	text/csv				
/ocean/projects/med260006p/shared/biomedAI/project/replica/data/gait/weargait/PD PARTICIPANTS/CSV files/NLS147_SelfPace.csv	syn61370558	NLS147_SelfPace.csv	syn61499484	True	text/csv				
/ocean/projects/med260006p/shared/biomedAI/project/replica/data/gait/weargait/PD PARTICIPANTS/CSV files/NLS147_SelfPace_mat.csv	syn61370558	NLS147_SelfPace_mat.csv	syn61499485	True	text/csv				
/ocean/projects/med260006p/shared/biomedAI/project/replica/data/gait/weargait/PD PARTICIPANTS/CSV files/NLS147_SelfPace_matTURN.csv	syn61370558	NLS147_SelfPace_matTURN.csv	syn61499486	True	text/csv				
/ocean/projects/med260006p/shared/biomedAI/project/replica/data/gait/weargait/PD PARTICIPANTS/CSV files/NLS147_TUG.csv	syn61370558	NLS147_TUG.csv	syn61499488	True	text/csv				
/ocean/projects/med260006p/shared/biomedAI/project/replica/data/gait/weargait/PD PARTICIPANTS/CSV files/NLS147_TandemGait.csv	syn61370558	NLS147_TandemGait.csv	syn61499487	True	text/csv				
/ocean/projects/med260006p/shared/biomedAI/project/replica/data/gait/weargait/PD PARTICIPANTS/CSV files/NLS148_Balance.csv	syn61370558	NLS148_Balance.csv	syn61499489	True	text/csv				
/ocean/projects/med260006p/shared/biomedAI/project/replica/data/gait/weargait/PD PARTICIPANTS/CSV files/NLS148_HurriedPace.csv	syn61370558	NLS148_HurriedPace.csv	syn61499490	True	text/csv				
/ocean/projects/med260006p/shared/biomedAI/project/replica/data/gait/weargait/PD PARTICIPANTS/CSV files/NLS148_HurriedPace_mat.csv	syn61370558	NLS148_HurriedPace_mat.csv	syn61499491	True	text/csv				
/ocean/projects/med260006p/shared/biomedAI/project/replica/data/gait/weargait/PD PARTICIPANTS/CSV files/NLS148_SelfPace.csv	syn61370558	NLS148_SelfPace.csv	syn61499492	True	text/csv				
/ocean/projects/med260006p/shared/biomedAI/project/replica/data/gait/weargait/PD PARTICIPANTS/CSV files/NLS148_SelfPace_mat.csv	syn61370558	NLS148_SelfPace_mat.csv	syn61499493	True	text/csv				
/ocean/projects/med260006p/shared/biomedAI/project/replica/data/gait/weargait/PD PARTICIPANTS/CSV files/NLS148_SelfPace_matTURN.csv	syn61370558	NLS148_SelfPace_matTURN.csv	syn61499494	True	text/csv				
/ocean/projects/med260006p/shared/biomedAI/project/replica/data/gait/weargait/PD PARTICIPANTS/CSV files/NLS148_TUG.csv	syn61370558	NLS148_TUG.csv	syn61499496	True	text/csv				
/ocean/projects/med260006p/shared/biomedAI/project/replica/data/gait/weargait/PD PARTICIPANTS/CSV files/NLS148_TandemGait.csv	syn61370558	NLS148_TandemGait.csv	syn61499495	True	text/csv				
/ocean/projects/med260006p/shared/biomedAI/project/replica/data/gait/weargait/PD PARTICIPANTS/CSV files/NLS149_Balance.csv	syn61370558	NLS149_Balance.csv	syn61499497	True	text/csv				
/ocean/projects/med260006p/shared/biomedAI/project/replica/data/gait/weargait/PD PARTICIPANTS/CSV files/NLS149_HurriedPace.csv	syn61370558	NLS149_HurriedPace.csv	syn61499499	True	text/csv				
/ocean/projects/med260006p/shared/biomedAI/project/replica/data/gait/weargait/PD PARTICIPANTS/CSV files/NLS149_HurriedPace_mat.csv	syn61370558	NLS149_HurriedPace_mat.csv	syn61499500	True	text/csv				
/ocean/projects/med260006p/shared/biomedAI/project/replica/data/gait/weargait/PD PARTICIPANTS/CSV files/NLS149_SelfPace.csv	syn61370558	NLS149_SelfPace.csv	syn61499501	True	text/csv				
/ocean/projects/med260006p/shared/biomedAI/project/replica/data/gait/weargait/PD PARTICIPANTS/CSV files/NLS149_SelfPace_mat.csv	syn61370558	NLS149_SelfPace_mat.csv	syn61499502	True	text/csv				
/ocean/projects/med260006p/shared/biomedAI/project/replica/data/gait/weargait/PD PARTICIPANTS/CSV files/NLS149_SelfPace_matTURN.csv	syn61370558	NLS149_SelfPace_matTURN.csv	syn61499503	True	text/csv				
/ocean/projects/med260006p/shared/biomedAI/project/replica/data/gait/weargait/PD PARTICIPANTS/CSV files/NLS149_TUG.csv	syn61370558	NLS149_TUG.csv	syn61499505	True	text/csv				
/ocean/projects/med260006p/shared/biomedAI/project/replica/data/gait/weargait/PD PARTICIPANTS/CSV files/NLS149_TandemGait.csv	syn61370558	NLS149_TandemGait.csv	syn61499504	True	text/csv				
/ocean/projects/med260006p/shared/biomedAI/project/replica/data/gait/weargait/PD PARTICIPANTS/CSV files/NLS150_Balance.csv	syn61370558	NLS150_Balance.csv	syn61499506	True	text/csv				
/ocean/projects/med260006p/shared/biomedAI/project/replica/data/gait/weargait/PD PARTICIPANTS/CSV files/NLS150_HurriedPace.csv	syn61370558	NLS150_HurriedPace.csv	syn61499507	True	text/csv				
/ocean/projects/med260006p/shared/biomedAI/project/replica/data/gait/weargait/PD PARTICIPANTS/CSV files/NLS150_HurriedPace_mat.csv	syn61370558	NLS150_HurriedPace_mat.csv	syn61499508	True	text/csv				
/ocean/projects/med260006p/shared/biomedAI/project/replica/data/gait/weargait/PD PARTICIPANTS/CSV files/NLS150_SelfPace.csv	syn61370558	NLS150_SelfPace.csv	syn61499509	True	text/csv				
/ocean/projects/med260006p/shared/biomedAI/project/replica/data/gait/weargait/PD PARTICIPANTS/CSV files/NLS150_SelfPace_mat.csv	syn61370558	NLS150_SelfPace_mat.csv	syn61499510	True	text/csv				
/ocean/projects/med260006p/shared/biomedAI/project/replica/data/gait/weargait/PD PARTICIPANTS/CSV files/NLS150_SelfPace_matTURN.csv	syn61370558	NLS150_SelfPace_matTURN.csv	syn61499511	True	text/csv				
/ocean/projects/med260006p/shared/biomedAI/project/replica/data/gait/weargait/PD PARTICIPANTS/CSV files/NLS150_TUG.csv	syn61370558	NLS150_TUG.csv	syn61499513	True	text/csv				
/ocean/projects/med260006p/shared/biomedAI/project/replica/data/gait/weargait/PD PARTICIPANTS/CSV files/NLS150_TandemGait.csv	syn61370558	NLS150_TandemGait.csv	syn61499512	True	text/csv				
/ocean/projects/med260006p/shared/biomedAI/project/replica/data/gait/weargait/PD PARTICIPANTS/CSV files/NLS151_Balance.csv	syn61370558	NLS151_Balance.csv	syn61499514	True	text/csv				
/ocean/projects/med260006p/shared/biomedAI/project/replica/data/gait/weargait/PD PARTICIPANTS/CSV files/NLS151_HurriedPace.csv	syn61370558	NLS151_HurriedPace.csv	syn61499515	True	text/csv				
/ocean/projects/med260006p/shared/biomedAI/project/replica/data/gait/weargait/PD PARTICIPANTS/CSV files/NLS151_HurriedPace_mat.csv	syn61370558	NLS151_HurriedPace_mat.csv	syn61499516	True	text/csv				
/ocean/projects/med260006p/shared/biomedAI/project/replica/data/gait/weargait/PD PARTICIPANTS/CSV files/NLS151_SelfPace.csv	syn61370558	NLS151_SelfPace.csv	syn61499518	True	text/csv				
/ocean/projects/med260006p/shared/biomedAI/project/replica/data/gait/weargait/PD PARTICIPANTS/CSV files/NLS151_SelfPace_mat.csv	syn61370558	NLS151_SelfPace_mat.csv	syn61499519	True	text/csv				
/ocean/projects/med260006p/shared/biomedAI/project/replica/data/gait/weargait/PD PARTICIPANTS/CSV files/NLS151_SelfPace_matTURN.csv	syn61370558	NLS151_SelfPace_matTURN.csv	syn61499520	True	text/csv				
/ocean/projects/med260006p/shared/biomedAI/project/replica/data/gait/weargait/PD PARTICIPANTS/CSV files/NLS151_TUG.csv	syn61370558	NLS151_TUG.csv	syn61499522	True	text/csv				
/ocean/projects/med260006p/shared/biomedAI/project/replica/data/gait/weargait/PD PARTICIPANTS/CSV files/NLS151_TandemGait.csv	syn61370558	NLS151_TandemGait.csv	syn61499521	True	text/csv				
/ocean/projects/med260006p/shared/biomedAI/project/replica/data/gait/weargait/PD PARTICIPANTS/CSV files/NLS152_Balance.csv	syn61370558	NLS152_Balance.csv	syn61499523	True	text/csv				
/ocean/projects/med260006p/shared/biomedAI/project/replica/data/gait/weargait/PD PARTICIPANTS/CSV files/NLS152_HurriedPace.csv	syn61370558	NLS152_HurriedPace.csv	syn61499524	True	text/csv				
/ocean/projects/med260006p/shared/biomedAI/project/replica/data/gait/weargait/PD PARTICIPANTS/CSV files/NLS152_HurriedPace_mat.csv	syn61370558	NLS152_HurriedPace_mat.csv	syn61499525	True	text/csv				
/ocean/projects/med260006p/shared/biomedAI/project/replica/data/gait/weargait/PD PARTICIPANTS/CSV files/NLS152_SelfPace.csv	syn61370558	NLS152_SelfPace.csv	syn61499526	True	text/csv				
/ocean/projects/med260006p/shared/biomedAI/project/replica/data/gait/weargait/PD PARTICIPANTS/CSV files/NLS152_SelfPace_mat.csv	syn61370558	NLS152_SelfPace_mat.csv	syn61499527	True	text/csv				
/ocean/projects/med260006p/shared/biomedAI/project/replica/data/gait/weargait/PD PARTICIPANTS/CSV files/NLS152_SelfPace_matTURN.csv	syn61370558	NLS152_SelfPace_matTURN.csv	syn61499528	True	text/csv				
/ocean/projects/med260006p/shared/biomedAI/project/replica/data/gait/weargait/PD PARTICIPANTS/CSV files/NLS152_TUG.csv	syn61370558	NLS152_TUG.csv	syn61499530	True	text/csv				
/ocean/projects/med260006p/shared/biomedAI/project/replica/data/gait/weargait/PD PARTICIPANTS/CSV files/NLS152_TandemGait.csv	syn61370558	NLS152_TandemGait.csv	syn61499529	True	text/csv				
/ocean/projects/med260006p/shared/biomedAI/project/replica/data/gait/weargait/PD PARTICIPANTS/CSV files/NLS153_Balance.csv	syn61370558	NLS153_Balance.csv	syn61499531	True	text/csv				
/ocean/projects/med260006p/shared/biomedAI/project/replica/data/gait/weargait/PD PARTICIPANTS/CSV files/NLS153_HurriedPace.csv	syn61370558	NLS153_HurriedPace.csv	syn61499532	True	text/csv				
/ocean/projects/med260006p/shared/biomedAI/project/replica/data/gait/weargait/PD PARTICIPANTS/CSV files/NLS153_HurriedPace_mat.csv	syn61370558	NLS153_HurriedPace_mat.csv	syn61499533	True	text/csv				
/ocean/projects/med260006p/shared/biomedAI/project/replica/data/gait/weargait/PD PARTICIPANTS/CSV files/NLS153_SelfPace.csv	syn61370558	NLS153_SelfPace.csv	syn61499534	True	text/csv				
/ocean/projects/med260006p/shared/biomedAI/project/replica/data/gait/weargait/PD PARTICIPANTS/CSV files/NLS153_SelfPace_mat.csv	syn61370558	NLS153_SelfPace_mat.csv	syn61499535	True	text/csv				
/ocean/projects/med260006p/shared/biomedAI/project/replica/data/gait/weargait/PD PARTICIPANTS/CSV files/NLS153_SelfPace_matTURN.csv	syn61370558	NLS153_SelfPace_matTURN.csv	syn61499536	True	text/csv				
/ocean/projects/med260006p/shared/biomedAI/project/replica/data/gait/weargait/PD PARTICIPANTS/CSV files/NLS153_TUG.csv	syn61370558	NLS153_TUG.csv	syn61499538	True	text/csv				
/ocean/projects/med260006p/shared/biomedAI/project/replica/data/gait/weargait/PD PARTICIPANTS/CSV files/NLS153_TandemGait.csv	syn61370558	NLS153_TandemGait.csv	syn61499537	True	text/csv				
/ocean/projects/med260006p/shared/biomedAI/project/replica/data/gait/weargait/PD PARTICIPANTS/CSV files/NLS154_Balance.csv	syn61370558	NLS154_Balance.csv	syn61499539	True	text/csv				
/ocean/projects/med260006p/shared/biomedAI/project/replica/data/gait/weargait/PD PARTICIPANTS/CSV files/NLS154_HurriedPace.csv	syn61370558	NLS154_HurriedPace.csv	syn61499540	True	text/csv				
/ocean/projects/med260006p/shared/biomedAI/project/replica/data/gait/weargait/PD PARTICIPANTS/CSV files/NLS154_HurriedPace_mat.csv	syn61370558	NLS154_HurriedPace_mat.csv	syn61499541	True	text/csv				
/ocean/projects/med260006p/shared/biomedAI/project/replica/data/gait/weargait/PD PARTICIPANTS/CSV files/NLS154_SelfPace.csv	syn61370558	NLS154_SelfPace.csv	syn61499542	True	text/csv				
/ocean/projects/med260006p/shared/biomedAI/project/replica/data/gait/weargait/PD PARTICIPANTS/CSV files/NLS154_SelfPace_mat.csv	syn61370558	NLS154_SelfPace_mat.csv	syn61499543	True	text/csv				
/ocean/projects/med260006p/shared/biomedAI/project/replica/data/gait/weargait/PD PARTICIPANTS/CSV files/NLS154_SelfPace_matTURN.csv	syn61370558	NLS154_SelfPace_matTURN.csv	syn61499544	True	text/csv				
/ocean/projects/med260006p/shared/biomedAI/project/replica/data/gait/weargait/PD PARTICIPANTS/CSV files/NLS154_TUG.csv	syn61370558	NLS154_TUG.csv	syn61499546	True	text/csv				
/ocean/projects/med260006p/shared/biomedAI/project/replica/data/gait/weargait/PD PARTICIPANTS/CSV files/NLS154_TandemGait.csv	syn61370558	NLS154_TandemGait.csv	syn61499545	True	text/csv				
/ocean/projects/med260006p/shared/biomedAI/project/replica/data/gait/weargait/PD PARTICIPANTS/CSV files/NLS155_Balance.csv	syn61370558	NLS155_Balance.csv	syn61499549	True	text/csv				
/ocean/projects/med260006p/shared/biomedAI/project/replica/data/gait/weargait/PD PARTICIPANTS/CSV files/NLS155_HurriedPace.csv	syn61370558	NLS155_HurriedPace.csv	syn61499550	True	text/csv				
/ocean/projects/med260006p/shared/biomedAI/project/replica/data/gait/weargait/PD PARTICIPANTS/CSV files/NLS155_HurriedPace_mat.csv	syn61370558	NLS155_HurriedPace_mat.csv	syn61499551	True	text/csv				
/ocean/projects/med260006p/shared/biomedAI/project/replica/data/gait/weargait/PD PARTICIPANTS/CSV files/NLS155_SelfPace.csv	syn61370558	NLS155_SelfPace.csv	syn61499552	True	text/csv				
/ocean/projects/med260006p/shared/biomedAI/project/replica/data/gait/weargait/PD PARTICIPANTS/CSV files/NLS155_SelfPace_mat.csv	syn61370558	NLS155_SelfPace_mat.csv	syn61499553	True	text/csv				
/ocean/projects/med260006p/shared/biomedAI/project/replica/data/gait/weargait/PD PARTICIPANTS/CSV files/NLS155_SelfPace_matTURN.csv	syn61370558	NLS155_SelfPace_matTURN.csv	syn61499555	True	text/csv				
/ocean/projects/med260006p/shared/biomedAI/project/replica/data/gait/weargait/PD PARTICIPANTS/CSV files/NLS155_TUG.csv	syn61370558	NLS155_TUG.csv	syn61499558	True	text/csv				
/ocean/projects/med260006p/shared/biomedAI/project/replica/data/gait/weargait/PD PARTICIPANTS/CSV files/NLS155_TandemGait.csv	syn61370558	NLS155_TandemGait.csv	syn61499557	True	text/csv				
/ocean/projects/med260006p/shared/biomedAI/project/replica/data/gait/weargait/PD PARTICIPANTS/CSV files/NLS157_Balance.csv	syn61370558	NLS157_Balance.csv	syn61499563	True	text/csv				
/ocean/projects/med260006p/shared/biomedAI/project/replica/data/gait/weargait/PD PARTICIPANTS/CSV files/NLS157_HurriedPace.csv	syn61370558	NLS157_HurriedPace.csv	syn61499564	True	text/csv				
/ocean/projects/med260006p/shared/biomedAI/project/replica/data/gait/weargait/PD PARTICIPANTS/CSV files/NLS157_HurriedPace_mat.csv	syn61370558	NLS157_HurriedPace_mat.csv	syn61499565	True	text/csv				
/ocean/projects/med260006p/shared/biomedAI/project/replica/data/gait/weargait/PD PARTICIPANTS/CSV files/NLS157_SelfPace.csv	syn61370558	NLS157_SelfPace.csv	syn61499566	True	text/csv				
/ocean/projects/med260006p/shared/biomedAI/project/replica/data/gait/weargait/PD PARTICIPANTS/CSV files/NLS157_SelfPace_mat.csv	syn61370558	NLS157_SelfPace_mat.csv	syn61499567	True	text/csv				
/ocean/projects/med260006p/shared/biomedAI/project/replica/data/gait/weargait/PD PARTICIPANTS/CSV files/NLS157_SelfPace_matTURN.csv	syn61370558	NLS157_SelfPace_matTURN.csv	syn61499568	True	text/csv				
/ocean/projects/med260006p/shared/biomedAI/project/replica/data/gait/weargait/PD PARTICIPANTS/CSV files/NLS157_TUG.csv	syn61370558	NLS157_TUG.csv	syn61499570	True	text/csv				
/ocean/projects/med260006p/shared/biomedAI/project/replica/data/gait/weargait/PD PARTICIPANTS/CSV files/NLS157_TandemGait.csv	syn61370558	NLS157_TandemGait.csv	syn61499569	True	text/csv				
/ocean/projects/med260006p/shared/biomedAI/project/replica/data/gait/weargait/PD PARTICIPANTS/CSV files/NLS158_Balance.csv	syn61370558	NLS158_Balance.csv	syn61499571	True	text/csv				
/ocean/projects/med260006p/shared/biomedAI/project/replica/data/gait/weargait/PD PARTICIPANTS/CSV files/NLS158_HurriedPace.csv	syn61370558	NLS158_HurriedPace.csv	syn61499572	True	text/csv				
/ocean/projects/med260006p/shared/biomedAI/project/replica/data/gait/weargait/PD PARTICIPANTS/CSV files/NLS158_HurriedPace_mat.csv	syn61370558	NLS158_HurriedPace_mat.csv	syn61499573	True	text/csv				
/ocean/projects/med260006p/shared/biomedAI/project/replica/data/gait/weargait/PD PARTICIPANTS/CSV files/NLS158_SelfPace.csv	syn61370558	NLS158_SelfPace.csv	syn61499576	True	text/csv				
/ocean/projects/med260006p/shared/biomedAI/project/replica/data/gait/weargait/PD PARTICIPANTS/CSV files/NLS158_SelfPace_mat.csv	syn61370558	NLS158_SelfPace_mat.csv	syn61499579	True	text/csv				
/ocean/projects/med260006p/shared/biomedAI/project/replica/data/gait/weargait/PD PARTICIPANTS/CSV files/NLS158_SelfPace_matTURN.csv	syn61370558	NLS158_SelfPace_matTURN.csv	syn61499586	True	text/csv				
/ocean/projects/med260006p/shared/biomedAI/project/replica/data/gait/weargait/PD PARTICIPANTS/CSV files/NLS158_TUG.csv	syn61370558	NLS158_TUG.csv	syn61499594	True	text/csv				
/ocean/projects/med260006p/shared/biomedAI/project/replica/data/gait/weargait/PD PARTICIPANTS/CSV files/NLS158_TandemGait.csv	syn61370558	NLS158_TandemGait.csv	syn61499590	True	text/csv				
/ocean/projects/med260006p/shared/biomedAI/project/replica/data/gait/weargait/PD PARTICIPANTS/CSV files/NLS159_Balance.csv	syn61370558	NLS159_Balance.csv	syn61499600	True	text/csv				
/ocean/projects/med260006p/shared/biomedAI/project/replica/data/gait/weargait/PD PARTICIPANTS/CSV files/NLS159_HurriedPace.csv	syn61370558	NLS159_HurriedPace.csv	syn61499602	True	text/csv				
/ocean/projects/med260006p/shared/biomedAI/project/replica/data/gait/weargait/PD PARTICIPANTS/CSV files/NLS159_HurriedPace_mat.csv	syn61370558	NLS159_HurriedPace_mat.csv	syn61499605	True	text/csv				
/ocean/projects/med260006p/shared/biomedAI/project/replica/data/gait/weargait/PD PARTICIPANTS/CSV files/NLS159_SelfPace.csv	syn61370558	NLS159_SelfPace.csv	syn61499607	True	text/csv				
/ocean/projects/med260006p/shared/biomedAI/project/replica/data/gait/weargait/PD PARTICIPANTS/CSV files/NLS159_SelfPace_mat.csv	syn61370558	NLS159_SelfPace_mat.csv	syn61499610	True	text/csv				
/ocean/projects/med260006p/shared/biomedAI/project/replica/data/gait/weargait/PD PARTICIPANTS/CSV files/NLS159_SelfPace_matTURN.csv	syn61370558	NLS159_SelfPace_matTURN.csv	syn61499613	True	text/csv				
/ocean/projects/med260006p/shared/biomedAI/project/replica/data/gait/weargait/PD PARTICIPANTS/CSV files/NLS159_TUG.csv	syn61370558	NLS159_TUG.csv	syn61499622	True	text/csv				
/ocean/projects/med260006p/shared/biomedAI/project/replica/data/gait/weargait/PD PARTICIPANTS/CSV files/NLS159_TandemGait.csv	syn61370558	NLS159_TandemGait.csv	syn61499616	True	text/csv				
/ocean/projects/med260006p/shared/biomedAI/project/replica/data/gait/weargait/PD PARTICIPANTS/CSV files/NLS160_Balance.csv	syn61370558	NLS160_Balance.csv	syn61499628	True	text/csv				
/ocean/projects/med260006p/shared/biomedAI/project/replica/data/gait/weargait/PD PARTICIPANTS/CSV files/NLS160_HurriedPace.csv	syn61370558	NLS160_HurriedPace.csv	syn61499630	True	text/csv				
/ocean/projects/med260006p/shared/biomedAI/project/replica/data/gait/weargait/PD PARTICIPANTS/CSV files/NLS160_HurriedPace_mat.csv	syn61370558	NLS160_HurriedPace_mat.csv	syn61499633	True	text/csv				
/ocean/projects/med260006p/shared/biomedAI/project/replica/data/gait/weargait/PD PARTICIPANTS/CSV files/NLS160_SelfPace.csv	syn61370558	NLS160_SelfPace.csv	syn61499636	True	text/csv				
/ocean/projects/med260006p/shared/biomedAI/project/replica/data/gait/weargait/PD PARTICIPANTS/CSV files/NLS160_SelfPace_mat.csv	syn61370558	NLS160_SelfPace_mat.csv	syn61499639	True	text/csv				
/ocean/projects/med260006p/shared/biomedAI/project/replica/data/gait/weargait/PD PARTICIPANTS/CSV files/NLS160_SelfPace_matTURN.csv	syn61370558	NLS160_SelfPace_matTURN.csv	syn61499642	True	text/csv				
/ocean/projects/med260006p/shared/biomedAI/project/replica/data/gait/weargait/PD PARTICIPANTS/CSV files/NLS160_TUG.csv	syn61370558	NLS160_TUG.csv	syn61499652	True	text/csv				
/ocean/projects/med260006p/shared/biomedAI/project/replica/data/gait/weargait/PD PARTICIPANTS/CSV files/NLS160_TandemGait.csv	syn61370558	NLS160_TandemGait.csv	syn61499648	True	text/csv				
/ocean/projects/med260006p/shared/biomedAI/project/replica/data/gait/weargait/PD PARTICIPANTS/CSV files/NLS161_Balance.csv	syn61370558	NLS161_Balance.csv	syn61499657	True	text/csv				
/ocean/projects/med260006p/shared/biomedAI/project/replica/data/gait/weargait/PD PARTICIPANTS/CSV files/NLS161_HurriedPace.csv	syn61370558	NLS161_HurriedPace.csv	syn61499660	True	text/csv				
/ocean/projects/med260006p/shared/biomedAI/project/replica/data/gait/weargait/PD PARTICIPANTS/CSV files/NLS161_HurriedPace_mat.csv	syn61370558	NLS161_HurriedPace_mat.csv	syn61499663	True	text/csv				
/ocean/projects/med260006p/shared/biomedAI/project/replica/data/gait/weargait/PD PARTICIPANTS/CSV files/NLS161_SelfPace.csv	syn61370558	NLS161_SelfPace.csv	syn61499667	True	text/csv				
/ocean/projects/med260006p/shared/biomedAI/project/replica/data/gait/weargait/PD PARTICIPANTS/CSV files/NLS161_SelfPace_mat.csv	syn61370558	NLS161_SelfPace_mat.csv	syn61499673	True	text/csv				
/ocean/projects/med260006p/shared/biomedAI/project/replica/data/gait/weargait/PD PARTICIPANTS/CSV files/NLS161_SelfPace_matTURN.csv	syn61370558	NLS161_SelfPace_matTURN.csv	syn61499677	True	text/csv				
/ocean/projects/med260006p/shared/biomedAI/project/replica/data/gait/weargait/PD PARTICIPANTS/CSV files/NLS161_TUG.csv	syn61370558	NLS161_TUG.csv	syn61499685	True	text/csv				
/ocean/projects/med260006p/shared/biomedAI/project/replica/data/gait/weargait/PD PARTICIPANTS/CSV files/NLS161_TandemGait.csv	syn61370558	NLS161_TandemGait.csv	syn61499680	True	text/csv				
/ocean/projects/med260006p/shared/biomedAI/project/replica/data/gait/weargait/PD PARTICIPANTS/CSV files/NLS162_Balance.csv	syn61370558	NLS162_Balance.csv	syn61499694	True	text/csv				
/ocean/projects/med260006p/shared/biomedAI/project/replica/data/gait/weargait/PD PARTICIPANTS/CSV files/NLS162_HurriedPace.csv	syn61370558	NLS162_HurriedPace.csv	syn61499696	True	text/csv				
/ocean/projects/med260006p/shared/biomedAI/project/replica/data/gait/weargait/PD PARTICIPANTS/CSV files/NLS162_HurriedPace_mat.csv	syn61370558	NLS162_HurriedPace_mat.csv	syn61499699	True	text/csv				
/ocean/projects/med260006p/shared/biomedAI/project/replica/data/gait/weargait/PD PARTICIPANTS/CSV files/NLS162_SelfPace.csv	syn61370558	NLS162_SelfPace.csv	syn61499702	True	text/csv				
/ocean/projects/med260006p/shared/biomedAI/project/replica/data/gait/weargait/PD PARTICIPANTS/CSV files/NLS162_SelfPace_mat.csv	syn61370558	NLS162_SelfPace_mat.csv	syn61499705	True	text/csv				
/ocean/projects/med260006p/shared/biomedAI/project/replica/data/gait/weargait/PD PARTICIPANTS/CSV files/NLS162_SelfPace_matTURN.csv	syn61370558	NLS162_SelfPace_matTURN.csv	syn61499708	True	text/csv				
/ocean/projects/med260006p/shared/biomedAI/project/replica/data/gait/weargait/PD PARTICIPANTS/CSV files/NLS162_TUG.csv	syn61370558	NLS162_TUG.csv	syn61499717	True	text/csv				
/ocean/projects/med260006p/shared/biomedAI/project/replica/data/gait/weargait/PD PARTICIPANTS/CSV files/NLS162_TandemGait.csv	syn61370558	NLS162_TandemGait.csv	syn61499713	True	text/csv				
/ocean/projects/med260006p/shared/biomedAI/project/replica/data/gait/weargait/PD PARTICIPANTS/CSV files/NLS163_Balance.csv	syn61370558	NLS163_Balance.csv	syn61499722	True	text/csv				
/ocean/projects/med260006p/shared/biomedAI/project/replica/data/gait/weargait/PD PARTICIPANTS/CSV files/NLS163_HurriedPace.csv	syn61370558	NLS163_HurriedPace.csv	syn61499724	True	text/csv				
/ocean/projects/med260006p/shared/biomedAI/project/replica/data/gait/weargait/PD PARTICIPANTS/CSV files/NLS163_HurriedPace_mat.csv	syn61370558	NLS163_HurriedPace_mat.csv	syn61499731	True	text/csv				
/ocean/projects/med260006p/shared/biomedAI/project/replica/data/gait/weargait/PD PARTICIPANTS/CSV files/NLS163_SelfPace.csv	syn61370558	NLS163_SelfPace.csv	syn61499734	True	text/csv				
/ocean/projects/med260006p/shared/biomedAI/project/replica/data/gait/weargait/PD PARTICIPANTS/CSV files/NLS163_SelfPace_mat.csv	syn61370558	NLS163_SelfPace_mat.csv	syn61499736	True	text/csv				
/ocean/projects/med260006p/shared/biomedAI/project/replica/data/gait/weargait/PD PARTICIPANTS/CSV files/NLS163_SelfPace_matTURN.csv	syn61370558	NLS163_SelfPace_matTURN.csv	syn61499742	True	text/csv				
/ocean/projects/med260006p/shared/biomedAI/project/replica/data/gait/weargait/PD PARTICIPANTS/CSV files/NLS163_TUG.csv	syn61370558	NLS163_TUG.csv	syn61499748	True	text/csv				
/ocean/projects/med260006p/shared/biomedAI/project/replica/data/gait/weargait/PD PARTICIPANTS/CSV files/NLS163_TandemGait.csv	syn61370558	NLS163_TandemGait.csv	syn61499745	True	text/csv				
/ocean/projects/med260006p/shared/biomedAI/project/replica/data/gait/weargait/PD PARTICIPANTS/CSV files/NLS164_Balance.csv	syn61370558	NLS164_Balance.csv	syn61499752	True	text/csv				
/ocean/projects/med260006p/shared/biomedAI/project/replica/data/gait/weargait/PD PARTICIPANTS/CSV files/NLS164_HurriedPace.csv	syn61370558	NLS164_HurriedPace.csv	syn61499754	True	text/csv				
/ocean/projects/med260006p/shared/biomedAI/project/replica/data/gait/weargait/PD PARTICIPANTS/CSV files/NLS164_HurriedPace_mat.csv	syn61370558	NLS164_HurriedPace_mat.csv	syn61499757	True	text/csv				
/ocean/projects/med260006p/shared/biomedAI/project/replica/data/gait/weargait/PD PARTICIPANTS/CSV files/NLS164_SelfPace.csv	syn61370558	NLS164_SelfPace.csv	syn61499760	True	text/csv				
/ocean/projects/med260006p/shared/biomedAI/project/replica/data/gait/weargait/PD PARTICIPANTS/CSV files/NLS164_SelfPace_mat.csv	syn61370558	NLS164_SelfPace_mat.csv	syn61499764	True	text/csv				
/ocean/projects/med260006p/shared/biomedAI/project/replica/data/gait/weargait/PD PARTICIPANTS/CSV files/NLS164_SelfPace_matTURN.csv	syn61370558	NLS164_SelfPace_matTURN.csv	syn61499769	True	text/csv				
/ocean/projects/med260006p/shared/biomedAI/project/replica/data/gait/weargait/PD PARTICIPANTS/CSV files/NLS164_TUG.csv	syn61370558	NLS164_TUG.csv	syn61499776	True	text/csv				
/ocean/projects/med260006p/shared/biomedAI/project/replica/data/gait/weargait/PD PARTICIPANTS/CSV files/NLS164_TandemGait.csv	syn61370558	NLS164_TandemGait.csv	syn61499772	True	text/csv				
/ocean/projects/med260006p/shared/biomedAI/project/replica/data/gait/weargait/PD PARTICIPANTS/CSV files/NLS165_Balance.csv	syn61370558	NLS165_Balance.csv	syn61499780	True	text/csv				
/ocean/projects/med260006p/shared/biomedAI/project/replica/data/gait/weargait/PD PARTICIPANTS/CSV files/NLS165_HurriedPace.csv	syn61370558	NLS165_HurriedPace.csv	syn61499783	True	text/csv				
/ocean/projects/med260006p/shared/biomedAI/project/replica/data/gait/weargait/PD PARTICIPANTS/CSV files/NLS165_HurriedPace_mat.csv	syn61370558	NLS165_HurriedPace_mat.csv	syn61499787	True	text/csv				
/ocean/projects/med260006p/shared/biomedAI/project/replica/data/gait/weargait/PD PARTICIPANTS/CSV files/NLS165_SelfPace.csv	syn61370558	NLS165_SelfPace.csv	syn61499790	True	text/csv				
/ocean/projects/med260006p/shared/biomedAI/project/replica/data/gait/weargait/PD PARTICIPANTS/CSV files/NLS165_SelfPace_mat.csv	syn61370558	NLS165_SelfPace_mat.csv	syn61499793	True	text/csv				
/ocean/projects/med260006p/shared/biomedAI/project/replica/data/gait/weargait/PD PARTICIPANTS/CSV files/NLS165_SelfPace_matTURN.csv	syn61370558	NLS165_SelfPace_matTURN.csv	syn61499796	True	text/csv				
/ocean/projects/med260006p/shared/biomedAI/project/replica/data/gait/weargait/PD PARTICIPANTS/CSV files/NLS165_TUG.csv	syn61370558	NLS165_TUG.csv	syn61499802	True	text/csv				
/ocean/projects/med260006p/shared/biomedAI/project/replica/data/gait/weargait/PD PARTICIPANTS/CSV files/NLS165_TandemGait.csv	syn61370558	NLS165_TandemGait.csv	syn61499800	True	text/csv				
/ocean/projects/med260006p/shared/biomedAI/project/replica/data/gait/weargait/PD PARTICIPANTS/CSV files/NLS166_Balance.csv	syn61370558	NLS166_Balance.csv	syn61499806	True	text/csv				
/ocean/projects/med260006p/shared/biomedAI/project/replica/data/gait/weargait/PD PARTICIPANTS/CSV files/NLS166_HurriedPace.csv	syn61370558	NLS166_HurriedPace.csv	syn61499810	True	text/csv				
/ocean/projects/med260006p/shared/biomedAI/project/replica/data/gait/weargait/PD PARTICIPANTS/CSV files/NLS166_HurriedPace_mat.csv	syn61370558	NLS166_HurriedPace_mat.csv	syn61499812	True	text/csv				
/ocean/projects/med260006p/shared/biomedAI/project/replica/data/gait/weargait/PD PARTICIPANTS/CSV files/NLS166_SelfPace.csv	syn61370558	NLS166_SelfPace.csv	syn61499816	True	text/csv				
/ocean/projects/med260006p/shared/biomedAI/project/replica/data/gait/weargait/PD PARTICIPANTS/CSV files/NLS166_SelfPace_mat.csv	syn61370558	NLS166_SelfPace_mat.csv	syn61499818	True	text/csv				
/ocean/projects/med260006p/shared/biomedAI/project/replica/data/gait/weargait/PD PARTICIPANTS/CSV files/NLS166_SelfPace_matTURN.csv	syn61370558	NLS166_SelfPace_matTURN.csv	syn61499821	True	text/csv				
/ocean/projects/med260006p/shared/biomedAI/project/replica/data/gait/weargait/PD PARTICIPANTS/CSV files/NLS166_TUG.csv	syn61370558	NLS166_TUG.csv	syn61499830	True	text/csv				
/ocean/projects/med260006p/shared/biomedAI/project/replica/data/gait/weargait/PD PARTICIPANTS/CSV files/NLS166_TandemGait.csv	syn61370558	NLS166_TandemGait.csv	syn61499827	True	text/csv				
/ocean/projects/med260006p/shared/biomedAI/project/replica/data/gait/weargait/PD PARTICIPANTS/CSV files/NLS167_Balance.csv	syn61370558	NLS167_Balance.csv	syn61499835	True	text/csv				
/ocean/projects/med260006p/shared/biomedAI/project/replica/data/gait/weargait/PD PARTICIPANTS/CSV files/NLS167_HurriedPace.csv	syn61370558	NLS167_HurriedPace.csv	syn61499839	True	text/csv				
/ocean/projects/med260006p/shared/biomedAI/project/replica/data/gait/weargait/PD PARTICIPANTS/CSV files/NLS167_HurriedPace_mat.csv	syn61370558	NLS167_HurriedPace_mat.csv	syn61499842	True	text/csv				
/ocean/projects/med260006p/shared/biomedAI/project/replica/data/gait/weargait/PD PARTICIPANTS/CSV files/NLS167_SelfPace.csv	syn61370558	NLS167_SelfPace.csv	syn61499845	True	text/csv				
/ocean/projects/med260006p/shared/biomedAI/project/replica/data/gait/weargait/PD PARTICIPANTS/CSV files/NLS167_SelfPace_mat.csv	syn61370558	NLS167_SelfPace_mat.csv	syn61499848	True	text/csv				
/ocean/projects/med260006p/shared/biomedAI/project/replica/data/gait/weargait/PD PARTICIPANTS/CSV files/NLS167_SelfPace_matTURN.csv	syn61370558	NLS167_SelfPace_matTURN.csv	syn61499851	True	text/csv				
/ocean/projects/med260006p/shared/biomedAI/project/replica/data/gait/weargait/PD PARTICIPANTS/CSV files/NLS167_TUG.csv	syn61370558	NLS167_TUG.csv	syn61499858	True	text/csv				
/ocean/projects/med260006p/shared/biomedAI/project/replica/data/gait/weargait/PD PARTICIPANTS/CSV files/NLS167_TandemGait.csv	syn61370558	NLS167_TandemGait.csv	syn61499854	True	text/csv				
/ocean/projects/med260006p/shared/biomedAI/project/replica/data/gait/weargait/PD PARTICIPANTS/CSV files/NLS169_Balance.csv	syn61370558	NLS169_Balance.csv	syn61499861	True	text/csv				
/ocean/projects/med260006p/shared/biomedAI/project/replica/data/gait/weargait/PD PARTICIPANTS/CSV files/NLS169_HurriedPace.csv	syn61370558	NLS169_HurriedPace.csv	syn61499863	True	text/csv				
/ocean/projects/med260006p/shared/biomedAI/project/replica/data/gait/weargait/PD PARTICIPANTS/CSV files/NLS169_HurriedPace_mat.csv	syn61370558	NLS169_HurriedPace_mat.csv	syn61499866	True	text/csv				
/ocean/projects/med260006p/shared/biomedAI/project/replica/data/gait/weargait/PD PARTICIPANTS/CSV files/NLS169_SelfPace.csv	syn61370558	NLS169_SelfPace.csv	syn61499869	True	text/csv				
/ocean/projects/med260006p/shared/biomedAI/project/replica/data/gait/weargait/PD PARTICIPANTS/CSV files/NLS169_SelfPace_mat.csv	syn61370558	NLS169_SelfPace_mat.csv	syn61499872	True	text/csv				
/ocean/projects/med260006p/shared/biomedAI/project/replica/data/gait/weargait/PD PARTICIPANTS/CSV files/NLS169_SelfPace_matTURN.csv	syn61370558	NLS169_SelfPace_matTURN.csv	syn61499874	True	text/csv				
/ocean/projects/med260006p/shared/biomedAI/project/replica/data/gait/weargait/PD PARTICIPANTS/CSV files/NLS169_TUG.csv	syn61370558	NLS169_TUG.csv	syn61499883	True	text/csv				
/ocean/projects/med260006p/shared/biomedAI/project/replica/data/gait/weargait/PD PARTICIPANTS/CSV files/NLS169_TandemGait.csv	syn61370558	NLS169_TandemGait.csv	syn61499878	True	text/csv				
/ocean/projects/med260006p/shared/biomedAI/project/replica/data/gait/weargait/PD PARTICIPANTS/CSV files/NLS170_Balance.csv	syn61370558	NLS170_Balance.csv	syn61499888	True	text/csv				
/ocean/projects/med260006p/shared/biomedAI/project/replica/data/gait/weargait/PD PARTICIPANTS/CSV files/NLS170_HurriedPace.csv	syn61370558	NLS170_HurriedPace.csv	syn61499890	True	text/csv				
/ocean/projects/med260006p/shared/biomedAI/project/replica/data/gait/weargait/PD PARTICIPANTS/CSV files/NLS170_HurriedPace_mat.csv	syn61370558	NLS170_HurriedPace_mat.csv	syn61499892	True	text/csv				
/ocean/projects/med260006p/shared/biomedAI/project/replica/data/gait/weargait/PD PARTICIPANTS/CSV files/NLS170_SelfPace.csv	syn61370558	NLS170_SelfPace.csv	syn61499896	True	text/csv				
/ocean/projects/med260006p/shared/biomedAI/project/replica/data/gait/weargait/PD PARTICIPANTS/CSV files/NLS170_SelfPace_mat.csv	syn61370558	NLS170_SelfPace_mat.csv	syn61499898	True	text/csv				
/ocean/projects/med260006p/shared/biomedAI/project/replica/data/gait/weargait/PD PARTICIPANTS/CSV files/NLS170_SelfPace_matTURN.csv	syn61370558	NLS170_SelfPace_matTURN.csv	syn61499901	True	text/csv				
/ocean/projects/med260006p/shared/biomedAI/project/replica/data/gait/weargait/PD PARTICIPANTS/CSV files/NLS170_TUG.csv	syn61370558	NLS170_TUG.csv	syn61499908	True	text/csv				
/ocean/projects/med260006p/shared/biomedAI/project/replica/data/gait/weargait/PD PARTICIPANTS/CSV files/NLS170_TandemGait.csv	syn61370558	NLS170_TandemGait.csv	syn61499903	True	text/csv				
/ocean/projects/med260006p/shared/biomedAI/project/replica/data/gait/weargait/PD PARTICIPANTS/CSV files/NLS172_Balance.csv	syn61370558	NLS172_Balance.csv	syn61499914	True	text/csv				
/ocean/projects/med260006p/shared/biomedAI/project/replica/data/gait/weargait/PD PARTICIPANTS/CSV files/NLS172_HurriedPace.csv	syn61370558	NLS172_HurriedPace.csv	syn61499917	True	text/csv				
/ocean/projects/med260006p/shared/biomedAI/project/replica/data/gait/weargait/PD PARTICIPANTS/CSV files/NLS172_HurriedPace_mat.csv	syn61370558	NLS172_HurriedPace_mat.csv	syn61499920	True	text/csv				
/ocean/projects/med260006p/shared/biomedAI/project/replica/data/gait/weargait/PD PARTICIPANTS/CSV files/NLS172_SelfPace.csv	syn61370558	NLS172_SelfPace.csv	syn61499923	True	text/csv				
/ocean/projects/med260006p/shared/biomedAI/project/replica/data/gait/weargait/PD PARTICIPANTS/CSV files/NLS172_SelfPace_mat.csv	syn61370558	NLS172_SelfPace_mat.csv	syn61499926	True	text/csv				
/ocean/projects/med260006p/shared/biomedAI/project/replica/data/gait/weargait/PD PARTICIPANTS/CSV files/NLS172_SelfPace_matTURN.csv	syn61370558	NLS172_SelfPace_matTURN.csv	syn61499930	True	text/csv				
/ocean/projects/med260006p/shared/biomedAI/project/replica/data/gait/weargait/PD PARTICIPANTS/CSV files/NLS172_TUG.csv	syn61370558	NLS172_TUG.csv	syn61499937	True	text/csv				
/ocean/projects/med260006p/shared/biomedAI/project/replica/data/gait/weargait/PD PARTICIPANTS/CSV files/NLS172_TandemGait.csv	syn61370558	NLS172_TandemGait.csv	syn61499933	True	text/csv				
/ocean/projects/med260006p/shared/biomedAI/project/replica/data/gait/weargait/PD PARTICIPANTS/CSV files/NLS173_Balance.csv	syn61370558	NLS173_Balance.csv	syn61499942	True	text/csv				
/ocean/projects/med260006p/shared/biomedAI/project/replica/data/gait/weargait/PD PARTICIPANTS/CSV files/NLS173_HurriedPace.csv	syn61370558	NLS173_HurriedPace.csv	syn61499945	True	text/csv				
/ocean/projects/med260006p/shared/biomedAI/project/replica/data/gait/weargait/PD PARTICIPANTS/CSV files/NLS173_HurriedPace_mat.csv	syn61370558	NLS173_HurriedPace_mat.csv	syn61499948	True	text/csv				
/ocean/projects/med260006p/shared/biomedAI/project/replica/data/gait/weargait/PD PARTICIPANTS/CSV files/NLS173_SelfPace.csv	syn61370558	NLS173_SelfPace.csv	syn61499951	True	text/csv				
/ocean/projects/med260006p/shared/biomedAI/project/replica/data/gait/weargait/PD PARTICIPANTS/CSV files/NLS173_SelfPace_mat.csv	syn61370558	NLS173_SelfPace_mat.csv	syn61499954	True	text/csv				
/ocean/projects/med260006p/shared/biomedAI/project/replica/data/gait/weargait/PD PARTICIPANTS/CSV files/NLS173_SelfPace_matTURN.csv	syn61370558	NLS173_SelfPace_matTURN.csv	syn61499957	True	text/csv				
/ocean/projects/med260006p/shared/biomedAI/project/replica/data/gait/weargait/PD PARTICIPANTS/CSV files/NLS173_TUG.csv	syn61370558	NLS173_TUG.csv	syn61499963	True	text/csv				
/ocean/projects/med260006p/shared/biomedAI/project/replica/data/gait/weargait/PD PARTICIPANTS/CSV files/NLS173_TandemGait.csv	syn61370558	NLS173_TandemGait.csv	syn61499960	True	text/csv				
/ocean/projects/med260006p/shared/biomedAI/project/replica/data/gait/weargait/PD PARTICIPANTS/CSV files/NLS174_Balance.csv	syn61370558	NLS174_Balance.csv	syn61499967	True	text/csv				
/ocean/projects/med260006p/shared/biomedAI/project/replica/data/gait/weargait/PD PARTICIPANTS/CSV files/NLS174_HurriedPace.csv	syn61370558	NLS174_HurriedPace.csv	syn61499970	True	text/csv				
/ocean/projects/med260006p/shared/biomedAI/project/replica/data/gait/weargait/PD PARTICIPANTS/CSV files/NLS174_HurriedPace_mat.csv	syn61370558	NLS174_HurriedPace_mat.csv	syn61499973	True	text/csv				
/ocean/projects/med260006p/shared/biomedAI/project/replica/data/gait/weargait/PD PARTICIPANTS/CSV files/NLS174_SelfPace.csv	syn61370558	NLS174_SelfPace.csv	syn61499975	True	text/csv				
/ocean/projects/med260006p/shared/biomedAI/project/replica/data/gait/weargait/PD PARTICIPANTS/CSV files/NLS174_SelfPace_mat.csv	syn61370558	NLS174_SelfPace_mat.csv	syn61499978	True	text/csv				
/ocean/projects/med260006p/shared/biomedAI/project/replica/data/gait/weargait/PD PARTICIPANTS/CSV files/NLS174_SelfPace_matTURN.csv	syn61370558	NLS174_SelfPace_matTURN.csv	syn61499981	True	text/csv				
/ocean/projects/med260006p/shared/biomedAI/project/replica/data/gait/weargait/PD PARTICIPANTS/CSV files/NLS174_TUG.csv	syn61370558	NLS174_TUG.csv	syn61499987	True	text/csv				
/ocean/projects/med260006p/shared/biomedAI/project/replica/data/gait/weargait/PD PARTICIPANTS/CSV files/NLS174_TandemGait.csv	syn61370558	NLS174_TandemGait.csv	syn61499984	True	text/csv				
/ocean/projects/med260006p/shared/biomedAI/project/replica/data/gait/weargait/PD PARTICIPANTS/CSV files/NLS175_Balance.csv	syn61370558	NLS175_Balance.csv	syn61499991	True	text/csv				
/ocean/projects/med260006p/shared/biomedAI/project/replica/data/gait/weargait/PD PARTICIPANTS/CSV files/NLS175_HurriedPace.csv	syn61370558	NLS175_HurriedPace.csv	syn61499994	True	text/csv				
/ocean/projects/med260006p/shared/biomedAI/project/replica/data/gait/weargait/PD PARTICIPANTS/CSV files/NLS175_HurriedPace_mat.csv	syn61370558	NLS175_HurriedPace_mat.csv	syn61499997	True	text/csv				
/ocean/projects/med260006p/shared/biomedAI/project/replica/data/gait/weargait/PD PARTICIPANTS/CSV files/NLS175_SelfPace.csv	syn61370558	NLS175_SelfPace.csv	syn61499999	True	text/csv				
/ocean/projects/med260006p/shared/biomedAI/project/replica/data/gait/weargait/PD PARTICIPANTS/CSV files/NLS175_SelfPace_mat.csv	syn61370558	NLS175_SelfPace_mat.csv	syn61500002	True	text/csv				
/ocean/projects/med260006p/shared/biomedAI/project/replica/data/gait/weargait/PD PARTICIPANTS/CSV files/NLS175_SelfPace_matTURN.csv	syn61370558	NLS175_SelfPace_matTURN.csv	syn61500005	True	text/csv				
/ocean/projects/med260006p/shared/biomedAI/project/replica/data/gait/weargait/PD PARTICIPANTS/CSV files/NLS175_TUG.csv	syn61370558	NLS175_TUG.csv	syn61500011	True	text/csv				
/ocean/projects/med260006p/shared/biomedAI/project/replica/data/gait/weargait/PD PARTICIPANTS/CSV files/NLS175_TandemGait.csv	syn61370558	NLS175_TandemGait.csv	syn61500008	True	text/csv				
/ocean/projects/med260006p/shared/biomedAI/project/replica/data/gait/weargait/PD PARTICIPANTS/CSV files/NLS176_Balance.csv	syn61370558	NLS176_Balance.csv	syn61500017	True	text/csv				
/ocean/projects/med260006p/shared/biomedAI/project/replica/data/gait/weargait/PD PARTICIPANTS/CSV files/NLS176_HurriedPace.csv	syn61370558	NLS176_HurriedPace.csv	syn61500020	True	text/csv				
/ocean/projects/med260006p/shared/biomedAI/project/replica/data/gait/weargait/PD PARTICIPANTS/CSV files/NLS176_HurriedPace_mat.csv	syn61370558	NLS176_HurriedPace_mat.csv	syn61500023	True	text/csv				
/ocean/projects/med260006p/shared/biomedAI/project/replica/data/gait/weargait/PD PARTICIPANTS/CSV files/NLS176_SelfPace.csv	syn61370558	NLS176_SelfPace.csv	syn61500025	True	text/csv				
/ocean/projects/med260006p/shared/biomedAI/project/replica/data/gait/weargait/PD PARTICIPANTS/CSV files/NLS176_SelfPace_mat.csv	syn61370558	NLS176_SelfPace_mat.csv	syn61500027	True	text/csv				
/ocean/projects/med260006p/shared/biomedAI/project/replica/data/gait/weargait/PD PARTICIPANTS/CSV files/NLS176_SelfPace_matTURN.csv	syn61370558	NLS176_SelfPace_matTURN.csv	syn61500033	True	text/csv				
/ocean/projects/med260006p/shared/biomedAI/project/replica/data/gait/weargait/PD PARTICIPANTS/CSV files/NLS176_TUG.csv	syn61370558	NLS176_TUG.csv	syn61500044	True	text/csv				
/ocean/projects/med260006p/shared/biomedAI/project/replica/data/gait/weargait/PD PARTICIPANTS/CSV files/NLS176_TandemGait.csv	syn61370558	NLS176_TandemGait.csv	syn61500035	True	text/csv				
/ocean/projects/med260006p/shared/biomedAI/project/replica/data/gait/weargait/PD PARTICIPANTS/CSV files/NLS177_Balance.csv	syn61370558	NLS177_Balance.csv	syn61980383	True	text/csv				
/ocean/projects/med260006p/shared/biomedAI/project/replica/data/gait/weargait/PD PARTICIPANTS/CSV files/NLS177_HurriedPace.csv	syn61370558	NLS177_HurriedPace.csv	syn61980384	True	text/csv				
/ocean/projects/med260006p/shared/biomedAI/project/replica/data/gait/weargait/PD PARTICIPANTS/CSV files/NLS177_HurriedPace_mat.csv	syn61370558	NLS177_HurriedPace_mat.csv	syn61980385	True	text/csv				
/ocean/projects/med260006p/shared/biomedAI/project/replica/data/gait/weargait/PD PARTICIPANTS/CSV files/NLS177_SelfPace.csv	syn61370558	NLS177_SelfPace.csv	syn61980386	True	text/csv				
/ocean/projects/med260006p/shared/biomedAI/project/replica/data/gait/weargait/PD PARTICIPANTS/CSV files/NLS177_SelfPace_mat.csv	syn61370558	NLS177_SelfPace_mat.csv	syn61980387	True	text/csv				
/ocean/projects/med260006p/shared/biomedAI/project/replica/data/gait/weargait/PD PARTICIPANTS/CSV files/NLS177_SelfPace_matTURN.csv	syn61370558	NLS177_SelfPace_matTURN.csv	syn61980388	True	text/csv				
/ocean/projects/med260006p/shared/biomedAI/project/replica/data/gait/weargait/PD PARTICIPANTS/CSV files/NLS177_TUG.csv	syn61370558	NLS177_TUG.csv	syn61980392	True	text/csv				
/ocean/projects/med260006p/shared/biomedAI/project/replica/data/gait/weargait/PD PARTICIPANTS/CSV files/NLS177_TandemGait.csv	syn61370558	NLS177_TandemGait.csv	syn61980389	True	text/csv				
/ocean/projects/med260006p/shared/biomedAI/project/replica/data/gait/weargait/PD PARTICIPANTS/CSV files/NLS179_Balance.csv	syn61370558	NLS179_Balance.csv	syn61980397	True	text/csv				
/ocean/projects/med260006p/shared/biomedAI/project/replica/data/gait/weargait/PD PARTICIPANTS/CSV files/NLS179_HurriedPace.csv	syn61370558	NLS179_HurriedPace.csv	syn61980398	True	text/csv				
/ocean/projects/med260006p/shared/biomedAI/project/replica/data/gait/weargait/PD PARTICIPANTS/CSV files/NLS179_HurriedPace_mat.csv	syn61370558	NLS179_HurriedPace_mat.csv	syn61980399	True	text/csv				
/ocean/projects/med260006p/shared/biomedAI/project/replica/data/gait/weargait/PD PARTICIPANTS/CSV files/NLS179_SelfPace.csv	syn61370558	NLS179_SelfPace.csv	syn61980400	True	text/csv				
/ocean/projects/med260006p/shared/biomedAI/project/replica/data/gait/weargait/PD PARTICIPANTS/CSV files/NLS179_SelfPace_mat.csv	syn61370558	NLS179_SelfPace_mat.csv	syn61980401	True	text/csv				
/ocean/projects/med260006p/shared/biomedAI/project/replica/data/gait/weargait/PD PARTICIPANTS/CSV files/NLS179_SelfPace_matTURN.csv	syn61370558	NLS179_SelfPace_matTURN.csv	syn61980402	True	text/csv				
/ocean/projects/med260006p/shared/biomedAI/project/replica/data/gait/weargait/PD PARTICIPANTS/CSV files/NLS179_TUG.csv	syn61370558	NLS179_TUG.csv	syn61980404	True	text/csv				
/ocean/projects/med260006p/shared/biomedAI/project/replica/data/gait/weargait/PD PARTICIPANTS/CSV files/NLS179_TandemGait.csv	syn61370558	NLS179_TandemGait.csv	syn61980403	True	text/csv				
/ocean/projects/med260006p/shared/biomedAI/project/replica/data/gait/weargait/PD PARTICIPANTS/CSV files/NLS182_Balance.csv	syn61370558	NLS182_Balance.csv	syn61980405	True	text/csv				
/ocean/projects/med260006p/shared/biomedAI/project/replica/data/gait/weargait/PD PARTICIPANTS/CSV files/NLS182_HurriedPace.csv	syn61370558	NLS182_HurriedPace.csv	syn61980406	True	text/csv				
/ocean/projects/med260006p/shared/biomedAI/project/replica/data/gait/weargait/PD PARTICIPANTS/CSV files/NLS182_HurriedPace_mat.csv	syn61370558	NLS182_HurriedPace_mat.csv	syn61980407	True	text/csv				
/ocean/projects/med260006p/shared/biomedAI/project/replica/data/gait/weargait/PD PARTICIPANTS/CSV files/NLS182_SelfPace.csv	syn61370558	NLS182_SelfPace.csv	syn61980408	True	text/csv				
/ocean/projects/med260006p/shared/biomedAI/project/replica/data/gait/weargait/PD PARTICIPANTS/CSV files/NLS182_SelfPace_mat.csv	syn61370558	NLS182_SelfPace_mat.csv	syn61980409	True	text/csv				
/ocean/projects/med260006p/shared/biomedAI/project/replica/data/gait/weargait/PD PARTICIPANTS/CSV files/NLS182_SelfPace_matTURN.csv	syn61370558	NLS182_SelfPace_matTURN.csv	syn61980410	True	text/csv				
/ocean/projects/med260006p/shared/biomedAI/project/replica/data/gait/weargait/PD PARTICIPANTS/CSV files/NLS182_TUG.csv	syn61370558	NLS182_TUG.csv	syn61980412	True	text/csv				
/ocean/projects/med260006p/shared/biomedAI/project/replica/data/gait/weargait/PD PARTICIPANTS/CSV files/NLS182_TandemGait.csv	syn61370558	NLS182_TandemGait.csv	syn61980411	True	text/csv				
/ocean/projects/med260006p/shared/biomedAI/project/replica/data/gait/weargait/PD PARTICIPANTS/CSV files/NLS183_Balance.csv	syn61370558	NLS183_Balance.csv	syn61980413	True	text/csv				
/ocean/projects/med260006p/shared/biomedAI/project/replica/data/gait/weargait/PD PARTICIPANTS/CSV files/NLS183_HurriedPace.csv	syn61370558	NLS183_HurriedPace.csv	syn61980414	True	text/csv				
/ocean/projects/med260006p/shared/biomedAI/project/replica/data/gait/weargait/PD PARTICIPANTS/CSV files/NLS183_HurriedPace_mat.csv	syn61370558	NLS183_HurriedPace_mat.csv	syn61980415	True	text/csv				
/ocean/projects/med260006p/shared/biomedAI/project/replica/data/gait/weargait/PD PARTICIPANTS/CSV files/NLS183_SelfPace.csv	syn61370558	NLS183_SelfPace.csv	syn61980416	True	text/csv				
/ocean/projects/med260006p/shared/biomedAI/project/replica/data/gait/weargait/PD PARTICIPANTS/CSV files/NLS183_SelfPace_mat.csv	syn61370558	NLS183_SelfPace_mat.csv	syn61980417	True	text/csv				
/ocean/projects/med260006p/shared/biomedAI/project/replica/data/gait/weargait/PD PARTICIPANTS/CSV files/NLS183_SelfPace_matTURN.csv	syn61370558	NLS183_SelfPace_matTURN.csv	syn61980418	True	text/csv				
/ocean/projects/med260006p/shared/biomedAI/project/replica/data/gait/weargait/PD PARTICIPANTS/CSV files/NLS183_TUG.csv	syn61370558	NLS183_TUG.csv	syn61980420	True	text/csv				
/ocean/projects/med260006p/shared/biomedAI/project/replica/data/gait/weargait/PD PARTICIPANTS/CSV files/NLS183_TandemGait.csv	syn61370558	NLS183_TandemGait.csv	syn61980419	True	text/csv				
/ocean/projects/med260006p/shared/biomedAI/project/replica/data/gait/weargait/PD PARTICIPANTS/CSV files/NLS184_Balance.csv	syn61370558	NLS184_Balance.csv	syn61980421	True	text/csv				
/ocean/projects/med260006p/shared/biomedAI/project/replica/data/gait/weargait/PD PARTICIPANTS/CSV files/NLS184_HurriedPace.csv	syn61370558	NLS184_HurriedPace.csv	syn61980422	True	text/csv				
/ocean/projects/med260006p/shared/biomedAI/project/replica/data/gait/weargait/PD PARTICIPANTS/CSV files/NLS184_HurriedPace_mat.csv	syn61370558	NLS184_HurriedPace_mat.csv	syn61980423	True	text/csv				
/ocean/projects/med260006p/shared/biomedAI/project/replica/data/gait/weargait/PD PARTICIPANTS/CSV files/NLS184_SelfPace.csv	syn61370558	NLS184_SelfPace.csv	syn61980424	True	text/csv				
/ocean/projects/med260006p/shared/biomedAI/project/replica/data/gait/weargait/PD PARTICIPANTS/CSV files/NLS184_SelfPace_mat.csv	syn61370558	NLS184_SelfPace_mat.csv	syn61980427	True	text/csv				
/ocean/projects/med260006p/shared/biomedAI/project/replica/data/gait/weargait/PD PARTICIPANTS/CSV files/NLS184_SelfPace_matTURN.csv	syn61370558	NLS184_SelfPace_matTURN.csv	syn61980428	True	text/csv				
/ocean/projects/med260006p/shared/biomedAI/project/replica/data/gait/weargait/PD PARTICIPANTS/CSV files/NLS184_TUG.csv	syn61370558	NLS184_TUG.csv	syn61980430	True	text/csv				
/ocean/projects/med260006p/shared/biomedAI/project/replica/data/gait/weargait/PD PARTICIPANTS/CSV files/NLS184_TandemGait.csv	syn61370558	NLS184_TandemGait.csv	syn61980429	True	text/csv				
/ocean/projects/med260006p/shared/biomedAI/project/replica/data/gait/weargait/PD PARTICIPANTS/CSV files/NLS185_Balance.csv	syn61370558	NLS185_Balance.csv	syn61980431	True	text/csv				
/ocean/projects/med260006p/shared/biomedAI/project/replica/data/gait/weargait/PD PARTICIPANTS/CSV files/NLS185_HurriedPace.csv	syn61370558	NLS185_HurriedPace.csv	syn61980432	True	text/csv				
/ocean/projects/med260006p/shared/biomedAI/project/replica/data/gait/weargait/PD PARTICIPANTS/CSV files/NLS185_HurriedPace_mat.csv	syn61370558	NLS185_HurriedPace_mat.csv	syn61980433	True	text/csv				
/ocean/projects/med260006p/shared/biomedAI/project/replica/data/gait/weargait/PD PARTICIPANTS/CSV files/NLS185_SelfPace.csv	syn61370558	NLS185_SelfPace.csv	syn61980434	True	text/csv				
/ocean/projects/med260006p/shared/biomedAI/project/replica/data/gait/weargait/PD PARTICIPANTS/CSV files/NLS185_SelfPace_mat.csv	syn61370558	NLS185_SelfPace_mat.csv	syn61980435	True	text/csv				
/ocean/projects/med260006p/shared/biomedAI/project/replica/data/gait/weargait/PD PARTICIPANTS/CSV files/NLS185_SelfPace_matTURN.csv	syn61370558	NLS185_SelfPace_matTURN.csv	syn61980436	True	text/csv				
/ocean/projects/med260006p/shared/biomedAI/project/replica/data/gait/weargait/PD PARTICIPANTS/CSV files/NLS185_TUG.csv	syn61370558	NLS185_TUG.csv	syn61980438	True	text/csv				
/ocean/projects/med260006p/shared/biomedAI/project/replica/data/gait/weargait/PD PARTICIPANTS/CSV files/NLS185_TandemGait.csv	syn61370558	NLS185_TandemGait.csv	syn61980437	True	text/csv				
/ocean/projects/med260006p/shared/biomedAI/project/replica/data/gait/weargait/PD PARTICIPANTS/CSV files/NLS186_Balance.csv	syn61370558	NLS186_Balance.csv	syn61980439	True	text/csv				
/ocean/projects/med260006p/shared/biomedAI/project/replica/data/gait/weargait/PD PARTICIPANTS/CSV files/NLS186_HurriedPace.csv	syn61370558	NLS186_HurriedPace.csv	syn61980440	True	text/csv				
/ocean/projects/med260006p/shared/biomedAI/project/replica/data/gait/weargait/PD PARTICIPANTS/CSV files/NLS186_HurriedPace_mat.csv	syn61370558	NLS186_HurriedPace_mat.csv	syn61980441	True	text/csv				
/ocean/projects/med260006p/shared/biomedAI/project/replica/data/gait/weargait/PD PARTICIPANTS/CSV files/NLS186_SelfPace.csv	syn61370558	NLS186_SelfPace.csv	syn61980442	True	text/csv				
/ocean/projects/med260006p/shared/biomedAI/project/replica/data/gait/weargait/PD PARTICIPANTS/CSV files/NLS186_SelfPace_mat.csv	syn61370558	NLS186_SelfPace_mat.csv	syn61980443	True	text/csv				
/ocean/projects/med260006p/shared/biomedAI/project/replica/data/gait/weargait/PD PARTICIPANTS/CSV files/NLS186_SelfPace_matTURN.csv	syn61370558	NLS186_SelfPace_matTURN.csv	syn61980444	True	text/csv				
/ocean/projects/med260006p/shared/biomedAI/project/replica/data/gait/weargait/PD PARTICIPANTS/CSV files/NLS186_TUG.csv	syn61370558	NLS186_TUG.csv	syn61980446	True	text/csv				
/ocean/projects/med260006p/shared/biomedAI/project/replica/data/gait/weargait/PD PARTICIPANTS/CSV files/NLS186_TandemGait.csv	syn61370558	NLS186_TandemGait.csv	syn61980445	True	text/csv				
/ocean/projects/med260006p/shared/biomedAI/project/replica/data/gait/weargait/PD PARTICIPANTS/CSV files/NLS187_Balance.csv	syn61370558	NLS187_Balance.csv	syn63100028	True	text/csv				
/ocean/projects/med260006p/shared/biomedAI/project/replica/data/gait/weargait/PD PARTICIPANTS/CSV files/NLS187_HurriedPace.csv	syn61370558	NLS187_HurriedPace.csv	syn63100029	True	text/csv				
/ocean/projects/med260006p/shared/biomedAI/project/replica/data/gait/weargait/PD PARTICIPANTS/CSV files/NLS187_HurriedPace_mat.csv	syn61370558	NLS187_HurriedPace_mat.csv	syn63100030	True	text/csv				
/ocean/projects/med260006p/shared/biomedAI/project/replica/data/gait/weargait/PD PARTICIPANTS/CSV files/NLS187_SelfPace.csv	syn61370558	NLS187_SelfPace.csv	syn63100031	True	text/csv				
/ocean/projects/med260006p/shared/biomedAI/project/replica/data/gait/weargait/PD PARTICIPANTS/CSV files/NLS187_SelfPace_mat.csv	syn61370558	NLS187_SelfPace_mat.csv	syn63100032	True	text/csv				
/ocean/projects/med260006p/shared/biomedAI/project/replica/data/gait/weargait/PD PARTICIPANTS/CSV files/NLS187_SelfPace_matTURN.csv	syn61370558	NLS187_SelfPace_matTURN.csv	syn63100033	True	text/csv				
/ocean/projects/med260006p/shared/biomedAI/project/replica/data/gait/weargait/PD PARTICIPANTS/CSV files/NLS187_TUG.csv	syn61370558	NLS187_TUG.csv	syn63100035	True	text/csv				
/ocean/projects/med260006p/shared/biomedAI/project/replica/data/gait/weargait/PD PARTICIPANTS/CSV files/NLS187_TandemGait.csv	syn61370558	NLS187_TandemGait.csv	syn63100034	True	text/csv				
/ocean/projects/med260006p/shared/biomedAI/project/replica/data/gait/weargait/PD PARTICIPANTS/CSV files/NLS188_Balance.csv	syn61370558	NLS188_Balance.csv	syn63100036	True	text/csv				
/ocean/projects/med260006p/shared/biomedAI/project/replica/data/gait/weargait/PD PARTICIPANTS/CSV files/NLS188_HurriedPace.csv	syn61370558	NLS188_HurriedPace.csv	syn63100037	True	text/csv				
/ocean/projects/med260006p/shared/biomedAI/project/replica/data/gait/weargait/PD PARTICIPANTS/CSV files/NLS188_HurriedPace_mat.csv	syn61370558	NLS188_HurriedPace_mat.csv	syn63100038	True	text/csv				
/ocean/projects/med260006p/shared/biomedAI/project/replica/data/gait/weargait/PD PARTICIPANTS/CSV files/NLS188_SelfPace.csv	syn61370558	NLS188_SelfPace.csv	syn63100039	True	text/csv				
/ocean/projects/med260006p/shared/biomedAI/project/replica/data/gait/weargait/PD PARTICIPANTS/CSV files/NLS188_SelfPace_mat.csv	syn61370558	NLS188_SelfPace_mat.csv	syn63100040	True	text/csv				
/ocean/projects/med260006p/shared/biomedAI/project/replica/data/gait/weargait/PD PARTICIPANTS/CSV files/NLS188_SelfPace_matTURN.csv	syn61370558	NLS188_SelfPace_matTURN.csv	syn63100041	True	text/csv				
/ocean/projects/med260006p/shared/biomedAI/project/replica/data/gait/weargait/PD PARTICIPANTS/CSV files/NLS188_TUG.csv	syn61370558	NLS188_TUG.csv	syn63100043	True	text/csv				
/ocean/projects/med260006p/shared/biomedAI/project/replica/data/gait/weargait/PD PARTICIPANTS/CSV files/NLS188_TandemGait.csv	syn61370558	NLS188_TandemGait.csv	syn63100042	True	text/csv				
/ocean/projects/med260006p/shared/biomedAI/project/replica/data/gait/weargait/PD PARTICIPANTS/CSV files/NLS189_Balance.csv	syn61370558	NLS189_Balance.csv	syn66528178	True	text/csv				
/ocean/projects/med260006p/shared/biomedAI/project/replica/data/gait/weargait/PD PARTICIPANTS/CSV files/NLS189_HurriedPace.csv	syn61370558	NLS189_HurriedPace.csv	syn66528180	True	text/csv				
/ocean/projects/med260006p/shared/biomedAI/project/replica/data/gait/weargait/PD PARTICIPANTS/CSV files/NLS189_HurriedPace_mat.csv	syn61370558	NLS189_HurriedPace_mat.csv	syn66528179	True	text/csv				
/ocean/projects/med260006p/shared/biomedAI/project/replica/data/gait/weargait/PD PARTICIPANTS/CSV files/NLS189_SelfPace.csv	syn61370558	NLS189_SelfPace.csv	syn66528181	True	text/csv				
/ocean/projects/med260006p/shared/biomedAI/project/replica/data/gait/weargait/PD PARTICIPANTS/CSV files/NLS189_SelfPace_mat.csv	syn61370558	NLS189_SelfPace_mat.csv	syn66528182	True	text/csv				
/ocean/projects/med260006p/shared/biomedAI/project/replica/data/gait/weargait/PD PARTICIPANTS/CSV files/NLS189_SelfPace_matTURN.csv	syn61370558	NLS189_SelfPace_matTURN.csv	syn66528183	True	text/csv				
/ocean/projects/med260006p/shared/biomedAI/project/replica/data/gait/weargait/PD PARTICIPANTS/CSV files/NLS189_TUG.csv	syn61370558	NLS189_TUG.csv	syn66528185	True	text/csv				
/ocean/projects/med260006p/shared/biomedAI/project/replica/data/gait/weargait/PD PARTICIPANTS/CSV files/NLS189_TandemGait.csv	syn61370558	NLS189_TandemGait.csv	syn66528184	True	text/csv				
/ocean/projects/med260006p/shared/biomedAI/project/replica/data/gait/weargait/PD PARTICIPANTS/CSV files/NLS190_Balance.csv	syn61370558	NLS190_Balance.csv	syn66528186	True	text/csv				
/ocean/projects/med260006p/shared/biomedAI/project/replica/data/gait/weargait/PD PARTICIPANTS/CSV files/NLS190_HurriedPace.csv	syn61370558	NLS190_HurriedPace.csv	syn66528187	True	text/csv				
/ocean/projects/med260006p/shared/biomedAI/project/replica/data/gait/weargait/PD PARTICIPANTS/CSV files/NLS190_HurriedPace_mat.csv	syn61370558	NLS190_HurriedPace_mat.csv	syn66528188	True	text/csv				
/ocean/projects/med260006p/shared/biomedAI/project/replica/data/gait/weargait/PD PARTICIPANTS/CSV files/NLS190_SelfPace.csv	syn61370558	NLS190_SelfPace.csv	syn66528189	True	text/csv				
/ocean/projects/med260006p/shared/biomedAI/project/replica/data/gait/weargait/PD PARTICIPANTS/CSV files/NLS190_SelfPace_mat.csv	syn61370558	NLS190_SelfPace_mat.csv	syn66528190	True	text/csv				
/ocean/projects/med260006p/shared/biomedAI/project/replica/data/gait/weargait/PD PARTICIPANTS/CSV files/NLS190_SelfPace_matTURN.csv	syn61370558	NLS190_SelfPace_matTURN.csv	syn66528191	True	text/csv				
/ocean/projects/med260006p/shared/biomedAI/project/replica/data/gait/weargait/PD PARTICIPANTS/CSV files/NLS190_TUG.csv	syn61370558	NLS190_TUG.csv	syn66528193	True	text/csv				
/ocean/projects/med260006p/shared/biomedAI/project/replica/data/gait/weargait/PD PARTICIPANTS/CSV files/NLS190_TandemGait.csv	syn61370558	NLS190_TandemGait.csv	syn66528192	True	text/csv				
/ocean/projects/med260006p/shared/biomedAI/project/replica/data/gait/weargait/PD PARTICIPANTS/CSV files/NLS191_Balance.csv	syn61370558	NLS191_Balance.csv	syn66528195	True	text/csv				
/ocean/projects/med260006p/shared/biomedAI/project/replica/data/gait/weargait/PD PARTICIPANTS/CSV files/NLS191_HurriedPace.csv	syn61370558	NLS191_HurriedPace.csv	syn66528194	True	text/csv				
/ocean/projects/med260006p/shared/biomedAI/project/replica/data/gait/weargait/PD PARTICIPANTS/CSV files/NLS191_HurriedPace_mat.csv	syn61370558	NLS191_HurriedPace_mat.csv	syn66528196	True	text/csv				
/ocean/projects/med260006p/shared/biomedAI/project/replica/data/gait/weargait/PD PARTICIPANTS/CSV files/NLS191_SelfPace.csv	syn61370558	NLS191_SelfPace.csv	syn66528197	True	text/csv				
/ocean/projects/med260006p/shared/biomedAI/project/replica/data/gait/weargait/PD PARTICIPANTS/CSV files/NLS191_SelfPace_mat.csv	syn61370558	NLS191_SelfPace_mat.csv	syn66528199	True	text/csv				
/ocean/projects/med260006p/shared/biomedAI/project/replica/data/gait/weargait/PD PARTICIPANTS/CSV files/NLS191_SelfPace_matTURN.csv	syn61370558	NLS191_SelfPace_matTURN.csv	syn66528198	True	text/csv				
/ocean/projects/med260006p/shared/biomedAI/project/replica/data/gait/weargait/PD PARTICIPANTS/CSV files/NLS191_TUG.csv	syn61370558	NLS191_TUG.csv	syn66528201	True	text/csv				
/ocean/projects/med260006p/shared/biomedAI/project/replica/data/gait/weargait/PD PARTICIPANTS/CSV files/NLS191_TandemGait.csv	syn61370558	NLS191_TandemGait.csv	syn66528200	True	text/csv				
/ocean/projects/med260006p/shared/biomedAI/project/replica/data/gait/weargait/PD PARTICIPANTS/CSV files/NLS192_Balance.csv	syn61370558	NLS192_Balance.csv	syn66528202	True	text/csv				
/ocean/projects/med260006p/shared/biomedAI/project/replica/data/gait/weargait/PD PARTICIPANTS/CSV files/NLS192_HurriedPace.csv	syn61370558	NLS192_HurriedPace.csv	syn66528203	True	text/csv				
/ocean/projects/med260006p/shared/biomedAI/project/replica/data/gait/weargait/PD PARTICIPANTS/CSV files/NLS192_HurriedPace_mat.csv	syn61370558	NLS192_HurriedPace_mat.csv	syn66528204	True	text/csv				
/ocean/projects/med260006p/shared/biomedAI/project/replica/data/gait/weargait/PD PARTICIPANTS/CSV files/NLS192_SelfPace.csv	syn61370558	NLS192_SelfPace.csv	syn66528205	True	text/csv				
/ocean/projects/med260006p/shared/biomedAI/project/replica/data/gait/weargait/PD PARTICIPANTS/CSV files/NLS192_SelfPace_mat.csv	syn61370558	NLS192_SelfPace_mat.csv	syn66528206	True	text/csv				
/ocean/projects/med260006p/shared/biomedAI/project/replica/data/gait/weargait/PD PARTICIPANTS/CSV files/NLS192_SelfPace_matTURN.csv	syn61370558	NLS192_SelfPace_matTURN.csv	syn66528207	True	text/csv				
/ocean/projects/med260006p/shared/biomedAI/project/replica/data/gait/weargait/PD PARTICIPANTS/CSV files/NLS192_TUG.csv	syn61370558	NLS192_TUG.csv	syn66528209	True	text/csv				
/ocean/projects/med260006p/shared/biomedAI/project/replica/data/gait/weargait/PD PARTICIPANTS/CSV files/NLS192_TandemGait.csv	syn61370558	NLS192_TandemGait.csv	syn66528208	True	text/csv				
/ocean/projects/med260006p/shared/biomedAI/project/replica/data/gait/weargait/PD PARTICIPANTS/CSV files/NLS194_Balance.csv	syn61370558	NLS194_Balance.csv	syn66528210	True	text/csv				
/ocean/projects/med260006p/shared/biomedAI/project/replica/data/gait/weargait/PD PARTICIPANTS/CSV files/NLS194_HurriedPace.csv	syn61370558	NLS194_HurriedPace.csv	syn66528211	True	text/csv				
/ocean/projects/med260006p/shared/biomedAI/project/replica/data/gait/weargait/PD PARTICIPANTS/CSV files/NLS194_HurriedPace_mat.csv	syn61370558	NLS194_HurriedPace_mat.csv	syn66528212	True	text/csv				
/ocean/projects/med260006p/shared/biomedAI/project/replica/data/gait/weargait/PD PARTICIPANTS/CSV files/NLS194_SelfPace.csv	syn61370558	NLS194_SelfPace.csv	syn66528214	True	text/csv				
/ocean/projects/med260006p/shared/biomedAI/project/replica/data/gait/weargait/PD PARTICIPANTS/CSV files/NLS194_SelfPace_mat.csv	syn61370558	NLS194_SelfPace_mat.csv	syn66528213	True	text/csv				
/ocean/projects/med260006p/shared/biomedAI/project/replica/data/gait/weargait/PD PARTICIPANTS/CSV files/NLS194_SelfPace_matTURN.csv	syn61370558	NLS194_SelfPace_matTURN.csv	syn66528215	True	text/csv				
/ocean/projects/med260006p/shared/biomedAI/project/replica/data/gait/weargait/PD PARTICIPANTS/CSV files/NLS194_TUG.csv	syn61370558	NLS194_TUG.csv	syn66528217	True	text/csv				
/ocean/projects/med260006p/shared/biomedAI/project/replica/data/gait/weargait/PD PARTICIPANTS/CSV files/NLS194_TandemGait.csv	syn61370558	NLS194_TandemGait.csv	syn66528216	True	text/csv				
/ocean/projects/med260006p/shared/biomedAI/project/replica/data/gait/weargait/PD PARTICIPANTS/CSV files/NLS195_Balance.csv	syn61370558	NLS195_Balance.csv	syn66528219	True	text/csv				
/ocean/projects/med260006p/shared/biomedAI/project/replica/data/gait/weargait/PD PARTICIPANTS/CSV files/NLS195_HurriedPace.csv	syn61370558	NLS195_HurriedPace.csv	syn66528218	True	text/csv				
/ocean/projects/med260006p/shared/biomedAI/project/replica/data/gait/weargait/PD PARTICIPANTS/CSV files/NLS195_HurriedPace_mat.csv	syn61370558	NLS195_HurriedPace_mat.csv	syn66528220	True	text/csv				
/ocean/projects/med260006p/shared/biomedAI/project/replica/data/gait/weargait/PD PARTICIPANTS/CSV files/NLS195_SelfPace.csv	syn61370558	NLS195_SelfPace.csv	syn66528221	True	text/csv				
/ocean/projects/med260006p/shared/biomedAI/project/replica/data/gait/weargait/PD PARTICIPANTS/CSV files/NLS195_SelfPace_mat.csv	syn61370558	NLS195_SelfPace_mat.csv	syn66528222	True	text/csv				
/ocean/projects/med260006p/shared/biomedAI/project/replica/data/gait/weargait/PD PARTICIPANTS/CSV files/NLS195_SelfPace_matTURN.csv	syn61370558	NLS195_SelfPace_matTURN.csv	syn66528223	True	text/csv				
/ocean/projects/med260006p/shared/biomedAI/project/replica/data/gait/weargait/PD PARTICIPANTS/CSV files/NLS195_TUG.csv	syn61370558	NLS195_TUG.csv	syn66528225	True	text/csv				
/ocean/projects/med260006p/shared/biomedAI/project/replica/data/gait/weargait/PD PARTICIPANTS/CSV files/NLS195_TandemGait.csv	syn61370558	NLS195_TandemGait.csv	syn66528224	True	text/csv				
/ocean/projects/med260006p/shared/biomedAI/project/replica/data/gait/weargait/PD PARTICIPANTS/CSV files/NLS196_Balance.csv	syn61370558	NLS196_Balance.csv	syn66528226	True	text/csv				
/ocean/projects/med260006p/shared/biomedAI/project/replica/data/gait/weargait/PD PARTICIPANTS/CSV files/NLS196_HurriedPace.csv	syn61370558	NLS196_HurriedPace.csv	syn66528228	True	text/csv				
/ocean/projects/med260006p/shared/biomedAI/project/replica/data/gait/weargait/PD PARTICIPANTS/CSV files/NLS196_HurriedPace_mat.csv	syn61370558	NLS196_HurriedPace_mat.csv	syn66528227	True	text/csv				
/ocean/projects/med260006p/shared/biomedAI/project/replica/data/gait/weargait/PD PARTICIPANTS/CSV files/NLS196_SelfPace.csv	syn61370558	NLS196_SelfPace.csv	syn66528229	True	text/csv				
/ocean/projects/med260006p/shared/biomedAI/project/replica/data/gait/weargait/PD PARTICIPANTS/CSV files/NLS196_SelfPace_mat.csv	syn61370558	NLS196_SelfPace_mat.csv	syn66528230	True	text/csv				
/ocean/projects/med260006p/shared/biomedAI/project/replica/data/gait/weargait/PD PARTICIPANTS/CSV files/NLS196_SelfPace_matTURN.csv	syn61370558	NLS196_SelfPace_matTURN.csv	syn66528231	True	text/csv				
/ocean/projects/med260006p/shared/biomedAI/project/replica/data/gait/weargait/PD PARTICIPANTS/CSV files/NLS196_TUG.csv	syn61370558	NLS196_TUG.csv	syn66528233	True	text/csv				
/ocean/projects/med260006p/shared/biomedAI/project/replica/data/gait/weargait/PD PARTICIPANTS/CSV files/NLS196_TandemGait.csv	syn61370558	NLS196_TandemGait.csv	syn66528232	True	text/csv				
/ocean/projects/med260006p/shared/biomedAI/project/replica/data/gait/weargait/PD PARTICIPANTS/CSV files/NLS197_Balance.csv	syn61370558	NLS197_Balance.csv	syn66528234	True	text/csv				
/ocean/projects/med260006p/shared/biomedAI/project/replica/data/gait/weargait/PD PARTICIPANTS/CSV files/NLS197_HurriedPace.csv	syn61370558	NLS197_HurriedPace.csv	syn66528236	True	text/csv				
/ocean/projects/med260006p/shared/biomedAI/project/replica/data/gait/weargait/PD PARTICIPANTS/CSV files/NLS197_HurriedPace_mat.csv	syn61370558	NLS197_HurriedPace_mat.csv	syn66528235	True	text/csv				
/ocean/projects/med260006p/shared/biomedAI/project/replica/data/gait/weargait/PD PARTICIPANTS/CSV files/NLS197_SelfPace.csv	syn61370558	NLS197_SelfPace.csv	syn66528237	True	text/csv				
/ocean/projects/med260006p/shared/biomedAI/project/replica/data/gait/weargait/PD PARTICIPANTS/CSV files/NLS197_SelfPace_mat.csv	syn61370558	NLS197_SelfPace_mat.csv	syn66528239	True	text/csv				
/ocean/projects/med260006p/shared/biomedAI/project/replica/data/gait/weargait/PD PARTICIPANTS/CSV files/NLS197_SelfPace_matTURN.csv	syn61370558	NLS197_SelfPace_matTURN.csv	syn66528238	True	text/csv				
/ocean/projects/med260006p/shared/biomedAI/project/replica/data/gait/weargait/PD PARTICIPANTS/CSV files/NLS197_TUG.csv	syn61370558	NLS197_TUG.csv	syn66528241	True	text/csv				
/ocean/projects/med260006p/shared/biomedAI/project/replica/data/gait/weargait/PD PARTICIPANTS/CSV files/NLS197_TandemGait.csv	syn61370558	NLS197_TandemGait.csv	syn66528240	True	text/csv				
/ocean/projects/med260006p/shared/biomedAI/project/replica/data/gait/weargait/PD PARTICIPANTS/CSV files/NLS198_Balance.csv	syn61370558	NLS198_Balance.csv	syn66528243	True	text/csv				
/ocean/projects/med260006p/shared/biomedAI/project/replica/data/gait/weargait/PD PARTICIPANTS/CSV files/NLS198_HurriedPace.csv	syn61370558	NLS198_HurriedPace.csv	syn66528242	True	text/csv				
/ocean/projects/med260006p/shared/biomedAI/project/replica/data/gait/weargait/PD PARTICIPANTS/CSV files/NLS198_HurriedPace_mat.csv	syn61370558	NLS198_HurriedPace_mat.csv	syn66528244	True	text/csv				
/ocean/projects/med260006p/shared/biomedAI/project/replica/data/gait/weargait/PD PARTICIPANTS/CSV files/NLS198_SelfPace.csv	syn61370558	NLS198_SelfPace.csv	syn66528245	True	text/csv				
/ocean/projects/med260006p/shared/biomedAI/project/replica/data/gait/weargait/PD PARTICIPANTS/CSV files/NLS198_SelfPace_mat.csv	syn61370558	NLS198_SelfPace_mat.csv	syn66528246	True	text/csv				
/ocean/projects/med260006p/shared/biomedAI/project/replica/data/gait/weargait/PD PARTICIPANTS/CSV files/NLS198_SelfPace_matTURN.csv	syn61370558	NLS198_SelfPace_matTURN.csv	syn66528247	True	text/csv				
/ocean/projects/med260006p/shared/biomedAI/project/replica/data/gait/weargait/PD PARTICIPANTS/CSV files/NLS198_TUG.csv	syn61370558	NLS198_TUG.csv	syn66528249	True	text/csv				
/ocean/projects/med260006p/shared/biomedAI/project/replica/data/gait/weargait/PD PARTICIPANTS/CSV files/NLS198_TandemGait.csv	syn61370558	NLS198_TandemGait.csv	syn66528248	True	text/csv				
/ocean/projects/med260006p/shared/biomedAI/project/replica/data/gait/weargait/PD PARTICIPANTS/CSV files/NLS201_Balance.csv	syn61370558	NLS201_Balance.csv	syn66528252	True	text/csv				
/ocean/projects/med260006p/shared/biomedAI/project/replica/data/gait/weargait/PD PARTICIPANTS/CSV files/NLS201_HurriedPace.csv	syn61370558	NLS201_HurriedPace.csv	syn66528250	True	text/csv				
/ocean/projects/med260006p/shared/biomedAI/project/replica/data/gait/weargait/PD PARTICIPANTS/CSV files/NLS201_HurriedPace_mat.csv	syn61370558	NLS201_HurriedPace_mat.csv	syn66528251	True	text/csv				
/ocean/projects/med260006p/shared/biomedAI/project/replica/data/gait/weargait/PD PARTICIPANTS/CSV files/NLS201_SelfPace.csv	syn61370558	NLS201_SelfPace.csv	syn66528253	True	text/csv				
/ocean/projects/med260006p/shared/biomedAI/project/replica/data/gait/weargait/PD PARTICIPANTS/CSV files/NLS201_SelfPace_mat.csv	syn61370558	NLS201_SelfPace_mat.csv	syn66528254	True	text/csv				
/ocean/projects/med260006p/shared/biomedAI/project/replica/data/gait/weargait/PD PARTICIPANTS/CSV files/NLS201_SelfPace_matTURN.csv	syn61370558	NLS201_SelfPace_matTURN.csv	syn66528255	True	text/csv				
/ocean/projects/med260006p/shared/biomedAI/project/replica/data/gait/weargait/PD PARTICIPANTS/CSV files/NLS201_TUG.csv	syn61370558	NLS201_TUG.csv	syn66528256	True	text/csv				
/ocean/projects/med260006p/shared/biomedAI/project/replica/data/gait/weargait/PD PARTICIPANTS/CSV files/NLS208_Balance.csv	syn61370558	NLS208_Balance.csv	syn66528257	True	text/csv				
/ocean/projects/med260006p/shared/biomedAI/project/replica/data/gait/weargait/PD PARTICIPANTS/CSV files/NLS208_HurriedPace.csv	syn61370558	NLS208_HurriedPace.csv	syn66528258	True	text/csv				
/ocean/projects/med260006p/shared/biomedAI/project/replica/data/gait/weargait/PD PARTICIPANTS/CSV files/NLS208_HurriedPace_mat.csv	syn61370558	NLS208_HurriedPace_mat.csv	syn66528259	True	text/csv				
/ocean/projects/med260006p/shared/biomedAI/project/replica/data/gait/weargait/PD PARTICIPANTS/CSV files/NLS208_SelfPace.csv	syn61370558	NLS208_SelfPace.csv	syn66528260	True	text/csv				
/ocean/projects/med260006p/shared/biomedAI/project/replica/data/gait/weargait/PD PARTICIPANTS/CSV files/NLS208_SelfPace_mat.csv	syn61370558	NLS208_SelfPace_mat.csv	syn66528261	True	text/csv				
/ocean/projects/med260006p/shared/biomedAI/project/replica/data/gait/weargait/PD PARTICIPANTS/CSV files/NLS208_SelfPace_matTURN.csv	syn61370558	NLS208_SelfPace_matTURN.csv	syn66528262	True	text/csv				
/ocean/projects/med260006p/shared/biomedAI/project/replica/data/gait/weargait/PD PARTICIPANTS/CSV files/NLS208_TUG.csv	syn61370558	NLS208_TUG.csv	syn66528264	True	text/csv				
/ocean/projects/med260006p/shared/biomedAI/project/replica/data/gait/weargait/PD PARTICIPANTS/CSV files/NLS208_TandemGait.csv	syn61370558	NLS208_TandemGait.csv	syn66528263	True	text/csv				
/ocean/projects/med260006p/shared/biomedAI/project/replica/data/gait/weargait/PD PARTICIPANTS/CSV files/NLS209_Balance.csv	syn61370558	NLS209_Balance.csv	syn66528265	True	text/csv				
/ocean/projects/med260006p/shared/biomedAI/project/replica/data/gait/weargait/PD PARTICIPANTS/CSV files/NLS209_HurriedPace.csv	syn61370558	NLS209_HurriedPace.csv	syn66528267	True	text/csv				
/ocean/projects/med260006p/shared/biomedAI/project/replica/data/gait/weargait/PD PARTICIPANTS/CSV files/NLS209_HurriedPace_mat.csv	syn61370558	NLS209_HurriedPace_mat.csv	syn66528266	True	text/csv				
/ocean/projects/med260006p/shared/biomedAI/project/replica/data/gait/weargait/PD PARTICIPANTS/CSV files/NLS209_SelfPace.csv	syn61370558	NLS209_SelfPace.csv	syn66528268	True	text/csv				
/ocean/projects/med260006p/shared/biomedAI/project/replica/data/gait/weargait/PD PARTICIPANTS/CSV files/NLS209_SelfPace_mat.csv	syn61370558	NLS209_SelfPace_mat.csv	syn66528270	True	text/csv				
/ocean/projects/med260006p/shared/biomedAI/project/replica/data/gait/weargait/PD PARTICIPANTS/CSV files/NLS209_SelfPace_matTURN.csv	syn61370558	NLS209_SelfPace_matTURN.csv	syn66528269	True	text/csv				
/ocean/projects/med260006p/shared/biomedAI/project/replica/data/gait/weargait/PD PARTICIPANTS/CSV files/NLS209_TUG.csv	syn61370558	NLS209_TUG.csv	syn66528272	True	text/csv				
/ocean/projects/med260006p/shared/biomedAI/project/replica/data/gait/weargait/PD PARTICIPANTS/CSV files/NLS209_TandemGait.csv	syn61370558	NLS209_TandemGait.csv	syn66528271	True	text/csv				
/ocean/projects/med260006p/shared/biomedAI/project/replica/data/gait/weargait/PD PARTICIPANTS/CSV files/NLS210_Balance.csv	syn61370558	NLS210_Balance.csv	syn66528273	True	text/csv				
/ocean/projects/med260006p/shared/biomedAI/project/replica/data/gait/weargait/PD PARTICIPANTS/CSV files/NLS210_HurriedPace.csv	syn61370558	NLS210_HurriedPace.csv	syn66528274	True	text/csv				
/ocean/projects/med260006p/shared/biomedAI/project/replica/data/gait/weargait/PD PARTICIPANTS/CSV files/NLS210_HurriedPace_mat.csv	syn61370558	NLS210_HurriedPace_mat.csv	syn66528275	True	text/csv				
/ocean/projects/med260006p/shared/biomedAI/project/replica/data/gait/weargait/PD PARTICIPANTS/CSV files/NLS210_SelfPace.csv	syn61370558	NLS210_SelfPace.csv	syn66528276	True	text/csv				
/ocean/projects/med260006p/shared/biomedAI/project/replica/data/gait/weargait/PD PARTICIPANTS/CSV files/NLS210_SelfPace_mat.csv	syn61370558	NLS210_SelfPace_mat.csv	syn66528277	True	text/csv				
/ocean/projects/med260006p/shared/biomedAI/project/replica/data/gait/weargait/PD PARTICIPANTS/CSV files/NLS210_SelfPace_matTURN.csv	syn61370558	NLS210_SelfPace_matTURN.csv	syn66528278	True	text/csv				
/ocean/projects/med260006p/shared/biomedAI/project/replica/data/gait/weargait/PD PARTICIPANTS/CSV files/NLS210_TUG.csv	syn61370558	NLS210_TUG.csv	syn66528280	True	text/csv				
/ocean/projects/med260006p/shared/biomedAI/project/replica/data/gait/weargait/PD PARTICIPANTS/CSV files/NLS210_TandemGait.csv	syn61370558	NLS210_TandemGait.csv	syn66528279	True	text/csv				
/ocean/projects/med260006p/shared/biomedAI/project/replica/data/gait/weargait/PD PARTICIPANTS/CSV files/NLS211_Balance.csv	syn61370558	NLS211_Balance.csv	syn66528281	True	text/csv				
/ocean/projects/med260006p/shared/biomedAI/project/replica/data/gait/weargait/PD PARTICIPANTS/CSV files/NLS211_HurriedPace.csv	syn61370558	NLS211_HurriedPace.csv	syn66528282	True	text/csv				
/ocean/projects/med260006p/shared/biomedAI/project/replica/data/gait/weargait/PD PARTICIPANTS/CSV files/NLS211_HurriedPace_mat.csv	syn61370558	NLS211_HurriedPace_mat.csv	syn66528283	True	text/csv				
/ocean/projects/med260006p/shared/biomedAI/project/replica/data/gait/weargait/PD PARTICIPANTS/CSV files/NLS211_SelfPace.csv	syn61370558	NLS211_SelfPace.csv	syn66528284	True	text/csv				
/ocean/projects/med260006p/shared/biomedAI/project/replica/data/gait/weargait/PD PARTICIPANTS/CSV files/NLS211_SelfPace_mat.csv	syn61370558	NLS211_SelfPace_mat.csv	syn66528285	True	text/csv				
/ocean/projects/med260006p/shared/biomedAI/project/replica/data/gait/weargait/PD PARTICIPANTS/CSV files/NLS211_SelfPace_matTURN.csv	syn61370558	NLS211_SelfPace_matTURN.csv	syn66528286	True	text/csv				
/ocean/projects/med260006p/shared/biomedAI/project/replica/data/gait/weargait/PD PARTICIPANTS/CSV files/NLS211_TUG.csv	syn61370558	NLS211_TUG.csv	syn66528288	True	text/csv				
/ocean/projects/med260006p/shared/biomedAI/project/replica/data/gait/weargait/PD PARTICIPANTS/CSV files/NLS211_TandemGait.csv	syn61370558	NLS211_TandemGait.csv	syn66528287	True	text/csv				
/ocean/projects/med260006p/shared/biomedAI/project/replica/data/gait/weargait/PD PARTICIPANTS/CSV files/WPD001_Balance.csv	syn61370558	WPD001_Balance.csv	syn61500050	True	text/csv				
/ocean/projects/med260006p/shared/biomedAI/project/replica/data/gait/weargait/PD PARTICIPANTS/CSV files/WPD001_HurriedPace.csv	syn61370558	WPD001_HurriedPace.csv	syn61500053	True	text/csv				
/ocean/projects/med260006p/shared/biomedAI/project/replica/data/gait/weargait/PD PARTICIPANTS/CSV files/WPD001_HurriedPace_mat.csv	syn61370558	WPD001_HurriedPace_mat.csv	syn61500056	True	text/csv				
/ocean/projects/med260006p/shared/biomedAI/project/replica/data/gait/weargait/PD PARTICIPANTS/CSV files/WPD001_SelfPace.csv	syn61370558	WPD001_SelfPace.csv	syn61500061	True	text/csv				
/ocean/projects/med260006p/shared/biomedAI/project/replica/data/gait/weargait/PD PARTICIPANTS/CSV files/WPD001_SelfPace_mat.csv	syn61370558	WPD001_SelfPace_mat.csv	syn61500064	True	text/csv				
/ocean/projects/med260006p/shared/biomedAI/project/replica/data/gait/weargait/PD PARTICIPANTS/CSV files/WPD001_SelfPace_matTURN.csv	syn61370558	WPD001_SelfPace_matTURN.csv	syn61500067	True	text/csv				
/ocean/projects/med260006p/shared/biomedAI/project/replica/data/gait/weargait/PD PARTICIPANTS/CSV files/WPD001_TUG.csv	syn61370558	WPD001_TUG.csv	syn61500074	True	text/csv				
/ocean/projects/med260006p/shared/biomedAI/project/replica/data/gait/weargait/PD PARTICIPANTS/CSV files/WPD001_TandemGait.csv	syn61370558	WPD001_TandemGait.csv	syn61500070	True	text/csv				
/ocean/projects/med260006p/shared/biomedAI/project/replica/data/gait/weargait/PD PARTICIPANTS/CSV files/WPD002_Balance.csv	syn61370558	WPD002_Balance.csv	syn61980447	True	text/csv				
/ocean/projects/med260006p/shared/biomedAI/project/replica/data/gait/weargait/PD PARTICIPANTS/CSV files/WPD002_HurriedPace.csv	syn61370558	WPD002_HurriedPace.csv	syn61980448	True	text/csv				
/ocean/projects/med260006p/shared/biomedAI/project/replica/data/gait/weargait/PD PARTICIPANTS/CSV files/WPD002_HurriedPace_mat.csv	syn61370558	WPD002_HurriedPace_mat.csv	syn61980449	True	text/csv				
/ocean/projects/med260006p/shared/biomedAI/project/replica/data/gait/weargait/PD PARTICIPANTS/CSV files/WPD002_SelfPace.csv	syn61370558	WPD002_SelfPace.csv	syn61980450	True	text/csv				
/ocean/projects/med260006p/shared/biomedAI/project/replica/data/gait/weargait/PD PARTICIPANTS/CSV files/WPD002_SelfPace_mat.csv	syn61370558	WPD002_SelfPace_mat.csv	syn61980451	True	text/csv				
/ocean/projects/med260006p/shared/biomedAI/project/replica/data/gait/weargait/PD PARTICIPANTS/CSV files/WPD002_SelfPace_matTURN.csv	syn61370558	WPD002_SelfPace_matTURN.csv	syn61980452	True	text/csv				
/ocean/projects/med260006p/shared/biomedAI/project/replica/data/gait/weargait/PD PARTICIPANTS/CSV files/WPD002_TUG.csv	syn61370558	WPD002_TUG.csv	syn61980454	True	text/csv				
/ocean/projects/med260006p/shared/biomedAI/project/replica/data/gait/weargait/PD PARTICIPANTS/CSV files/WPD002_TandemGait.csv	syn61370558	WPD002_TandemGait.csv	syn61980453	True	text/csv				
/ocean/projects/med260006p/shared/biomedAI/project/replica/data/gait/weargait/PD PARTICIPANTS/CSV files/WPD003_Balance.csv	syn61370558	WPD003_Balance.csv	syn61980455	True	text/csv				
/ocean/projects/med260006p/shared/biomedAI/project/replica/data/gait/weargait/PD PARTICIPANTS/CSV files/WPD003_HurriedPace.csv	syn61370558	WPD003_HurriedPace.csv	syn61980458	True	text/csv				
/ocean/projects/med260006p/shared/biomedAI/project/replica/data/gait/weargait/PD PARTICIPANTS/CSV files/WPD003_HurriedPace_mat.csv	syn61370558	WPD003_HurriedPace_mat.csv	syn61980459	True	text/csv				
/ocean/projects/med260006p/shared/biomedAI/project/replica/data/gait/weargait/PD PARTICIPANTS/CSV files/WPD003_SelfPace.csv	syn61370558	WPD003_SelfPace.csv	syn61980460	True	text/csv				
/ocean/projects/med260006p/shared/biomedAI/project/replica/data/gait/weargait/PD PARTICIPANTS/CSV files/WPD003_SelfPace_mat.csv	syn61370558	WPD003_SelfPace_mat.csv	syn61980461	True	text/csv				
/ocean/projects/med260006p/shared/biomedAI/project/replica/data/gait/weargait/PD PARTICIPANTS/CSV files/WPD003_SelfPace_matTURN.csv	syn61370558	WPD003_SelfPace_matTURN.csv	syn61980462	True	text/csv				
/ocean/projects/med260006p/shared/biomedAI/project/replica/data/gait/weargait/PD PARTICIPANTS/CSV files/WPD003_TUG.csv	syn61370558	WPD003_TUG.csv	syn61980464	True	text/csv				
/ocean/projects/med260006p/shared/biomedAI/project/replica/data/gait/weargait/PD PARTICIPANTS/CSV files/WPD003_TandemGait.csv	syn61370558	WPD003_TandemGait.csv	syn61980463	True	text/csv				
/ocean/projects/med260006p/shared/biomedAI/project/replica/data/gait/weargait/PD PARTICIPANTS/CSV files/WPD004_Balance.csv	syn61370558	WPD004_Balance.csv	syn61980465	True	text/csv				
/ocean/projects/med260006p/shared/biomedAI/project/replica/data/gait/weargait/PD PARTICIPANTS/CSV files/WPD004_HurriedPace.csv	syn61370558	WPD004_HurriedPace.csv	syn61980466	True	text/csv				
/ocean/projects/med260006p/shared/biomedAI/project/replica/data/gait/weargait/PD PARTICIPANTS/CSV files/WPD004_HurriedPace_mat.csv	syn61370558	WPD004_HurriedPace_mat.csv	syn61980467	True	text/csv				
/ocean/projects/med260006p/shared/biomedAI/project/replica/data/gait/weargait/PD PARTICIPANTS/CSV files/WPD004_SelfPace.csv	syn61370558	WPD004_SelfPace.csv	syn61980468	True	text/csv				
/ocean/projects/med260006p/shared/biomedAI/project/replica/data/gait/weargait/PD PARTICIPANTS/CSV files/WPD004_SelfPace_mat.csv	syn61370558	WPD004_SelfPace_mat.csv	syn61980469	True	text/csv				
/ocean/projects/med260006p/shared/biomedAI/project/replica/data/gait/weargait/PD PARTICIPANTS/CSV files/WPD004_SelfPace_matTURN.csv	syn61370558	WPD004_SelfPace_matTURN.csv	syn61980470	True	text/csv				
/ocean/projects/med260006p/shared/biomedAI/project/replica/data/gait/weargait/PD PARTICIPANTS/CSV files/WPD004_TUG.csv	syn61370558	WPD004_TUG.csv	syn61980472	True	text/csv				
/ocean/projects/med260006p/shared/biomedAI/project/replica/data/gait/weargait/PD PARTICIPANTS/CSV files/WPD004_TandemGait.csv	syn61370558	WPD004_TandemGait.csv	syn61980471	True	text/csv				
/ocean/projects/med260006p/shared/biomedAI/project/replica/data/gait/weargait/PD PARTICIPANTS/CSV files/WPD005_Balance.csv	syn61370558	WPD005_Balance.csv	syn61980473	True	text/csv				
/ocean/projects/med260006p/shared/biomedAI/project/replica/data/gait/weargait/PD PARTICIPANTS/CSV files/WPD005_HurriedPace.csv	syn61370558	WPD005_HurriedPace.csv	syn61980474	True	text/csv				
/ocean/projects/med260006p/shared/biomedAI/project/replica/data/gait/weargait/PD PARTICIPANTS/CSV files/WPD005_HurriedPace_mat.csv	syn61370558	WPD005_HurriedPace_mat.csv	syn61980475	True	text/csv				
/ocean/projects/med260006p/shared/biomedAI/project/replica/data/gait/weargait/PD PARTICIPANTS/CSV files/WPD005_SelfPace.csv	syn61370558	WPD005_SelfPace.csv	syn61980476	True	text/csv				
/ocean/projects/med260006p/shared/biomedAI/project/replica/data/gait/weargait/PD PARTICIPANTS/CSV files/WPD005_SelfPace_mat.csv	syn61370558	WPD005_SelfPace_mat.csv	syn61980477	True	text/csv				
/ocean/projects/med260006p/shared/biomedAI/project/replica/data/gait/weargait/PD PARTICIPANTS/CSV files/WPD005_SelfPace_matTURN.csv	syn61370558	WPD005_SelfPace_matTURN.csv	syn61980478	True	text/csv				
/ocean/projects/med260006p/shared/biomedAI/project/replica/data/gait/weargait/PD PARTICIPANTS/CSV files/WPD005_TUG.csv	syn61370558	WPD005_TUG.csv	syn61980480	True	text/csv				
/ocean/projects/med260006p/shared/biomedAI/project/replica/data/gait/weargait/PD PARTICIPANTS/CSV files/WPD005_TandemGait.csv	syn61370558	WPD005_TandemGait.csv	syn61980479	True	text/csv				
/ocean/projects/med260006p/shared/biomedAI/project/replica/data/gait/weargait/PD PARTICIPANTS/CSV files/WPD006_Balance.csv	syn61370558	WPD006_Balance.csv	syn61980482	True	text/csv				
/ocean/projects/med260006p/shared/biomedAI/project/replica/data/gait/weargait/PD PARTICIPANTS/CSV files/WPD006_HurriedPace.csv	syn61370558	WPD006_HurriedPace.csv	syn61980483	True	text/csv				
/ocean/projects/med260006p/shared/biomedAI/project/replica/data/gait/weargait/PD PARTICIPANTS/CSV files/WPD006_HurriedPace_mat.csv	syn61370558	WPD006_HurriedPace_mat.csv	syn61980484	True	text/csv				
/ocean/projects/med260006p/shared/biomedAI/project/replica/data/gait/weargait/PD PARTICIPANTS/CSV files/WPD006_SelfPace.csv	syn61370558	WPD006_SelfPace.csv	syn61980485	True	text/csv				
/ocean/projects/med260006p/shared/biomedAI/project/replica/data/gait/weargait/PD PARTICIPANTS/CSV files/WPD006_SelfPace_mat.csv	syn61370558	WPD006_SelfPace_mat.csv	syn61980489	True	text/csv				
/ocean/projects/med260006p/shared/biomedAI/project/replica/data/gait/weargait/PD PARTICIPANTS/CSV files/WPD006_SelfPace_matTURN.csv	syn61370558	WPD006_SelfPace_matTURN.csv	syn61980493	True	text/csv				
/ocean/projects/med260006p/shared/biomedAI/project/replica/data/gait/weargait/PD PARTICIPANTS/CSV files/WPD006_TUG.csv	syn61370558	WPD006_TUG.csv	syn61980495	True	text/csv				
/ocean/projects/med260006p/shared/biomedAI/project/replica/data/gait/weargait/PD PARTICIPANTS/CSV files/WPD006_TandemGait.csv	syn61370558	WPD006_TandemGait.csv	syn61980494	True	text/csv				
/ocean/projects/med260006p/shared/biomedAI/project/replica/data/gait/weargait/PD PARTICIPANTS/CSV files/WPD007_Balance.csv	syn61370558	WPD007_Balance.csv	syn61980496	True	text/csv				
/ocean/projects/med260006p/shared/biomedAI/project/replica/data/gait/weargait/PD PARTICIPANTS/CSV files/WPD007_HurriedPace.csv	syn61370558	WPD007_HurriedPace.csv	syn61980497	True	text/csv				
/ocean/projects/med260006p/shared/biomedAI/project/replica/data/gait/weargait/PD PARTICIPANTS/CSV files/WPD007_HurriedPace_mat.csv	syn61370558	WPD007_HurriedPace_mat.csv	syn61980498	True	text/csv				
/ocean/projects/med260006p/shared/biomedAI/project/replica/data/gait/weargait/PD PARTICIPANTS/CSV files/WPD007_SelfPace.csv	syn61370558	WPD007_SelfPace.csv	syn61980499	True	text/csv				
/ocean/projects/med260006p/shared/biomedAI/project/replica/data/gait/weargait/PD PARTICIPANTS/CSV files/WPD007_SelfPace_mat.csv	syn61370558	WPD007_SelfPace_mat.csv	syn61980500	True	text/csv				
/ocean/projects/med260006p/shared/biomedAI/project/replica/data/gait/weargait/PD PARTICIPANTS/CSV files/WPD007_SelfPace_matTURN.csv	syn61370558	WPD007_SelfPace_matTURN.csv	syn61980502	True	text/csv				
/ocean/projects/med260006p/shared/biomedAI/project/replica/data/gait/weargait/PD PARTICIPANTS/CSV files/WPD007_TUG.csv	syn61370558	WPD007_TUG.csv	syn61980507	True	text/csv				
/ocean/projects/med260006p/shared/biomedAI/project/replica/data/gait/weargait/PD PARTICIPANTS/CSV files/WPD007_TandemGait.csv	syn61370558	WPD007_TandemGait.csv	syn61980506	True	text/csv				
/ocean/projects/med260006p/shared/biomedAI/project/replica/data/gait/weargait/PD PARTICIPANTS/CSV files/WPD008_Balance.csv	syn61370558	WPD008_Balance.csv	syn61980508	True	text/csv				
/ocean/projects/med260006p/shared/biomedAI/project/replica/data/gait/weargait/PD PARTICIPANTS/CSV files/WPD008_HurriedPace.csv	syn61370558	WPD008_HurriedPace.csv	syn61980509	True	text/csv				
/ocean/projects/med260006p/shared/biomedAI/project/replica/data/gait/weargait/PD PARTICIPANTS/CSV files/WPD008_HurriedPace_mat.csv	syn61370558	WPD008_HurriedPace_mat.csv	syn61980510	True	text/csv				
/ocean/projects/med260006p/shared/biomedAI/project/replica/data/gait/weargait/PD PARTICIPANTS/CSV files/WPD008_SelfPace.csv	syn61370558	WPD008_SelfPace.csv	syn61980511	True	text/csv				
/ocean/projects/med260006p/shared/biomedAI/project/replica/data/gait/weargait/PD PARTICIPANTS/CSV files/WPD008_SelfPace_mat.csv	syn61370558	WPD008_SelfPace_mat.csv	syn61980512	True	text/csv				
/ocean/projects/med260006p/shared/biomedAI/project/replica/data/gait/weargait/PD PARTICIPANTS/CSV files/WPD008_SelfPace_matTURN.csv	syn61370558	WPD008_SelfPace_matTURN.csv	syn61980513	True	text/csv				
/ocean/projects/med260006p/shared/biomedAI/project/replica/data/gait/weargait/PD PARTICIPANTS/CSV files/WPD008_TUG.csv	syn61370558	WPD008_TUG.csv	syn61980515	True	text/csv				
/ocean/projects/med260006p/shared/biomedAI/project/replica/data/gait/weargait/PD PARTICIPANTS/CSV files/WPD008_TandemGait.csv	syn61370558	WPD008_TandemGait.csv	syn61980514	True	text/csv				
/ocean/projects/med260006p/shared/biomedAI/project/replica/data/gait/weargait/PD PARTICIPANTS/CSV files/WPD009_Balance.csv	syn61370558	WPD009_Balance.csv	syn61980516	True	text/csv				
/ocean/projects/med260006p/shared/biomedAI/project/replica/data/gait/weargait/PD PARTICIPANTS/CSV files/WPD009_HurriedPace.csv	syn61370558	WPD009_HurriedPace.csv	syn61980517	True	text/csv				
/ocean/projects/med260006p/shared/biomedAI/project/replica/data/gait/weargait/PD PARTICIPANTS/CSV files/WPD009_HurriedPace_mat.csv	syn61370558	WPD009_HurriedPace_mat.csv	syn61980518	True	text/csv				
/ocean/projects/med260006p/shared/biomedAI/project/replica/data/gait/weargait/PD PARTICIPANTS/CSV files/WPD009_SelfPace.csv	syn61370558	WPD009_SelfPace.csv	syn61980519	True	text/csv				
/ocean/projects/med260006p/shared/biomedAI/project/replica/data/gait/weargait/PD PARTICIPANTS/CSV files/WPD009_SelfPace_mat.csv	syn61370558	WPD009_SelfPace_mat.csv	syn61980520	True	text/csv				
/ocean/projects/med260006p/shared/biomedAI/project/replica/data/gait/weargait/PD PARTICIPANTS/CSV files/WPD009_SelfPace_matTURN.csv	syn61370558	WPD009_SelfPace_matTURN.csv	syn61980525	True	text/csv				
/ocean/projects/med260006p/shared/biomedAI/project/replica/data/gait/weargait/PD PARTICIPANTS/CSV files/WPD009_TUG.csv	syn61370558	WPD009_TUG.csv	syn61980532	True	text/csv				
/ocean/projects/med260006p/shared/biomedAI/project/replica/data/gait/weargait/PD PARTICIPANTS/CSV files/WPD009_TandemGait.csv	syn61370558	WPD009_TandemGait.csv	syn61980529	True	text/csv				
/ocean/projects/med260006p/shared/biomedAI/project/replica/data/gait/weargait/PD PARTICIPANTS/CSV files/WPD010_Balance.csv	syn61370558	WPD010_Balance.csv	syn61980540	True	text/csv				
/ocean/projects/med260006p/shared/biomedAI/project/replica/data/gait/weargait/PD PARTICIPANTS/CSV files/WPD010_HurriedPace.csv	syn61370558	WPD010_HurriedPace.csv	syn61980543	True	text/csv				
/ocean/projects/med260006p/shared/biomedAI/project/replica/data/gait/weargait/PD PARTICIPANTS/CSV files/WPD010_HurriedPace_mat.csv	syn61370558	WPD010_HurriedPace_mat.csv	syn61980544	True	text/csv				
/ocean/projects/med260006p/shared/biomedAI/project/replica/data/gait/weargait/PD PARTICIPANTS/CSV files/WPD010_SelfPace.csv	syn61370558	WPD010_SelfPace.csv	syn61980546	True	text/csv				
/ocean/projects/med260006p/shared/biomedAI/project/replica/data/gait/weargait/PD PARTICIPANTS/CSV files/WPD010_SelfPace_mat.csv	syn61370558	WPD010_SelfPace_mat.csv	syn61980547	True	text/csv				
/ocean/projects/med260006p/shared/biomedAI/project/replica/data/gait/weargait/PD PARTICIPANTS/CSV files/WPD010_SelfPace_matTURN.csv	syn61370558	WPD010_SelfPace_matTURN.csv	syn61980548	True	text/csv				
/ocean/projects/med260006p/shared/biomedAI/project/replica/data/gait/weargait/PD PARTICIPANTS/CSV files/WPD010_TUG.csv	syn61370558	WPD010_TUG.csv	syn61980550	True	text/csv				
/ocean/projects/med260006p/shared/biomedAI/project/replica/data/gait/weargait/PD PARTICIPANTS/CSV files/WPD010_TandemGait.csv	syn61370558	WPD010_TandemGait.csv	syn61980549	True	text/csv				
/ocean/projects/med260006p/shared/biomedAI/project/replica/data/gait/weargait/PD PARTICIPANTS/CSV files/WPD011_Balance.csv	syn61370558	WPD011_Balance.csv	syn63100044	True	text/csv				
/ocean/projects/med260006p/shared/biomedAI/project/replica/data/gait/weargait/PD PARTICIPANTS/CSV files/WPD011_HurriedPace.csv	syn61370558	WPD011_HurriedPace.csv	syn63100045	True	text/csv				
/ocean/projects/med260006p/shared/biomedAI/project/replica/data/gait/weargait/PD PARTICIPANTS/CSV files/WPD011_HurriedPace_mat.csv	syn61370558	WPD011_HurriedPace_mat.csv	syn63100046	True	text/csv				
/ocean/projects/med260006p/shared/biomedAI/project/replica/data/gait/weargait/PD PARTICIPANTS/CSV files/WPD011_SelfPace.csv	syn61370558	WPD011_SelfPace.csv	syn63100047	True	text/csv				
/ocean/projects/med260006p/shared/biomedAI/project/replica/data/gait/weargait/PD PARTICIPANTS/CSV files/WPD011_SelfPace_mat.csv	syn61370558	WPD011_SelfPace_mat.csv	syn63100048	True	text/csv				
/ocean/projects/med260006p/shared/biomedAI/project/replica/data/gait/weargait/PD PARTICIPANTS/CSV files/WPD011_SelfPace_matTURN.csv	syn61370558	WPD011_SelfPace_matTURN.csv	syn63100049	True	text/csv				
/ocean/projects/med260006p/shared/biomedAI/project/replica/data/gait/weargait/PD PARTICIPANTS/CSV files/WPD011_TUG.csv	syn61370558	WPD011_TUG.csv	syn63100051	True	text/csv				
/ocean/projects/med260006p/shared/biomedAI/project/replica/data/gait/weargait/PD PARTICIPANTS/CSV files/WPD011_TandemGait.csv	syn61370558	WPD011_TandemGait.csv	syn63100050	True	text/csv				
/ocean/projects/med260006p/shared/biomedAI/project/replica/data/gait/weargait/PD PARTICIPANTS/CSV files/WPD012_Balance.csv	syn61370558	WPD012_Balance.csv	syn66528289	True	text/csv				
/ocean/projects/med260006p/shared/biomedAI/project/replica/data/gait/weargait/PD PARTICIPANTS/CSV files/WPD012_HurriedPace.csv	syn61370558	WPD012_HurriedPace.csv	syn66528290	True	text/csv				
/ocean/projects/med260006p/shared/biomedAI/project/replica/data/gait/weargait/PD PARTICIPANTS/CSV files/WPD012_HurriedPace_mat.csv	syn61370558	WPD012_HurriedPace_mat.csv	syn66528291	True	text/csv				
/ocean/projects/med260006p/shared/biomedAI/project/replica/data/gait/weargait/PD PARTICIPANTS/CSV files/WPD012_SelfPace.csv	syn61370558	WPD012_SelfPace.csv	syn66528292	True	text/csv				
/ocean/projects/med260006p/shared/biomedAI/project/replica/data/gait/weargait/PD PARTICIPANTS/CSV files/WPD012_SelfPace_mat.csv	syn61370558	WPD012_SelfPace_mat.csv	syn66528294	True	text/csv				
/ocean/projects/med260006p/shared/biomedAI/project/replica/data/gait/weargait/PD PARTICIPANTS/CSV files/WPD012_SelfPace_matTURN.csv	syn61370558	WPD012_SelfPace_matTURN.csv	syn66528293	True	text/csv				
/ocean/projects/med260006p/shared/biomedAI/project/replica/data/gait/weargait/PD PARTICIPANTS/CSV files/WPD012_TUG.csv	syn61370558	WPD012_TUG.csv	syn66528296	True	text/csv				
/ocean/projects/med260006p/shared/biomedAI/project/replica/data/gait/weargait/PD PARTICIPANTS/CSV files/WPD012_TandemGait.csv	syn61370558	WPD012_TandemGait.csv	syn66528295	True	text/csv				
/ocean/projects/med260006p/shared/biomedAI/project/replica/data/gait/weargait/PD PARTICIPANTS/CSV files/WPD013_Balance.csv	syn61370558	WPD013_Balance.csv	syn66528297	True	text/csv				
/ocean/projects/med260006p/shared/biomedAI/project/replica/data/gait/weargait/PD PARTICIPANTS/CSV files/WPD013_HurriedPace.csv	syn61370558	WPD013_HurriedPace.csv	syn66528298	True	text/csv				
/ocean/projects/med260006p/shared/biomedAI/project/replica/data/gait/weargait/PD PARTICIPANTS/CSV files/WPD013_HurriedPace_mat.csv	syn61370558	WPD013_HurriedPace_mat.csv	syn66528299	True	text/csv				
/ocean/projects/med260006p/shared/biomedAI/project/replica/data/gait/weargait/PD PARTICIPANTS/CSV files/WPD013_SelfPace.csv	syn61370558	WPD013_SelfPace.csv	syn66528300	True	text/csv				
/ocean/projects/med260006p/shared/biomedAI/project/replica/data/gait/weargait/PD PARTICIPANTS/CSV files/WPD013_SelfPace_mat.csv	syn61370558	WPD013_SelfPace_mat.csv	syn66528302	True	text/csv				
/ocean/projects/med260006p/shared/biomedAI/project/replica/data/gait/weargait/PD PARTICIPANTS/CSV files/WPD013_SelfPace_matTURN.csv	syn61370558	WPD013_SelfPace_matTURN.csv	syn66528301	True	text/csv				
/ocean/projects/med260006p/shared/biomedAI/project/replica/data/gait/weargait/PD PARTICIPANTS/CSV files/WPD013_TUG.csv	syn61370558	WPD013_TUG.csv	syn66528304	True	text/csv				
/ocean/projects/med260006p/shared/biomedAI/project/replica/data/gait/weargait/PD PARTICIPANTS/CSV files/WPD013_TandemGait.csv	syn61370558	WPD013_TandemGait.csv	syn66528303	True	text/csv				
/ocean/projects/med260006p/shared/biomedAI/project/replica/data/gait/weargait/PD PARTICIPANTS/CSV files/WPD014_Balance.csv	syn61370558	WPD014_Balance.csv	syn66528305	True	text/csv				
/ocean/projects/med260006p/shared/biomedAI/project/replica/data/gait/weargait/PD PARTICIPANTS/CSV files/WPD014_HurriedPace.csv	syn61370558	WPD014_HurriedPace.csv	syn66528306	True	text/csv				
/ocean/projects/med260006p/shared/biomedAI/project/replica/data/gait/weargait/PD PARTICIPANTS/CSV files/WPD014_HurriedPace_mat.csv	syn61370558	WPD014_HurriedPace_mat.csv	syn66528307	True	text/csv				
/ocean/projects/med260006p/shared/biomedAI/project/replica/data/gait/weargait/PD PARTICIPANTS/CSV files/WPD014_SelfPace.csv	syn61370558	WPD014_SelfPace.csv	syn66528308	True	text/csv				
/ocean/projects/med260006p/shared/biomedAI/project/replica/data/gait/weargait/PD PARTICIPANTS/CSV files/WPD014_SelfPace_mat.csv	syn61370558	WPD014_SelfPace_mat.csv	syn66528309	True	text/csv				
/ocean/projects/med260006p/shared/biomedAI/project/replica/data/gait/weargait/PD PARTICIPANTS/CSV files/WPD014_SelfPace_matTURN.csv	syn61370558	WPD014_SelfPace_matTURN.csv	syn66528310	True	text/csv				
/ocean/projects/med260006p/shared/biomedAI/project/replica/data/gait/weargait/PD PARTICIPANTS/CSV files/WPD014_TUG.csv	syn61370558	WPD014_TUG.csv	syn66528312	True	text/csv				
/ocean/projects/med260006p/shared/biomedAI/project/replica/data/gait/weargait/PD PARTICIPANTS/CSV files/WPD014_TandemGait.csv	syn61370558	WPD014_TandemGait.csv	syn66528311	True	text/csv				
/ocean/projects/med260006p/shared/biomedAI/project/replica/data/gait/weargait/PD PARTICIPANTS/CSV files/WPD015_Balance.csv	syn61370558	WPD015_Balance.csv	syn66528313	True	text/csv				
/ocean/projects/med260006p/shared/biomedAI/project/replica/data/gait/weargait/PD PARTICIPANTS/CSV files/WPD015_FreeWalk.csv	syn61370558	WPD015_FreeWalk.csv	syn69692702	True	text/csv				
/ocean/projects/med260006p/shared/biomedAI/project/replica/data/gait/weargait/PD PARTICIPANTS/CSV files/WPD015_HurriedPace.csv	syn61370558	WPD015_HurriedPace.csv	syn66528314	True	text/csv				
/ocean/projects/med260006p/shared/biomedAI/project/replica/data/gait/weargait/PD PARTICIPANTS/CSV files/WPD015_HurriedPace_mat.csv	syn61370558	WPD015_HurriedPace_mat.csv	syn66528315	True	text/csv				
/ocean/projects/med260006p/shared/biomedAI/project/replica/data/gait/weargait/PD PARTICIPANTS/CSV files/WPD015_SelfPace.csv	syn61370558	WPD015_SelfPace.csv	syn66528316	True	text/csv				
/ocean/projects/med260006p/shared/biomedAI/project/replica/data/gait/weargait/PD PARTICIPANTS/CSV files/WPD015_SelfPace_mat.csv	syn61370558	WPD015_SelfPace_mat.csv	syn66528317	True	text/csv				
/ocean/projects/med260006p/shared/biomedAI/project/replica/data/gait/weargait/PD PARTICIPANTS/CSV files/WPD015_SelfPace_matTURN.csv	syn61370558	WPD015_SelfPace_matTURN.csv	syn66528318	True	text/csv				
/ocean/projects/med260006p/shared/biomedAI/project/replica/data/gait/weargait/PD PARTICIPANTS/CSV files/WPD015_TUG.csv	syn61370558	WPD015_TUG.csv	syn66528320	True	text/csv				
/ocean/projects/med260006p/shared/biomedAI/project/replica/data/gait/weargait/PD PARTICIPANTS/CSV files/WPD015_TandemGait.csv	syn61370558	WPD015_TandemGait.csv	syn66528319	True	text/csv				
/ocean/projects/med260006p/shared/biomedAI/project/replica/data/gait/weargait/PD PARTICIPANTS/CSV files/WPD016_Balance.csv	syn61370558	WPD016_Balance.csv	syn66528321	True	text/csv				
/ocean/projects/med260006p/shared/biomedAI/project/replica/data/gait/weargait/PD PARTICIPANTS/CSV files/WPD016_HurriedPace.csv	syn61370558	WPD016_HurriedPace.csv	syn66528322	True	text/csv				
/ocean/projects/med260006p/shared/biomedAI/project/replica/data/gait/weargait/PD PARTICIPANTS/CSV files/WPD016_HurriedPace_mat.csv	syn61370558	WPD016_HurriedPace_mat.csv	syn66528323	True	text/csv				
/ocean/projects/med260006p/shared/biomedAI/project/replica/data/gait/weargait/PD PARTICIPANTS/CSV files/WPD016_SelfPace.csv	syn61370558	WPD016_SelfPace.csv	syn66528324	True	text/csv				
/ocean/projects/med260006p/shared/biomedAI/project/replica/data/gait/weargait/PD PARTICIPANTS/CSV files/WPD016_SelfPace_mat.csv	syn61370558	WPD016_SelfPace_mat.csv	syn66528325	True	text/csv				
/ocean/projects/med260006p/shared/biomedAI/project/replica/data/gait/weargait/PD PARTICIPANTS/CSV files/WPD016_SelfPace_matTURN.csv	syn61370558	WPD016_SelfPace_matTURN.csv	syn66528326	True	text/csv				
/ocean/projects/med260006p/shared/biomedAI/project/replica/data/gait/weargait/PD PARTICIPANTS/CSV files/WPD016_TUG.csv	syn61370558	WPD016_TUG.csv	syn66528328	True	text/csv				
/ocean/projects/med260006p/shared/biomedAI/project/replica/data/gait/weargait/PD PARTICIPANTS/CSV files/WPD016_TandemGait.csv	syn61370558	WPD016_TandemGait.csv	syn66528327	True	text/csv				
/ocean/projects/med260006p/shared/biomedAI/project/replica/data/gait/weargait/PD PARTICIPANTS/CSV files/WPD017_Balance.csv	syn61370558	WPD017_Balance.csv	syn66528330	True	text/csv				
/ocean/projects/med260006p/shared/biomedAI/project/replica/data/gait/weargait/PD PARTICIPANTS/CSV files/WPD017_HurriedPace.csv	syn61370558	WPD017_HurriedPace.csv	syn66528331	True	text/csv				
/ocean/projects/med260006p/shared/biomedAI/project/replica/data/gait/weargait/PD PARTICIPANTS/CSV files/WPD017_HurriedPace_mat.csv	syn61370558	WPD017_HurriedPace_mat.csv	syn66528332	True	text/csv				
/ocean/projects/med260006p/shared/biomedAI/project/replica/data/gait/weargait/PD PARTICIPANTS/CSV files/WPD017_SelfPace.csv	syn61370558	WPD017_SelfPace.csv	syn66528333	True	text/csv				
/ocean/projects/med260006p/shared/biomedAI/project/replica/data/gait/weargait/PD PARTICIPANTS/CSV files/WPD017_SelfPace_mat.csv	syn61370558	WPD017_SelfPace_mat.csv	syn66528334	True	text/csv				
/ocean/projects/med260006p/shared/biomedAI/project/replica/data/gait/weargait/PD PARTICIPANTS/CSV files/WPD017_SelfPace_matTURN.csv	syn61370558	WPD017_SelfPace_matTURN.csv	syn66528335	True	text/csv				
/ocean/projects/med260006p/shared/biomedAI/project/replica/data/gait/weargait/PD PARTICIPANTS/CSV files/WPD017_TUG.csv	syn61370558	WPD017_TUG.csv	syn66528337	True	text/csv				
/ocean/projects/med260006p/shared/biomedAI/project/replica/data/gait/weargait/PD PARTICIPANTS/CSV files/WPD017_TandemGait.csv	syn61370558	WPD017_TandemGait.csv	syn66528336	True	text/csv				
/ocean/projects/med260006p/shared/biomedAI/project/replica/data/gait/weargait/PD PARTICIPANTS/CSV files/WPD018_Balance.csv	syn61370558	WPD018_Balance.csv	syn66528338	True	text/csv				
/ocean/projects/med260006p/shared/biomedAI/project/replica/data/gait/weargait/PD PARTICIPANTS/CSV files/WPD018_HurriedPace.csv	syn61370558	WPD018_HurriedPace.csv	syn66528340	True	text/csv				
/ocean/projects/med260006p/shared/biomedAI/project/replica/data/gait/weargait/PD PARTICIPANTS/CSV files/WPD018_HurriedPace_mat.csv	syn61370558	WPD018_HurriedPace_mat.csv	syn66528339	True	text/csv				
/ocean/projects/med260006p/shared/biomedAI/project/replica/data/gait/weargait/PD PARTICIPANTS/CSV files/WPD018_SelfPace.csv	syn61370558	WPD018_SelfPace.csv	syn66528342	True	text/csv				
/ocean/projects/med260006p/shared/biomedAI/project/replica/data/gait/weargait/PD PARTICIPANTS/CSV files/WPD018_SelfPace_mat.csv	syn61370558	WPD018_SelfPace_mat.csv	syn66528341	True	text/csv				
/ocean/projects/med260006p/shared/biomedAI/project/replica/data/gait/weargait/PD PARTICIPANTS/CSV files/WPD018_SelfPace_matTURN.csv	syn61370558	WPD018_SelfPace_matTURN.csv	syn66528343	True	text/csv				
/ocean/projects/med260006p/shared/biomedAI/project/replica/data/gait/weargait/PD PARTICIPANTS/CSV files/WPD018_TUG.csv	syn61370558	WPD018_TUG.csv	syn66528345	True	text/csv				
/ocean/projects/med260006p/shared/biomedAI/project/replica/data/gait/weargait/PD PARTICIPANTS/CSV files/WPD018_TandemGait.csv	syn61370558	WPD018_TandemGait.csv	syn66528344	True	text/csv				
/ocean/projects/med260006p/shared/biomedAI/project/replica/data/gait/weargait/PD PARTICIPANTS/CSV files/WPD019_Balance.csv	syn61370558	WPD019_Balance.csv	syn66528347	True	text/csv				
/ocean/projects/med260006p/shared/biomedAI/project/replica/data/gait/weargait/PD PARTICIPANTS/CSV files/WPD019_HurriedPace.csv	syn61370558	WPD019_HurriedPace.csv	syn66528346	True	text/csv				
/ocean/projects/med260006p/shared/biomedAI/project/replica/data/gait/weargait/PD PARTICIPANTS/CSV files/WPD019_HurriedPace_mat.csv	syn61370558	WPD019_HurriedPace_mat.csv	syn66528349	True	text/csv				
/ocean/projects/med260006p/shared/biomedAI/project/replica/data/gait/weargait/PD PARTICIPANTS/CSV files/WPD019_SelfPace.csv	syn61370558	WPD019_SelfPace.csv	syn66528348	True	text/csv				
/ocean/projects/med260006p/shared/biomedAI/project/replica/data/gait/weargait/PD PARTICIPANTS/CSV files/WPD019_SelfPace_mat.csv	syn61370558	WPD019_SelfPace_mat.csv	syn66528350	True	text/csv				
/ocean/projects/med260006p/shared/biomedAI/project/replica/data/gait/weargait/PD PARTICIPANTS/CSV files/WPD019_SelfPace_matTURN.csv	syn61370558	WPD019_SelfPace_matTURN.csv	syn66528351	True	text/csv				
/ocean/projects/med260006p/shared/biomedAI/project/replica/data/gait/weargait/PD PARTICIPANTS/CSV files/WPD019_TUG.csv	syn61370558	WPD019_TUG.csv	syn66528353	True	text/csv				
/ocean/projects/med260006p/shared/biomedAI/project/replica/data/gait/weargait/PD PARTICIPANTS/CSV files/WPD019_TandemGait.csv	syn61370558	WPD019_TandemGait.csv	syn66528352	True	text/csv				
/ocean/projects/med260006p/shared/biomedAI/project/replica/data/gait/weargait/PD PARTICIPANTS/CSV files/WPD020_Balance.csv	syn61370558	WPD020_Balance.csv	syn66528354	True	text/csv				
/ocean/projects/med260006p/shared/biomedAI/project/replica/data/gait/weargait/PD PARTICIPANTS/CSV files/WPD020_HurriedPace.csv	syn61370558	WPD020_HurriedPace.csv	syn66528355	True	text/csv				
/ocean/projects/med260006p/shared/biomedAI/project/replica/data/gait/weargait/PD PARTICIPANTS/CSV files/WPD020_HurriedPace_mat.csv	syn61370558	WPD020_HurriedPace_mat.csv	syn66528356	True	text/csv				
/ocean/projects/med260006p/shared/biomedAI/project/replica/data/gait/weargait/PD PARTICIPANTS/CSV files/WPD020_SelfPace.csv	syn61370558	WPD020_SelfPace.csv	syn66528357	True	text/csv				
/ocean/projects/med260006p/shared/biomedAI/project/replica/data/gait/weargait/PD PARTICIPANTS/CSV files/WPD020_SelfPace_mat.csv	syn61370558	WPD020_SelfPace_mat.csv	syn66528358	True	text/csv				
/ocean/projects/med260006p/shared/biomedAI/project/replica/data/gait/weargait/PD PARTICIPANTS/CSV files/WPD020_SelfPace_matTURN.csv	syn61370558	WPD020_SelfPace_matTURN.csv	syn66528359	True	text/csv				
/ocean/projects/med260006p/shared/biomedAI/project/replica/data/gait/weargait/PD PARTICIPANTS/CSV files/WPD020_TUG.csv	syn61370558	WPD020_TUG.csv	syn66528361	True	text/csv				
/ocean/projects/med260006p/shared/biomedAI/project/replica/data/gait/weargait/PD PARTICIPANTS/CSV files/WPD020_TandemGait.csv	syn61370558	WPD020_TandemGait.csv	syn66528360	True	text/csv				
/ocean/projects/med260006p/shared/biomedAI/project/replica/data/gait/weargait/PD PARTICIPANTS/CSV files/WPD021_Balance.csv	syn61370558	WPD021_Balance.csv	syn66528364	True	text/csv				
/ocean/projects/med260006p/shared/biomedAI/project/replica/data/gait/weargait/PD PARTICIPANTS/CSV files/WPD021_HurriedPace.csv	syn61370558	WPD021_HurriedPace.csv	syn66528362	True	text/csv				
/ocean/projects/med260006p/shared/biomedAI/project/replica/data/gait/weargait/PD PARTICIPANTS/CSV files/WPD021_HurriedPace_mat.csv	syn61370558	WPD021_HurriedPace_mat.csv	syn66528363	True	text/csv				
/ocean/projects/med260006p/shared/biomedAI/project/replica/data/gait/weargait/PD PARTICIPANTS/CSV files/WPD021_SelfPace.csv	syn61370558	WPD021_SelfPace.csv	syn66528365	True	text/csv				
/ocean/projects/med260006p/shared/biomedAI/project/replica/data/gait/weargait/PD PARTICIPANTS/CSV files/WPD021_SelfPace_mat.csv	syn61370558	WPD021_SelfPace_mat.csv	syn66528366	True	text/csv				
/ocean/projects/med260006p/shared/biomedAI/project/replica/data/gait/weargait/PD PARTICIPANTS/CSV files/WPD021_SelfPace_matTURN.csv	syn61370558	WPD021_SelfPace_matTURN.csv	syn66528368	True	text/csv				
/ocean/projects/med260006p/shared/biomedAI/project/replica/data/gait/weargait/PD PARTICIPANTS/CSV files/WPD021_TUG.csv	syn61370558	WPD021_TUG.csv	syn66528370	True	text/csv				
/ocean/projects/med260006p/shared/biomedAI/project/replica/data/gait/weargait/PD PARTICIPANTS/CSV files/WPD021_TandemGait.csv	syn61370558	WPD021_TandemGait.csv	syn66528369	True	text/csv				
/ocean/projects/med260006p/shared/biomedAI/project/replica/data/gait/weargait/PD PARTICIPANTS/CSV files/WPD022_Balance.csv	syn61370558	WPD022_Balance.csv	syn66528372	True	text/csv				
/ocean/projects/med260006p/shared/biomedAI/project/replica/data/gait/weargait/PD PARTICIPANTS/CSV files/WPD022_HurriedPace.csv	syn61370558	WPD022_HurriedPace.csv	syn66528371	True	text/csv				
/ocean/projects/med260006p/shared/biomedAI/project/replica/data/gait/weargait/PD PARTICIPANTS/CSV files/WPD022_HurriedPace_mat.csv	syn61370558	WPD022_HurriedPace_mat.csv	syn66528373	True	text/csv				
/ocean/projects/med260006p/shared/biomedAI/project/replica/data/gait/weargait/PD PARTICIPANTS/CSV files/WPD022_SelfPace.csv	syn61370558	WPD022_SelfPace.csv	syn66528375	True	text/csv				
/ocean/projects/med260006p/shared/biomedAI/project/replica/data/gait/weargait/PD PARTICIPANTS/CSV files/WPD022_SelfPace_mat.csv	syn61370558	WPD022_SelfPace_mat.csv	syn66528376	True	text/csv				
/ocean/projects/med260006p/shared/biomedAI/project/replica/data/gait/weargait/PD PARTICIPANTS/CSV files/WPD022_SelfPace_matTURN.csv	syn61370558	WPD022_SelfPace_matTURN.csv	syn66528377	True	text/csv				
/ocean/projects/med260006p/shared/biomedAI/project/replica/data/gait/weargait/PD PARTICIPANTS/CSV files/WPD022_TUG.csv	syn61370558	WPD022_TUG.csv	syn66528379	True	text/csv				
/ocean/projects/med260006p/shared/biomedAI/project/replica/data/gait/weargait/PD PARTICIPANTS/CSV files/WPD022_TandemGait.csv	syn61370558	WPD022_TandemGait.csv	syn66528378	True	text/csv				
/ocean/projects/med260006p/shared/biomedAI/project/replica/data/gait/weargait/PD PARTICIPANTS/CSV files/WPD023_Balance.csv	syn61370558	WPD023_Balance.csv	syn66528380	True	text/csv				
/ocean/projects/med260006p/shared/biomedAI/project/replica/data/gait/weargait/PD PARTICIPANTS/CSV files/WPD023_HurriedPace.csv	syn61370558	WPD023_HurriedPace.csv	syn66528381	True	text/csv				
/ocean/projects/med260006p/shared/biomedAI/project/replica/data/gait/weargait/PD PARTICIPANTS/CSV files/WPD023_HurriedPace_mat.csv	syn61370558	WPD023_HurriedPace_mat.csv	syn66528382	True	text/csv				
/ocean/projects/med260006p/shared/biomedAI/project/replica/data/gait/weargait/PD PARTICIPANTS/CSV files/WPD023_SelfPace.csv	syn61370558	WPD023_SelfPace.csv	syn66528383	True	text/csv				
/ocean/projects/med260006p/shared/biomedAI/project/replica/data/gait/weargait/PD PARTICIPANTS/CSV files/WPD023_SelfPace_mat.csv	syn61370558	WPD023_SelfPace_mat.csv	syn66528384	True	text/csv				
/ocean/projects/med260006p/shared/biomedAI/project/replica/data/gait/weargait/PD PARTICIPANTS/CSV files/WPD023_SelfPace_matTURN.csv	syn61370558	WPD023_SelfPace_matTURN.csv	syn66528385	True	text/csv				
/ocean/projects/med260006p/shared/biomedAI/project/replica/data/gait/weargait/PD PARTICIPANTS/CSV files/WPD023_TUG.csv	syn61370558	WPD023_TUG.csv	syn66528387	True	text/csv				
/ocean/projects/med260006p/shared/biomedAI/project/replica/data/gait/weargait/PD PARTICIPANTS/CSV files/WPD023_TandemGait.csv	syn61370558	WPD023_TandemGait.csv	syn66528386	True	text/csv				
/ocean/projects/med260006p/shared/biomedAI/project/replica/data/gait/weargait/PD PARTICIPANTS/CSV files/WPD024_Balance.csv	syn61370558	WPD024_Balance.csv	syn66528388	True	text/csv				
/ocean/projects/med260006p/shared/biomedAI/project/replica/data/gait/weargait/PD PARTICIPANTS/CSV files/WPD024_HurriedPace.csv	syn61370558	WPD024_HurriedPace.csv	syn66528389	True	text/csv				
/ocean/projects/med260006p/shared/biomedAI/project/replica/data/gait/weargait/PD PARTICIPANTS/CSV files/WPD024_HurriedPace_mat.csv	syn61370558	WPD024_HurriedPace_mat.csv	syn66528390	True	text/csv				
/ocean/projects/med260006p/shared/biomedAI/project/replica/data/gait/weargait/PD PARTICIPANTS/CSV files/WPD024_SelfPace.csv	syn61370558	WPD024_SelfPace.csv	syn66528391	True	text/csv				
/ocean/projects/med260006p/shared/biomedAI/project/replica/data/gait/weargait/PD PARTICIPANTS/CSV files/WPD024_SelfPace_mat.csv	syn61370558	WPD024_SelfPace_mat.csv	syn66528392	True	text/csv				
/ocean/projects/med260006p/shared/biomedAI/project/replica/data/gait/weargait/PD PARTICIPANTS/CSV files/WPD024_SelfPace_matTURN.csv	syn61370558	WPD024_SelfPace_matTURN.csv	syn66528393	True	text/csv				
/ocean/projects/med260006p/shared/biomedAI/project/replica/data/gait/weargait/PD PARTICIPANTS/CSV files/WPD024_TUG.csv	syn61370558	WPD024_TUG.csv	syn66528395	True	text/csv				
/ocean/projects/med260006p/shared/biomedAI/project/replica/data/gait/weargait/PD PARTICIPANTS/CSV files/WPD024_TandemGait.csv	syn61370558	WPD024_TandemGait.csv	syn66528394	True	text/csv				
/ocean/projects/med260006p/shared/biomedAI/project/replica/data/gait/weargait/PD PARTICIPANTS/CSV files/WPD025_Balance.csv	syn61370558	WPD025_Balance.csv	syn66528397	True	text/csv				
/ocean/projects/med260006p/shared/biomedAI/project/replica/data/gait/weargait/PD PARTICIPANTS/CSV files/WPD025_HurriedPace.csv	syn61370558	WPD025_HurriedPace.csv	syn66528398	True	text/csv				
/ocean/projects/med260006p/shared/biomedAI/project/replica/data/gait/weargait/PD PARTICIPANTS/CSV files/WPD025_HurriedPace_mat.csv	syn61370558	WPD025_HurriedPace_mat.csv	syn66528399	True	text/csv				
/ocean/projects/med260006p/shared/biomedAI/project/replica/data/gait/weargait/PD PARTICIPANTS/CSV files/WPD025_SelfPace.csv	syn61370558	WPD025_SelfPace.csv	syn66528400	True	text/csv				
/ocean/projects/med260006p/shared/biomedAI/project/replica/data/gait/weargait/PD PARTICIPANTS/CSV files/WPD025_SelfPace_mat.csv	syn61370558	WPD025_SelfPace_mat.csv	syn66528401	True	text/csv				
/ocean/projects/med260006p/shared/biomedAI/project/replica/data/gait/weargait/PD PARTICIPANTS/CSV files/WPD025_SelfPace_matTURN.csv	syn61370558	WPD025_SelfPace_matTURN.csv	syn66528402	True	text/csv				
/ocean/projects/med260006p/shared/biomedAI/project/replica/data/gait/weargait/PD PARTICIPANTS/CSV files/WPD025_TUG.csv	syn61370558	WPD025_TUG.csv	syn66528404	True	text/csv				
/ocean/projects/med260006p/shared/biomedAI/project/replica/data/gait/weargait/PD PARTICIPANTS/CSV files/WPD025_TandemGait.csv	syn61370558	WPD025_TandemGait.csv	syn66528403	True	text/csv				
/ocean/projects/med260006p/shared/biomedAI/project/replica/data/gait/weargait/PD PARTICIPANTS/CSV files/WPD026_Balance.csv	syn61370558	WPD026_Balance.csv	syn66528405	True	text/csv				
/ocean/projects/med260006p/shared/biomedAI/project/replica/data/gait/weargait/PD PARTICIPANTS/CSV files/WPD026_HurriedPace.csv	syn61370558	WPD026_HurriedPace.csv	syn66528406	True	text/csv				
/ocean/projects/med260006p/shared/biomedAI/project/replica/data/gait/weargait/PD PARTICIPANTS/CSV files/WPD026_HurriedPace_mat.csv	syn61370558	WPD026_HurriedPace_mat.csv	syn66528407	True	text/csv				
/ocean/projects/med260006p/shared/biomedAI/project/replica/data/gait/weargait/PD PARTICIPANTS/CSV files/WPD026_SelfPace.csv	syn61370558	WPD026_SelfPace.csv	syn66528408	True	text/csv				
/ocean/projects/med260006p/shared/biomedAI/project/replica/data/gait/weargait/PD PARTICIPANTS/CSV files/WPD026_SelfPace_mat.csv	syn61370558	WPD026_SelfPace_mat.csv	syn66528409	True	text/csv				
/ocean/projects/med260006p/shared/biomedAI/project/replica/data/gait/weargait/PD PARTICIPANTS/CSV files/WPD026_SelfPace_matTURN.csv	syn61370558	WPD026_SelfPace_matTURN.csv	syn66528410	True	text/csv				
/ocean/projects/med260006p/shared/biomedAI/project/replica/data/gait/weargait/PD PARTICIPANTS/CSV files/WPD026_TUG.csv	syn61370558	WPD026_TUG.csv	syn66528413	True	text/csv				
/ocean/projects/med260006p/shared/biomedAI/project/replica/data/gait/weargait/PD PARTICIPANTS/CSV files/WPD026_TandemGait.csv	syn61370558	WPD026_TandemGait.csv	syn66528411	True	text/csv				
/ocean/projects/med260006p/shared/biomedAI/project/replica/data/gait/weargait/PD PARTICIPANTS/CSV files/WPD027_Balance.csv	syn61370558	WPD027_Balance.csv	syn66528415	True	text/csv				
/ocean/projects/med260006p/shared/biomedAI/project/replica/data/gait/weargait/PD PARTICIPANTS/CSV files/WPD027_HurriedPace.csv	syn61370558	WPD027_HurriedPace.csv	syn66528414	True	text/csv				
/ocean/projects/med260006p/shared/biomedAI/project/replica/data/gait/weargait/PD PARTICIPANTS/CSV files/WPD027_HurriedPace_mat.csv	syn61370558	WPD027_HurriedPace_mat.csv	syn66528416	True	text/csv				
/ocean/projects/med260006p/shared/biomedAI/project/replica/data/gait/weargait/PD PARTICIPANTS/CSV files/WPD027_SelfPace.csv	syn61370558	WPD027_SelfPace.csv	syn66528417	True	text/csv				
/ocean/projects/med260006p/shared/biomedAI/project/replica/data/gait/weargait/PD PARTICIPANTS/CSV files/WPD027_SelfPace_mat.csv	syn61370558	WPD027_SelfPace_mat.csv	syn66528418	True	text/csv				
/ocean/projects/med260006p/shared/biomedAI/project/replica/data/gait/weargait/PD PARTICIPANTS/CSV files/WPD027_SelfPace_matTURN.csv	syn61370558	WPD027_SelfPace_matTURN.csv	syn66528419	True	text/csv				
/ocean/projects/med260006p/shared/biomedAI/project/replica/data/gait/weargait/PD PARTICIPANTS/CSV files/WPD027_TUG.csv	syn61370558	WPD027_TUG.csv	syn66528421	True	text/csv				
/ocean/projects/med260006p/shared/biomedAI/project/replica/data/gait/weargait/PD PARTICIPANTS/CSV files/WPD027_TandemGait.csv	syn61370558	WPD027_TandemGait.csv	syn66528420	True	text/csv				
/ocean/projects/med260006p/shared/biomedAI/project/replica/data/gait/weargait/PD PARTICIPANTS/CSV files/WPD029_Balance.csv	syn61370558	WPD029_Balance.csv	syn66528422	True	text/csv				
/ocean/projects/med260006p/shared/biomedAI/project/replica/data/gait/weargait/PD PARTICIPANTS/CSV files/WPD029_HurriedPace.csv	syn61370558	WPD029_HurriedPace.csv	syn66528423	True	text/csv				
/ocean/projects/med260006p/shared/biomedAI/project/replica/data/gait/weargait/PD PARTICIPANTS/CSV files/WPD029_HurriedPace_mat.csv	syn61370558	WPD029_HurriedPace_mat.csv	syn66528424	True	text/csv				
/ocean/projects/med260006p/shared/biomedAI/project/replica/data/gait/weargait/PD PARTICIPANTS/CSV files/WPD029_SelfPace.csv	syn61370558	WPD029_SelfPace.csv	syn66528425	True	text/csv				
/ocean/projects/med260006p/shared/biomedAI/project/replica/data/gait/weargait/PD PARTICIPANTS/CSV files/WPD029_SelfPace_mat.csv	syn61370558	WPD029_SelfPace_mat.csv	syn66528426	True	text/csv				
/ocean/projects/med260006p/shared/biomedAI/project/replica/data/gait/weargait/PD PARTICIPANTS/CSV files/WPD029_SelfPace_matTURN.csv	syn61370558	WPD029_SelfPace_matTURN.csv	syn66528427	True	text/csv				
/ocean/projects/med260006p/shared/biomedAI/project/replica/data/gait/weargait/PD PARTICIPANTS/CSV files/WPD029_TUG.csv	syn61370558	WPD029_TUG.csv	syn66528429	True	text/csv				
/ocean/projects/med260006p/shared/biomedAI/project/replica/data/gait/weargait/PD PARTICIPANTS/CSV files/WPD029_TandemGait.csv	syn61370558	WPD029_TandemGait.csv	syn66528428	True	text/csv				
/ocean/projects/med260006p/shared/biomedAI/project/replica/data/gait/weargait/PD PARTICIPANTS/MAT file/NLS002.mat	syn61370559	NLS002.mat	syn61496736	True	application/octet-stream				
/ocean/projects/med260006p/shared/biomedAI/project/replica/data/gait/weargait/PD PARTICIPANTS/MAT file/NLS005.mat	syn61370559	NLS005.mat	syn61496737	True	application/octet-stream				
/ocean/projects/med260006p/shared/biomedAI/project/replica/data/gait/weargait/PD PARTICIPANTS/MAT file/NLS022.mat	syn61370559	NLS022.mat	syn61496738	True	application/octet-stream				
/ocean/projects/med260006p/shared/biomedAI/project/replica/data/gait/weargait/PD PARTICIPANTS/MAT file/NLS033.mat	syn61370559	NLS033.mat	syn66528441	True	application/octet-stream				
/ocean/projects/med260006p/shared/biomedAI/project/replica/data/gait/weargait/PD PARTICIPANTS/MAT file/NLS035.mat	syn61370559	NLS035.mat	syn66528436	True	application/octet-stream				
/ocean/projects/med260006p/shared/biomedAI/project/replica/data/gait/weargait/PD PARTICIPANTS/MAT file/NLS036.mat	syn61370559	NLS036.mat	syn61496739	True	application/octet-stream				
/ocean/projects/med260006p/shared/biomedAI/project/replica/data/gait/weargait/PD PARTICIPANTS/MAT file/NLS056.mat	syn61370559	NLS056.mat	syn66528435	True	application/octet-stream				
/ocean/projects/med260006p/shared/biomedAI/project/replica/data/gait/weargait/PD PARTICIPANTS/MAT file/NLS069.mat	syn61370559	NLS069.mat	syn66528442	True	application/octet-stream				
/ocean/projects/med260006p/shared/biomedAI/project/replica/data/gait/weargait/PD PARTICIPANTS/MAT file/NLS101.mat	syn61370559	NLS101.mat	syn66528440	True	application/octet-stream				
/ocean/projects/med260006p/shared/biomedAI/project/replica/data/gait/weargait/PD PARTICIPANTS/MAT file/NLS102.mat	syn61370559	NLS102.mat	syn61496742	True	application/octet-stream				
/ocean/projects/med260006p/shared/biomedAI/project/replica/data/gait/weargait/PD PARTICIPANTS/MAT file/NLS121.mat	syn61370559	NLS121.mat	syn61496745	True	application/octet-stream				
/ocean/projects/med260006p/shared/biomedAI/project/replica/data/gait/weargait/PD PARTICIPANTS/MAT file/NLS124.mat	syn61370559	NLS124.mat	syn66528443	True	application/octet-stream				
/ocean/projects/med260006p/shared/biomedAI/project/replica/data/gait/weargait/PD PARTICIPANTS/MAT file/NLS127.mat	syn61370559	NLS127.mat	syn61980345	True	application/octet-stream				
/ocean/projects/med260006p/shared/biomedAI/project/replica/data/gait/weargait/PD PARTICIPANTS/MAT file/NLS130.mat	syn61370559	NLS130.mat	syn61496746	True	application/octet-stream				
/ocean/projects/med260006p/shared/biomedAI/project/replica/data/gait/weargait/PD PARTICIPANTS/MAT file/NLS135.mat	syn61370559	NLS135.mat	syn61496747	True	application/octet-stream				
/ocean/projects/med260006p/shared/biomedAI/project/replica/data/gait/weargait/PD PARTICIPANTS/MAT file/NLS139.mat	syn61370559	NLS139.mat	syn66528438	True	application/octet-stream				
/ocean/projects/med260006p/shared/biomedAI/project/replica/data/gait/weargait/PD PARTICIPANTS/MAT file/NLS140.mat	syn61370559	NLS140.mat	syn66528439	True	application/octet-stream				
/ocean/projects/med260006p/shared/biomedAI/project/replica/data/gait/weargait/PD PARTICIPANTS/MAT file/NLS141.mat	syn61370559	NLS141.mat	syn61496750	True	application/octet-stream				
/ocean/projects/med260006p/shared/biomedAI/project/replica/data/gait/weargait/PD PARTICIPANTS/MAT file/NLS142.mat	syn61370559	NLS142.mat	syn61496755	True	application/octet-stream				
/ocean/projects/med260006p/shared/biomedAI/project/replica/data/gait/weargait/PD PARTICIPANTS/MAT file/NLS143.mat	syn61370559	NLS143.mat	syn61496756	True	application/octet-stream				
/ocean/projects/med260006p/shared/biomedAI/project/replica/data/gait/weargait/PD PARTICIPANTS/MAT file/NLS144.mat	syn61370559	NLS144.mat	syn61496759	True	application/octet-stream				
/ocean/projects/med260006p/shared/biomedAI/project/replica/data/gait/weargait/PD PARTICIPANTS/MAT file/NLS146.mat	syn61370559	NLS146.mat	syn61496760	True	application/octet-stream				
/ocean/projects/med260006p/shared/biomedAI/project/replica/data/gait/weargait/PD PARTICIPANTS/MAT file/NLS147.mat	syn61370559	NLS147.mat	syn61496763	True	application/octet-stream				
/ocean/projects/med260006p/shared/biomedAI/project/replica/data/gait/weargait/PD PARTICIPANTS/MAT file/NLS148.mat	syn61370559	NLS148.mat	syn61496764	True	application/octet-stream				
/ocean/projects/med260006p/shared/biomedAI/project/replica/data/gait/weargait/PD PARTICIPANTS/MAT file/NLS149.mat	syn61370559	NLS149.mat	syn61496765	True	application/octet-stream				
/ocean/projects/med260006p/shared/biomedAI/project/replica/data/gait/weargait/PD PARTICIPANTS/MAT file/NLS150.mat	syn61370559	NLS150.mat	syn61496770	True	application/octet-stream				
/ocean/projects/med260006p/shared/biomedAI/project/replica/data/gait/weargait/PD PARTICIPANTS/MAT file/NLS151.mat	syn61370559	NLS151.mat	syn61496771	True	application/octet-stream				
/ocean/projects/med260006p/shared/biomedAI/project/replica/data/gait/weargait/PD PARTICIPANTS/MAT file/NLS152.mat	syn61370559	NLS152.mat	syn61496774	True	application/octet-stream				
/ocean/projects/med260006p/shared/biomedAI/project/replica/data/gait/weargait/PD PARTICIPANTS/MAT file/NLS153.mat	syn61370559	NLS153.mat	syn61496777	True	application/octet-stream				
/ocean/projects/med260006p/shared/biomedAI/project/replica/data/gait/weargait/PD PARTICIPANTS/MAT file/NLS154.mat	syn61370559	NLS154.mat	syn61496778	True	application/octet-stream				
/ocean/projects/med260006p/shared/biomedAI/project/replica/data/gait/weargait/PD PARTICIPANTS/MAT file/NLS155.mat	syn61370559	NLS155.mat	syn61496781	True	application/octet-stream				
/ocean/projects/med260006p/shared/biomedAI/project/replica/data/gait/weargait/PD PARTICIPANTS/MAT file/NLS157.mat	syn61370559	NLS157.mat	syn61496782	True	application/octet-stream				
/ocean/projects/med260006p/shared/biomedAI/project/replica/data/gait/weargait/PD PARTICIPANTS/MAT file/NLS158.mat	syn61370559	NLS158.mat	syn61496783	True	application/octet-stream				
/ocean/projects/med260006p/shared/biomedAI/project/replica/data/gait/weargait/PD PARTICIPANTS/MAT file/NLS159.mat	syn61370559	NLS159.mat	syn61496784	True	application/octet-stream				
/ocean/projects/med260006p/shared/biomedAI/project/replica/data/gait/weargait/PD PARTICIPANTS/MAT file/NLS160.mat	syn61370559	NLS160.mat	syn61496787	True	application/octet-stream				
/ocean/projects/med260006p/shared/biomedAI/project/replica/data/gait/weargait/PD PARTICIPANTS/MAT file/NLS161.mat	syn61370559	NLS161.mat	syn61496794	True	application/octet-stream				
/ocean/projects/med260006p/shared/biomedAI/project/replica/data/gait/weargait/PD PARTICIPANTS/MAT file/NLS162.mat	syn61370559	NLS162.mat	syn61496797	True	application/octet-stream				
/ocean/projects/med260006p/shared/biomedAI/project/replica/data/gait/weargait/PD PARTICIPANTS/MAT file/NLS163.mat	syn61370559	NLS163.mat	syn61496801	True	application/octet-stream				
/ocean/projects/med260006p/shared/biomedAI/project/replica/data/gait/weargait/PD PARTICIPANTS/MAT file/NLS164.mat	syn61370559	NLS164.mat	syn61496809	True	application/octet-stream				
/ocean/projects/med260006p/shared/biomedAI/project/replica/data/gait/weargait/PD PARTICIPANTS/MAT file/NLS165.mat	syn61370559	NLS165.mat	syn61496810	True	application/octet-stream				
/ocean/projects/med260006p/shared/biomedAI/project/replica/data/gait/weargait/PD PARTICIPANTS/MAT file/NLS166.mat	syn61370559	NLS166.mat	syn61496812	True	application/octet-stream				
/ocean/projects/med260006p/shared/biomedAI/project/replica/data/gait/weargait/PD PARTICIPANTS/MAT file/NLS167.mat	syn61370559	NLS167.mat	syn61496815	True	application/octet-stream				
/ocean/projects/med260006p/shared/biomedAI/project/replica/data/gait/weargait/PD PARTICIPANTS/MAT file/NLS169.mat	syn61370559	NLS169.mat	syn61496822	True	application/octet-stream				
/ocean/projects/med260006p/shared/biomedAI/project/replica/data/gait/weargait/PD PARTICIPANTS/MAT file/NLS170.mat	syn61370559	NLS170.mat	syn61496823	True	application/octet-stream				
/ocean/projects/med260006p/shared/biomedAI/project/replica/data/gait/weargait/PD PARTICIPANTS/MAT file/NLS172.mat	syn61370559	NLS172.mat	syn61496825	True	application/octet-stream				
/ocean/projects/med260006p/shared/biomedAI/project/replica/data/gait/weargait/PD PARTICIPANTS/MAT file/NLS173.mat	syn61370559	NLS173.mat	syn61496828	True	application/octet-stream				
/ocean/projects/med260006p/shared/biomedAI/project/replica/data/gait/weargait/PD PARTICIPANTS/MAT file/NLS174.mat	syn61370559	NLS174.mat	syn61496831	True	application/octet-stream				
/ocean/projects/med260006p/shared/biomedAI/project/replica/data/gait/weargait/PD PARTICIPANTS/MAT file/NLS175.mat	syn61370559	NLS175.mat	syn61496836	True	application/octet-stream				
/ocean/projects/med260006p/shared/biomedAI/project/replica/data/gait/weargait/PD PARTICIPANTS/MAT file/NLS176.mat	syn61370559	NLS176.mat	syn61496837	True	application/octet-stream				
/ocean/projects/med260006p/shared/biomedAI/project/replica/data/gait/weargait/PD PARTICIPANTS/MAT file/NLS177.mat	syn61370559	NLS177.mat	syn61980346	True	application/octet-stream				
/ocean/projects/med260006p/shared/biomedAI/project/replica/data/gait/weargait/PD PARTICIPANTS/MAT file/NLS179.mat	syn61370559	NLS179.mat	syn61980347	True	application/octet-stream				
/ocean/projects/med260006p/shared/biomedAI/project/replica/data/gait/weargait/PD PARTICIPANTS/MAT file/NLS182.mat	syn61370559	NLS182.mat	syn61980348	True	application/octet-stream				
/ocean/projects/med260006p/shared/biomedAI/project/replica/data/gait/weargait/PD PARTICIPANTS/MAT file/NLS183.mat	syn61370559	NLS183.mat	syn61980349	True	application/octet-stream				
/ocean/projects/med260006p/shared/biomedAI/project/replica/data/gait/weargait/PD PARTICIPANTS/MAT file/NLS184.mat	syn61370559	NLS184.mat	syn61980350	True	application/octet-stream				
/ocean/projects/med260006p/shared/biomedAI/project/replica/data/gait/weargait/PD PARTICIPANTS/MAT file/NLS185.mat	syn61370559	NLS185.mat	syn61980351	True	application/octet-stream				
/ocean/projects/med260006p/shared/biomedAI/project/replica/data/gait/weargait/PD PARTICIPANTS/MAT file/NLS186.mat	syn61370559	NLS186.mat	syn61980352	True	application/octet-stream				
/ocean/projects/med260006p/shared/biomedAI/project/replica/data/gait/weargait/PD PARTICIPANTS/MAT file/NLS187.mat	syn61370559	NLS187.mat	syn63100063	True	application/octet-stream				
/ocean/projects/med260006p/shared/biomedAI/project/replica/data/gait/weargait/PD PARTICIPANTS/MAT file/NLS188.mat	syn61370559	NLS188.mat	syn63100064	True	application/octet-stream				
/ocean/projects/med260006p/shared/biomedAI/project/replica/data/gait/weargait/PD PARTICIPANTS/MAT file/NLS189.mat	syn61370559	NLS189.mat	syn66528444	True	application/octet-stream				
/ocean/projects/med260006p/shared/biomedAI/project/replica/data/gait/weargait/PD PARTICIPANTS/MAT file/NLS190.mat	syn61370559	NLS190.mat	syn66528445	True	application/octet-stream				
/ocean/projects/med260006p/shared/biomedAI/project/replica/data/gait/weargait/PD PARTICIPANTS/MAT file/NLS191.mat	syn61370559	NLS191.mat	syn66528446	True	application/octet-stream				
/ocean/projects/med260006p/shared/biomedAI/project/replica/data/gait/weargait/PD PARTICIPANTS/MAT file/NLS192.mat	syn61370559	NLS192.mat	syn66528447	True	application/octet-stream				
/ocean/projects/med260006p/shared/biomedAI/project/replica/data/gait/weargait/PD PARTICIPANTS/MAT file/NLS194.mat	syn61370559	NLS194.mat	syn66528448	True	application/octet-stream				
/ocean/projects/med260006p/shared/biomedAI/project/replica/data/gait/weargait/PD PARTICIPANTS/MAT file/NLS195.mat	syn61370559	NLS195.mat	syn66528449	True	application/octet-stream				
/ocean/projects/med260006p/shared/biomedAI/project/replica/data/gait/weargait/PD PARTICIPANTS/MAT file/NLS196.mat	syn61370559	NLS196.mat	syn66528450	True	application/octet-stream				
/ocean/projects/med260006p/shared/biomedAI/project/replica/data/gait/weargait/PD PARTICIPANTS/MAT file/NLS197.mat	syn61370559	NLS197.mat	syn66528451	True	application/octet-stream				
/ocean/projects/med260006p/shared/biomedAI/project/replica/data/gait/weargait/PD PARTICIPANTS/MAT file/NLS198.mat	syn61370559	NLS198.mat	syn66528452	True	application/octet-stream				
/ocean/projects/med260006p/shared/biomedAI/project/replica/data/gait/weargait/PD PARTICIPANTS/MAT file/NLS201.mat	syn61370559	NLS201.mat	syn66528453	True	application/octet-stream				
/ocean/projects/med260006p/shared/biomedAI/project/replica/data/gait/weargait/PD PARTICIPANTS/MAT file/NLS208.mat	syn61370559	NLS208.mat	syn66528454	True	application/octet-stream				
/ocean/projects/med260006p/shared/biomedAI/project/replica/data/gait/weargait/PD PARTICIPANTS/MAT file/NLS209.mat	syn61370559	NLS209.mat	syn66528455	True	application/octet-stream				
/ocean/projects/med260006p/shared/biomedAI/project/replica/data/gait/weargait/PD PARTICIPANTS/MAT file/NLS210.mat	syn61370559	NLS210.mat	syn66528456	True	application/octet-stream				
/ocean/projects/med260006p/shared/biomedAI/project/replica/data/gait/weargait/PD PARTICIPANTS/MAT file/NLS211.mat	syn61370559	NLS211.mat	syn66528457	True	application/octet-stream				
/ocean/projects/med260006p/shared/biomedAI/project/replica/data/gait/weargait/PD PARTICIPANTS/MAT file/WPD001.mat	syn61370559	WPD001.mat	syn61496840	True	application/octet-stream				
/ocean/projects/med260006p/shared/biomedAI/project/replica/data/gait/weargait/PD PARTICIPANTS/MAT file/WPD002.mat	syn61370559	WPD002.mat	syn61980353	True	application/octet-stream				
/ocean/projects/med260006p/shared/biomedAI/project/replica/data/gait/weargait/PD PARTICIPANTS/MAT file/WPD003.mat	syn61370559	WPD003.mat	syn61980354	True	application/octet-stream				
/ocean/projects/med260006p/shared/biomedAI/project/replica/data/gait/weargait/PD PARTICIPANTS/MAT file/WPD004.mat	syn61370559	WPD004.mat	syn61980357	True	application/octet-stream				
/ocean/projects/med260006p/shared/biomedAI/project/replica/data/gait/weargait/PD PARTICIPANTS/MAT file/WPD005.mat	syn61370559	WPD005.mat	syn61980360	True	application/octet-stream				
/ocean/projects/med260006p/shared/biomedAI/project/replica/data/gait/weargait/PD PARTICIPANTS/MAT file/WPD006.mat	syn61370559	WPD006.mat	syn61980361	True	application/octet-stream				
/ocean/projects/med260006p/shared/biomedAI/project/replica/data/gait/weargait/PD PARTICIPANTS/MAT file/WPD007.mat	syn61370559	WPD007.mat	syn61980362	True	application/octet-stream				
/ocean/projects/med260006p/shared/biomedAI/project/replica/data/gait/weargait/PD PARTICIPANTS/MAT file/WPD008.mat	syn61370559	WPD008.mat	syn61980363	True	application/octet-stream				
/ocean/projects/med260006p/shared/biomedAI/project/replica/data/gait/weargait/PD PARTICIPANTS/MAT file/WPD009.mat	syn61370559	WPD009.mat	syn61980364	True	application/octet-stream				
/ocean/projects/med260006p/shared/biomedAI/project/replica/data/gait/weargait/PD PARTICIPANTS/MAT file/WPD010.mat	syn61370559	WPD010.mat	syn61980365	True	application/octet-stream				
/ocean/projects/med260006p/shared/biomedAI/project/replica/data/gait/weargait/PD PARTICIPANTS/MAT file/WPD011.mat	syn61370559	WPD011.mat	syn63100065	True	application/octet-stream				
/ocean/projects/med260006p/shared/biomedAI/project/replica/data/gait/weargait/PD PARTICIPANTS/MAT file/WPD012.mat	syn61370559	WPD012.mat	syn66528458	True	application/octet-stream				
/ocean/projects/med260006p/shared/biomedAI/project/replica/data/gait/weargait/PD PARTICIPANTS/MAT file/WPD013.mat	syn61370559	WPD013.mat	syn66528459	True	application/octet-stream				
/ocean/projects/med260006p/shared/biomedAI/project/replica/data/gait/weargait/PD PARTICIPANTS/MAT file/WPD014.mat	syn61370559	WPD014.mat	syn66528460	True	application/octet-stream				
/ocean/projects/med260006p/shared/biomedAI/project/replica/data/gait/weargait/PD PARTICIPANTS/MAT file/WPD015.mat	syn61370559	WPD015.mat	syn66528461	True	application/octet-stream				
/ocean/projects/med260006p/shared/biomedAI/project/replica/data/gait/weargait/PD PARTICIPANTS/MAT file/WPD016.mat	syn61370559	WPD016.mat	syn66528462	True	application/octet-stream				
/ocean/projects/med260006p/shared/biomedAI/project/replica/data/gait/weargait/PD PARTICIPANTS/MAT file/WPD017.mat	syn61370559	WPD017.mat	syn66528463	True	application/octet-stream				
/ocean/projects/med260006p/shared/biomedAI/project/replica/data/gait/weargait/PD PARTICIPANTS/MAT file/WPD018.mat	syn61370559	WPD018.mat	syn66528464	True	application/octet-stream				
/ocean/projects/med260006p/shared/biomedAI/project/replica/data/gait/weargait/PD PARTICIPANTS/MAT file/WPD019.mat	syn61370559	WPD019.mat	syn66528465	True	application/octet-stream				
/ocean/projects/med260006p/shared/biomedAI/project/replica/data/gait/weargait/PD PARTICIPANTS/MAT file/WPD020.mat	syn61370559	WPD020.mat	syn66528466	True	application/octet-stream				
/ocean/projects/med260006p/shared/biomedAI/project/replica/data/gait/weargait/PD PARTICIPANTS/MAT file/WPD021.mat	syn61370559	WPD021.mat	syn66528467	True	application/octet-stream				
/ocean/projects/med260006p/shared/biomedAI/project/replica/data/gait/weargait/PD PARTICIPANTS/MAT file/WPD022.mat	syn61370559	WPD022.mat	syn66528468	True	application/octet-stream				
/ocean/projects/med260006p/shared/biomedAI/project/replica/data/gait/weargait/PD PARTICIPANTS/MAT file/WPD023.mat	syn61370559	WPD023.mat	syn66528469	True	application/octet-stream				
/ocean/projects/med260006p/shared/biomedAI/project/replica/data/gait/weargait/PD PARTICIPANTS/MAT file/WPD024.mat	syn61370559	WPD024.mat	syn66528470	True	application/octet-stream				
/ocean/projects/med260006p/shared/biomedAI/project/replica/data/gait/weargait/PD PARTICIPANTS/MAT file/WPD025.mat	syn61370559	WPD025.mat	syn66528471	True	application/octet-stream				
/ocean/projects/med260006p/shared/biomedAI/project/replica/data/gait/weargait/PD PARTICIPANTS/MAT file/WPD026.mat	syn61370559	WPD026.mat	syn66528472	True	application/octet-stream				
/ocean/projects/med260006p/shared/biomedAI/project/replica/data/gait/weargait/PD PARTICIPANTS/MAT file/WPD027.mat	syn61370559	WPD027.mat	syn66528473	True	application/octet-stream				
/ocean/projects/med260006p/shared/biomedAI/project/replica/data/gait/weargait/PD PARTICIPANTS/MAT file/WPD029.mat	syn61370559	WPD029.mat	syn66528474	True	application/octet-stream				
/ocean/projects/med260006p/shared/biomedAI/project/replica/data/gait/weargait/Real-world context tasks/JHOC FreeWalk Map_Synapse.png	syn63098877	FreeWalk Map - JHOC.png	syn63098986	True	image/png				
/ocean/projects/med260006p/shared/biomedAI/project/replica/data/gait/weargait/Real-world context tasks/Seattle FreeWalk Map_Synapse.png	syn63098877	FreeWalk Map - SeattleVA.png	syn63098985	True	image/png				
/ocean/projects/med260006p/shared/biomedAI/project/replica/data/gait/weargait/Real-world context tasks/FreeWalk/CONTROL PARTICIPANTS/CSV files/NLS145 (control)_FreeWalk.csv	syn63099015	NLS145 (control)_FreeWalk.csv	syn66527931	True	text/csv				
/ocean/projects/med260006p/shared/biomedAI/project/replica/data/gait/weargait/Real-world context tasks/FreeWalk/CONTROL PARTICIPANTS/CSV files/NLS193 (control)_FreeWalk.csv	syn63099015	NLS193 (control)_FreeWalk.csv	syn66527928	True	text/csv				
/ocean/projects/med260006p/shared/biomedAI/project/replica/data/gait/weargait/Real-world context tasks/FreeWalk/CONTROL PARTICIPANTS/CSV files/NLS207 (control)_FreeWalk.csv	syn63099015	NLS207 (control)_FreeWalk.csv	syn66527927	True	text/csv				
/ocean/projects/med260006p/shared/biomedAI/project/replica/data/gait/weargait/Real-world context tasks/FreeWalk/CONTROL PARTICIPANTS/CSV files/WHC014_FreeWalk.csv	syn63099015	WHC014_FreeWalk.csv	syn63099016	True	text/csv				
/ocean/projects/med260006p/shared/biomedAI/project/replica/data/gait/weargait/Real-world context tasks/FreeWalk/CONTROL PARTICIPANTS/CSV files/WHC015_FreeWalk.csv	syn63099015	WHC015_FreeWalk.csv	syn66527925	True	text/csv				
/ocean/projects/med260006p/shared/biomedAI/project/replica/data/gait/weargait/Real-world context tasks/FreeWalk/CONTROL PARTICIPANTS/CSV files/WHC016_FreeWalk.csv	syn63099015	WHC016_FreeWalk.csv	syn66527930	True	text/csv				
/ocean/projects/med260006p/shared/biomedAI/project/replica/data/gait/weargait/Real-world context tasks/FreeWalk/CONTROL PARTICIPANTS/CSV files/WHC017_FreeWalk.csv	syn63099015	WHC017_FreeWalk.csv	syn66527926	True	text/csv				
/ocean/projects/med260006p/shared/biomedAI/project/replica/data/gait/weargait/Real-world context tasks/FreeWalk/CONTROL PARTICIPANTS/CSV files/WHC018_FreeWalk.csv	syn63099015	WHC018_FreeWalk.csv	syn66527924	True	text/csv				
/ocean/projects/med260006p/shared/biomedAI/project/replica/data/gait/weargait/Real-world context tasks/FreeWalk/CONTROL PARTICIPANTS/CSV files/WHC019_FreeWalk.csv	syn63099015	WHC019_FreeWalk.csv	syn66527929	True	text/csv				
/ocean/projects/med260006p/shared/biomedAI/project/replica/data/gait/weargait/Real-world context tasks/FreeWalk/CONTROL PARTICIPANTS/CSV files/WHC020_FreeWalk.csv	syn63099015	WHC020_FreeWalk.csv	syn66527932	True	text/csv				
/ocean/projects/med260006p/shared/biomedAI/project/replica/data/gait/weargait/Real-world context tasks/FreeWalk/CONTROL PARTICIPANTS/CSV files/WHC021_FreeWalk.csv	syn63099015	WHC021_FreeWalk.csv	syn66527933	True	text/csv				
/ocean/projects/med260006p/shared/biomedAI/project/replica/data/gait/weargait/Real-world context tasks/FreeWalk/CONTROL PARTICIPANTS/CSV files/WHC022_FreeWalk.csv	syn63099015	WHC022_FreeWalk.csv	syn66527934	True	text/csv				
/ocean/projects/med260006p/shared/biomedAI/project/replica/data/gait/weargait/Real-world context tasks/FreeWalk/CONTROL PARTICIPANTS/CSV files/WHC024_FreeWalk.csv	syn63099015	WHC024_FreeWalk.csv	syn66527935	True	text/csv				
/ocean/projects/med260006p/shared/biomedAI/project/replica/data/gait/weargait/Real-world context tasks/FreeWalk/CONTROL PARTICIPANTS/CSV files/WHC025_FreeWalk.csv	syn63099015	WHC025_FreeWalk.csv	syn66527936	True	text/csv				
/ocean/projects/med260006p/shared/biomedAI/project/replica/data/gait/weargait/Real-world context tasks/FreeWalk/CONTROL PARTICIPANTS/CSV files/WHC026_FreeWalk.csv	syn63099015	WHC026_FreeWalk.csv	syn66527937	True	text/csv				
/ocean/projects/med260006p/shared/biomedAI/project/replica/data/gait/weargait/Real-world context tasks/FreeWalk/CONTROL PARTICIPANTS/CSV files/WHC027_FreeWalk.csv	syn63099015	WHC027_FreeWalk.csv	syn66527938	True	text/csv				
/ocean/projects/med260006p/shared/biomedAI/project/replica/data/gait/weargait/Real-world context tasks/FreeWalk/CONTROL PARTICIPANTS/CSV files/WHC029_FreeWalk.csv	syn63099015	WHC029_FreeWalk.csv	syn66527939	True	text/csv				
/ocean/projects/med260006p/shared/biomedAI/project/replica/data/gait/weargait/Real-world context tasks/FreeWalk/CONTROL PARTICIPANTS/CSV files/WHC030_FreeWalk.csv	syn63099015	WHC030_FreeWalk.csv	syn66527940	True	text/csv				
/ocean/projects/med260006p/shared/biomedAI/project/replica/data/gait/weargait/Real-world context tasks/FreeWalk/CONTROL PARTICIPANTS/CSV files/WHC031_FreeWalk.csv	syn63099015	WHC031_FreeWalk.csv	syn66527941	True	text/csv				
/ocean/projects/med260006p/shared/biomedAI/project/replica/data/gait/weargait/Real-world context tasks/FreeWalk/CONTROL PARTICIPANTS/CSV files/WHC032_FreeWalk.csv	syn63099015	WHC032_FreeWalk.csv	syn66527942	True	text/csv				
/ocean/projects/med260006p/shared/biomedAI/project/replica/data/gait/weargait/Real-world context tasks/FreeWalk/CONTROL PARTICIPANTS/CSV files/WHC033_FreeWalk.csv	syn63099015	WHC033_FreeWalk.csv	syn66527943	True	text/csv				
/ocean/projects/med260006p/shared/biomedAI/project/replica/data/gait/weargait/Real-world context tasks/FreeWalk/CONTROL PARTICIPANTS/MAT files/NLS145 (control)_FreeWalk.mat	syn63099017	NLS145 (control)_FreeWalk.mat	syn66527953	True	application/octet-stream				
/ocean/projects/med260006p/shared/biomedAI/project/replica/data/gait/weargait/Real-world context tasks/FreeWalk/CONTROL PARTICIPANTS/MAT files/NLS193 (control)_FreeWalk.mat	syn63099017	NLS193 (control)_FreeWalk.mat	syn66527951	True	application/octet-stream				
/ocean/projects/med260006p/shared/biomedAI/project/replica/data/gait/weargait/Real-world context tasks/FreeWalk/CONTROL PARTICIPANTS/MAT files/NLS207 (control)_FreeWalk.mat	syn63099017	NLS207 (control)_FreeWalk.mat	syn66527949	True	application/octet-stream				
/ocean/projects/med260006p/shared/biomedAI/project/replica/data/gait/weargait/Real-world context tasks/FreeWalk/CONTROL PARTICIPANTS/MAT files/WHC014_FreeWalk.mat	syn63099017	WHC014_FreeWalk.mat	syn63099018	True	application/octet-stream				
/ocean/projects/med260006p/shared/biomedAI/project/replica/data/gait/weargait/Real-world context tasks/FreeWalk/CONTROL PARTICIPANTS/MAT files/WHC015_FreeWalk.mat	syn63099017	WHC015_FreeWalk.mat	syn66527946	True	application/octet-stream				
/ocean/projects/med260006p/shared/biomedAI/project/replica/data/gait/weargait/Real-world context tasks/FreeWalk/CONTROL PARTICIPANTS/MAT files/WHC016_FreeWalk.mat	syn63099017	WHC016_FreeWalk.mat	syn66527952	True	application/octet-stream				
/ocean/projects/med260006p/shared/biomedAI/project/replica/data/gait/weargait/Real-world context tasks/FreeWalk/CONTROL PARTICIPANTS/MAT files/WHC017_FreeWalk.mat	syn63099017	WHC017_FreeWalk.mat	syn66527947	True	application/octet-stream				
/ocean/projects/med260006p/shared/biomedAI/project/replica/data/gait/weargait/Real-world context tasks/FreeWalk/CONTROL PARTICIPANTS/MAT files/WHC018_FreeWalk.mat	syn63099017	WHC018_FreeWalk.mat	syn66527945	True	application/octet-stream				
/ocean/projects/med260006p/shared/biomedAI/project/replica/data/gait/weargait/Real-world context tasks/FreeWalk/CONTROL PARTICIPANTS/MAT files/WHC019_FreeWalk.mat	syn63099017	WHC019_FreeWalk.mat	syn66527950	True	application/octet-stream				
/ocean/projects/med260006p/shared/biomedAI/project/replica/data/gait/weargait/Real-world context tasks/FreeWalk/CONTROL PARTICIPANTS/MAT files/WHC020_FreeWalk.mat	syn63099017	WHC020_FreeWalk.mat	syn66527954	True	application/octet-stream				
/ocean/projects/med260006p/shared/biomedAI/project/replica/data/gait/weargait/Real-world context tasks/FreeWalk/CONTROL PARTICIPANTS/MAT files/WHC021_FreeWalk.mat	syn63099017	WHC021_FreeWalk.mat	syn66527955	True	application/octet-stream				
/ocean/projects/med260006p/shared/biomedAI/project/replica/data/gait/weargait/Real-world context tasks/FreeWalk/CONTROL PARTICIPANTS/MAT files/WHC022_FreeWalk.mat	syn63099017	WHC022_FreeWalk.mat	syn66527956	True	application/octet-stream				
/ocean/projects/med260006p/shared/biomedAI/project/replica/data/gait/weargait/Real-world context tasks/FreeWalk/CONTROL PARTICIPANTS/MAT files/WHC024_FreeWalk.mat	syn63099017	WHC024_FreeWalk.mat	syn66527957	True	application/octet-stream				
/ocean/projects/med260006p/shared/biomedAI/project/replica/data/gait/weargait/Real-world context tasks/FreeWalk/CONTROL PARTICIPANTS/MAT files/WHC025_FreeWalk.mat	syn63099017	WHC025_FreeWalk.mat	syn66527958	True	application/octet-stream				
/ocean/projects/med260006p/shared/biomedAI/project/replica/data/gait/weargait/Real-world context tasks/FreeWalk/CONTROL PARTICIPANTS/MAT files/WHC026_FreeWalk.mat	syn63099017	WHC026_FreeWalk.mat	syn66527959	True	application/octet-stream				
/ocean/projects/med260006p/shared/biomedAI/project/replica/data/gait/weargait/Real-world context tasks/FreeWalk/CONTROL PARTICIPANTS/MAT files/WHC027_FreeWalk.mat	syn63099017	WHC027_FreeWalk.mat	syn66527960	True	application/octet-stream				
/ocean/projects/med260006p/shared/biomedAI/project/replica/data/gait/weargait/Real-world context tasks/FreeWalk/CONTROL PARTICIPANTS/MAT files/WHC029_FreeWalk.mat	syn63099017	WHC029_FreeWalk.mat	syn66527961	True	application/octet-stream				
/ocean/projects/med260006p/shared/biomedAI/project/replica/data/gait/weargait/Real-world context tasks/FreeWalk/CONTROL PARTICIPANTS/MAT files/WHC030_FreeWalk.mat	syn63099017	WHC030_FreeWalk.mat	syn66527962	True	application/octet-stream				
/ocean/projects/med260006p/shared/biomedAI/project/replica/data/gait/weargait/Real-world context tasks/FreeWalk/CONTROL PARTICIPANTS/MAT files/WHC031_FreeWalk.mat	syn63099017	WHC031_FreeWalk.mat	syn66527963	True	application/octet-stream				
/ocean/projects/med260006p/shared/biomedAI/project/replica/data/gait/weargait/Real-world context tasks/FreeWalk/CONTROL PARTICIPANTS/MAT files/WHC032_FreeWalk.mat	syn63099017	WHC032_FreeWalk.mat	syn66527964	True	application/octet-stream				
/ocean/projects/med260006p/shared/biomedAI/project/replica/data/gait/weargait/Real-world context tasks/FreeWalk/CONTROL PARTICIPANTS/MAT files/WHC033_FreeWalk.mat	syn63099017	WHC033_FreeWalk.mat	syn66527965	True	application/octet-stream				
/ocean/projects/med260006p/shared/biomedAI/project/replica/data/gait/weargait/Real-world context tasks/FreeWalk/PD PARTICIPANTS/CSV files/NLS035_FreeWalk.csv	syn63099020	NLS035_FreeWalk.csv	syn66527841	True	text/csv				
/ocean/projects/med260006p/shared/biomedAI/project/replica/data/gait/weargait/Real-world context tasks/FreeWalk/PD PARTICIPANTS/CSV files/NLS069_FreeWalk.csv	syn63099020	NLS069_FreeWalk.csv	syn66527847	True	text/csv				
/ocean/projects/med260006p/shared/biomedAI/project/replica/data/gait/weargait/Real-world context tasks/FreeWalk/PD PARTICIPANTS/CSV files/NLS101_FreeWalk.csv	syn63099020	NLS101_FreeWalk.csv	syn66527846	True	text/csv				
/ocean/projects/med260006p/shared/biomedAI/project/replica/data/gait/weargait/Real-world context tasks/FreeWalk/PD PARTICIPANTS/CSV files/NLS124_FreeWalk.csv	syn63099020	NLS124_FreeWalk.csv	syn66527850	True	text/csv				
/ocean/projects/med260006p/shared/biomedAI/project/replica/data/gait/weargait/Real-world context tasks/FreeWalk/PD PARTICIPANTS/CSV files/NLS187_FreeWalk.csv	syn63099020	NLS187_FreeWalk.csv	syn63099021	True	text/csv				
/ocean/projects/med260006p/shared/biomedAI/project/replica/data/gait/weargait/Real-world context tasks/FreeWalk/PD PARTICIPANTS/CSV files/NLS188_FreeWalk.csv	syn63099020	NLS188_FreeWalk.csv	syn63099022	True	text/csv				
/ocean/projects/med260006p/shared/biomedAI/project/replica/data/gait/weargait/Real-world context tasks/FreeWalk/PD PARTICIPANTS/CSV files/NLS189_FreeWalk.csv	syn63099020	NLS189_FreeWalk.csv	syn66527849	True	text/csv				
/ocean/projects/med260006p/shared/biomedAI/project/replica/data/gait/weargait/Real-world context tasks/FreeWalk/PD PARTICIPANTS/CSV files/NLS190_FreeWalk.csv	syn63099020	NLS190_FreeWalk.csv	syn66527843	True	text/csv				
/ocean/projects/med260006p/shared/biomedAI/project/replica/data/gait/weargait/Real-world context tasks/FreeWalk/PD PARTICIPANTS/CSV files/NLS191_FreeWalk.csv	syn63099020	NLS191_FreeWalk.csv	syn66527848	True	text/csv				
/ocean/projects/med260006p/shared/biomedAI/project/replica/data/gait/weargait/Real-world context tasks/FreeWalk/PD PARTICIPANTS/CSV files/NLS192_FreeWalk.csv	syn63099020	NLS192_FreeWalk.csv	syn66527845	True	text/csv				
/ocean/projects/med260006p/shared/biomedAI/project/replica/data/gait/weargait/Real-world context tasks/FreeWalk/PD PARTICIPANTS/CSV files/NLS194_FreeWalk.csv	syn63099020	NLS194_FreeWalk.csv	syn66527852	True	text/csv				
/ocean/projects/med260006p/shared/biomedAI/project/replica/data/gait/weargait/Real-world context tasks/FreeWalk/PD PARTICIPANTS/CSV files/NLS195_FreeWalk.csv	syn63099020	NLS195_FreeWalk.csv	syn66527853	True	text/csv				
/ocean/projects/med260006p/shared/biomedAI/project/replica/data/gait/weargait/Real-world context tasks/FreeWalk/PD PARTICIPANTS/CSV files/NLS196_FreeWalk.csv	syn63099020	NLS196_FreeWalk.csv	syn66527854	True	text/csv				
/ocean/projects/med260006p/shared/biomedAI/project/replica/data/gait/weargait/Real-world context tasks/FreeWalk/PD PARTICIPANTS/CSV files/NLS197_FreeWalk.csv	syn63099020	NLS197_FreeWalk.csv	syn66527855	True	text/csv				
/ocean/projects/med260006p/shared/biomedAI/project/replica/data/gait/weargait/Real-world context tasks/FreeWalk/PD PARTICIPANTS/CSV files/NLS198_FreeWalk.csv	syn63099020	NLS198_FreeWalk.csv	syn66527858	True	text/csv				
/ocean/projects/med260006p/shared/biomedAI/project/replica/data/gait/weargait/Real-world context tasks/FreeWalk/PD PARTICIPANTS/CSV files/NLS201_FreeWalk.csv	syn63099020	NLS201_FreeWalk.csv	syn66527859	True	text/csv				
/ocean/projects/med260006p/shared/biomedAI/project/replica/data/gait/weargait/Real-world context tasks/FreeWalk/PD PARTICIPANTS/CSV files/NLS208_FreeWalk.csv	syn63099020	NLS208_FreeWalk.csv	syn66527860	True	text/csv				
/ocean/projects/med260006p/shared/biomedAI/project/replica/data/gait/weargait/Real-world context tasks/FreeWalk/PD PARTICIPANTS/CSV files/NLS209_FreeWalk.csv	syn63099020	NLS209_FreeWalk.csv	syn66527861	True	text/csv				
/ocean/projects/med260006p/shared/biomedAI/project/replica/data/gait/weargait/Real-world context tasks/FreeWalk/PD PARTICIPANTS/CSV files/NLS210_FreeWalk.csv	syn63099020	NLS210_FreeWalk.csv	syn66527862	True	text/csv				
/ocean/projects/med260006p/shared/biomedAI/project/replica/data/gait/weargait/Real-world context tasks/FreeWalk/PD PARTICIPANTS/CSV files/NLS211_FreeWalk.csv	syn63099020	NLS211_FreeWalk.csv	syn66527863	True	text/csv				
/ocean/projects/med260006p/shared/biomedAI/project/replica/data/gait/weargait/Real-world context tasks/FreeWalk/PD PARTICIPANTS/CSV files/WPD011_FreeWalk.csv	syn63099020	WPD011_FreeWalk.csv	syn63099023	True	text/csv				
/ocean/projects/med260006p/shared/biomedAI/project/replica/data/gait/weargait/Real-world context tasks/FreeWalk/PD PARTICIPANTS/CSV files/WPD012_FreeWalk.csv	syn63099020	WPD012_FreeWalk.csv	syn66527864	True	text/csv				
/ocean/projects/med260006p/shared/biomedAI/project/replica/data/gait/weargait/Real-world context tasks/FreeWalk/PD PARTICIPANTS/CSV files/WPD013_Freewalk.csv	syn63099020	WPD013_Freewalk.csv	syn66527865	True	text/csv				
/ocean/projects/med260006p/shared/biomedAI/project/replica/data/gait/weargait/Real-world context tasks/FreeWalk/PD PARTICIPANTS/CSV files/WPD014_FreeWalk.csv	syn63099020	WPD014_FreeWalk.csv	syn66527866	True	text/csv				
/ocean/projects/med260006p/shared/biomedAI/project/replica/data/gait/weargait/Real-world context tasks/FreeWalk/PD PARTICIPANTS/CSV files/WPD015_FreeWalk.csv	syn63099020	WPD015_FreeWalk.csv	syn66527867	True	text/csv				
/ocean/projects/med260006p/shared/biomedAI/project/replica/data/gait/weargait/Real-world context tasks/FreeWalk/PD PARTICIPANTS/CSV files/WPD016_FreeWalk.csv	syn63099020	WPD016_FreeWalk.csv	syn66527868	True	text/csv				
/ocean/projects/med260006p/shared/biomedAI/project/replica/data/gait/weargait/Real-world context tasks/FreeWalk/PD PARTICIPANTS/CSV files/WPD017_FreeWalk.csv	syn63099020	WPD017_FreeWalk.csv	syn66527869	True	text/csv				
/ocean/projects/med260006p/shared/biomedAI/project/replica/data/gait/weargait/Real-world context tasks/FreeWalk/PD PARTICIPANTS/CSV files/WPD018_FreeWalk.csv	syn63099020	WPD018_FreeWalk.csv	syn66527870	True	text/csv				
/ocean/projects/med260006p/shared/biomedAI/project/replica/data/gait/weargait/Real-world context tasks/FreeWalk/PD PARTICIPANTS/CSV files/WPD019_FreeWalk.csv	syn63099020	WPD019_FreeWalk.csv	syn66527871	True	text/csv				
/ocean/projects/med260006p/shared/biomedAI/project/replica/data/gait/weargait/Real-world context tasks/FreeWalk/PD PARTICIPANTS/CSV files/WPD020_FreeWalk.csv	syn63099020	WPD020_FreeWalk.csv	syn66527872	True	text/csv				
/ocean/projects/med260006p/shared/biomedAI/project/replica/data/gait/weargait/Real-world context tasks/FreeWalk/PD PARTICIPANTS/CSV files/WPD021_FreeWalk.csv	syn63099020	WPD021_FreeWalk.csv	syn66527873	True	text/csv				
/ocean/projects/med260006p/shared/biomedAI/project/replica/data/gait/weargait/Real-world context tasks/FreeWalk/PD PARTICIPANTS/CSV files/WPD022_FreeWalk.csv	syn63099020	WPD022_FreeWalk.csv	syn66527874	True	text/csv				
/ocean/projects/med260006p/shared/biomedAI/project/replica/data/gait/weargait/Real-world context tasks/FreeWalk/PD PARTICIPANTS/CSV files/WPD023_FreeWalk.csv	syn63099020	WPD023_FreeWalk.csv	syn66527875	True	text/csv				
/ocean/projects/med260006p/shared/biomedAI/project/replica/data/gait/weargait/Real-world context tasks/FreeWalk/PD PARTICIPANTS/CSV files/WPD024_FreeWalk.csv	syn63099020	WPD024_FreeWalk.csv	syn66527876	True	text/csv				
/ocean/projects/med260006p/shared/biomedAI/project/replica/data/gait/weargait/Real-world context tasks/FreeWalk/PD PARTICIPANTS/CSV files/WPD025_FreeWalk.csv	syn63099020	WPD025_FreeWalk.csv	syn66527877	True	text/csv				
/ocean/projects/med260006p/shared/biomedAI/project/replica/data/gait/weargait/Real-world context tasks/FreeWalk/PD PARTICIPANTS/CSV files/WPD026_FreeWalk.csv	syn63099020	WPD026_FreeWalk.csv	syn66527878	True	text/csv				
/ocean/projects/med260006p/shared/biomedAI/project/replica/data/gait/weargait/Real-world context tasks/FreeWalk/PD PARTICIPANTS/CSV files/WPD027_FreeWalk.csv	syn63099020	WPD027_FreeWalk.csv	syn66527879	True	text/csv				
/ocean/projects/med260006p/shared/biomedAI/project/replica/data/gait/weargait/Real-world context tasks/FreeWalk/PD PARTICIPANTS/CSV files/WPD029_FreeWalk.csv	syn63099020	WPD029_FreeWalk.csv	syn66527880	True	text/csv				
/ocean/projects/med260006p/shared/biomedAI/project/replica/data/gait/weargait/Real-world context tasks/FreeWalk/PD PARTICIPANTS/MAT files/NLS035_FreeWalk.mat	syn63099024	NLS035_FreeWalk.mat	syn66527882	True	application/octet-stream				
/ocean/projects/med260006p/shared/biomedAI/project/replica/data/gait/weargait/Real-world context tasks/FreeWalk/PD PARTICIPANTS/MAT files/NLS069_FreeWalk.mat	syn63099024	NLS069_FreeWalk.mat	syn66527888	True	application/octet-stream				
/ocean/projects/med260006p/shared/biomedAI/project/replica/data/gait/weargait/Real-world context tasks/FreeWalk/PD PARTICIPANTS/MAT files/NLS101_FreeWalk.mat	syn63099024	NLS101_FreeWalk.mat	syn66527886	True	application/octet-stream				
/ocean/projects/med260006p/shared/biomedAI/project/replica/data/gait/weargait/Real-world context tasks/FreeWalk/PD PARTICIPANTS/MAT files/NLS124_FreeWalk.mat	syn63099024	NLS124_FreeWalk.mat	syn66527889	True	application/octet-stream				
/ocean/projects/med260006p/shared/biomedAI/project/replica/data/gait/weargait/Real-world context tasks/FreeWalk/PD PARTICIPANTS/MAT files/NLS187_FreeWalk.mat	syn63099024	NLS187_FreeWalk.mat	syn63099025	True	application/octet-stream				
/ocean/projects/med260006p/shared/biomedAI/project/replica/data/gait/weargait/Real-world context tasks/FreeWalk/PD PARTICIPANTS/MAT files/NLS188_FreeWalk.mat	syn63099024	NLS188_FreeWalk.mat	syn63099026	True	application/octet-stream				
/ocean/projects/med260006p/shared/biomedAI/project/replica/data/gait/weargait/Real-world context tasks/FreeWalk/PD PARTICIPANTS/MAT files/NLS189_FreeWalk.mat	syn63099024	NLS189_FreeWalk.mat	syn66527887	True	application/octet-stream				
/ocean/projects/med260006p/shared/biomedAI/project/replica/data/gait/weargait/Real-world context tasks/FreeWalk/PD PARTICIPANTS/MAT files/NLS190_FreeWalk.mat	syn63099024	NLS190_FreeWalk.mat	syn66527883	True	application/octet-stream				
/ocean/projects/med260006p/shared/biomedAI/project/replica/data/gait/weargait/Real-world context tasks/FreeWalk/PD PARTICIPANTS/MAT files/NLS191_FreeWalk.mat	syn63099024	NLS191_FreeWalk.mat	syn66527885	True	application/octet-stream				
/ocean/projects/med260006p/shared/biomedAI/project/replica/data/gait/weargait/Real-world context tasks/FreeWalk/PD PARTICIPANTS/MAT files/NLS192_FreeWalk.mat	syn63099024	NLS192_FreeWalk.mat	syn66527884	True	application/octet-stream				
/ocean/projects/med260006p/shared/biomedAI/project/replica/data/gait/weargait/Real-world context tasks/FreeWalk/PD PARTICIPANTS/MAT files/NLS194_FreeWalk.mat	syn63099024	NLS194_FreeWalk.mat	syn66527890	True	application/octet-stream				
/ocean/projects/med260006p/shared/biomedAI/project/replica/data/gait/weargait/Real-world context tasks/FreeWalk/PD PARTICIPANTS/MAT files/NLS195_FreeWalk.mat	syn63099024	NLS195_FreeWalk.mat	syn66527891	True	application/octet-stream				
/ocean/projects/med260006p/shared/biomedAI/project/replica/data/gait/weargait/Real-world context tasks/FreeWalk/PD PARTICIPANTS/MAT files/NLS196_FreeWalk.mat	syn63099024	NLS196_FreeWalk.mat	syn66527892	True	application/octet-stream				
/ocean/projects/med260006p/shared/biomedAI/project/replica/data/gait/weargait/Real-world context tasks/FreeWalk/PD PARTICIPANTS/MAT files/NLS197_FreeWalk.mat	syn63099024	NLS197_FreeWalk.mat	syn66527893	True	application/octet-stream				
/ocean/projects/med260006p/shared/biomedAI/project/replica/data/gait/weargait/Real-world context tasks/FreeWalk/PD PARTICIPANTS/MAT files/NLS198_FreeWalk.mat	syn63099024	NLS198_FreeWalk.mat	syn66527894	True	application/octet-stream				
/ocean/projects/med260006p/shared/biomedAI/project/replica/data/gait/weargait/Real-world context tasks/FreeWalk/PD PARTICIPANTS/MAT files/NLS201_FreeWalk.mat	syn63099024	NLS201_FreeWalk.mat	syn66527895	True	application/octet-stream				
/ocean/projects/med260006p/shared/biomedAI/project/replica/data/gait/weargait/Real-world context tasks/FreeWalk/PD PARTICIPANTS/MAT files/NLS208_FreeWalk.mat	syn63099024	NLS208_FreeWalk.mat	syn66527896	True	application/octet-stream				
/ocean/projects/med260006p/shared/biomedAI/project/replica/data/gait/weargait/Real-world context tasks/FreeWalk/PD PARTICIPANTS/MAT files/NLS209_FreeWalk.mat	syn63099024	NLS209_FreeWalk.mat	syn66527897	True	application/octet-stream				
/ocean/projects/med260006p/shared/biomedAI/project/replica/data/gait/weargait/Real-world context tasks/FreeWalk/PD PARTICIPANTS/MAT files/NLS210_FreeWalk.mat	syn63099024	NLS210_FreeWalk.mat	syn66527898	True	application/octet-stream				
/ocean/projects/med260006p/shared/biomedAI/project/replica/data/gait/weargait/Real-world context tasks/FreeWalk/PD PARTICIPANTS/MAT files/NLS211_FreeWalk.mat	syn63099024	NLS211_FreeWalk.mat	syn66527899	True	application/octet-stream				
/ocean/projects/med260006p/shared/biomedAI/project/replica/data/gait/weargait/Real-world context tasks/FreeWalk/PD PARTICIPANTS/MAT files/WPD011_FreeWalk.mat	syn63099024	WPD011_FreeWalk.mat	syn63099027	True	application/octet-stream				
/ocean/projects/med260006p/shared/biomedAI/project/replica/data/gait/weargait/Real-world context tasks/FreeWalk/PD PARTICIPANTS/MAT files/WPD012_FreeWalk.mat	syn63099024	WPD012_FreeWalk.mat	syn66527900	True	application/octet-stream				
/ocean/projects/med260006p/shared/biomedAI/project/replica/data/gait/weargait/Real-world context tasks/FreeWalk/PD PARTICIPANTS/MAT files/WPD013_FreeWalk.mat	syn63099024	WPD013_FreeWalk.mat	syn66527901	True	application/octet-stream				
/ocean/projects/med260006p/shared/biomedAI/project/replica/data/gait/weargait/Real-world context tasks/FreeWalk/PD PARTICIPANTS/MAT files/WPD014_FreeWalk.mat	syn63099024	WPD014_FreeWalk.mat	syn66527902	True	application/octet-stream				
/ocean/projects/med260006p/shared/biomedAI/project/replica/data/gait/weargait/Real-world context tasks/FreeWalk/PD PARTICIPANTS/MAT files/WPD015_FreeWalk.mat	syn63099024	WPD015_FreeWalk.mat	syn66527903	True	application/octet-stream				
/ocean/projects/med260006p/shared/biomedAI/project/replica/data/gait/weargait/Real-world context tasks/FreeWalk/PD PARTICIPANTS/MAT files/WPD016_FreeWalk.mat	syn63099024	WPD016_FreeWalk.mat	syn66527904	True	application/octet-stream				
/ocean/projects/med260006p/shared/biomedAI/project/replica/data/gait/weargait/Real-world context tasks/FreeWalk/PD PARTICIPANTS/MAT files/WPD017_FreeWalk.mat	syn63099024	WPD017_FreeWalk.mat	syn66527907	True	application/octet-stream				
/ocean/projects/med260006p/shared/biomedAI/project/replica/data/gait/weargait/Real-world context tasks/FreeWalk/PD PARTICIPANTS/MAT files/WPD018_FreeWalk.mat	syn63099024	WPD018_FreeWalk.mat	syn66527908	True	application/octet-stream				
/ocean/projects/med260006p/shared/biomedAI/project/replica/data/gait/weargait/Real-world context tasks/FreeWalk/PD PARTICIPANTS/MAT files/WPD019_FreeWalk.mat	syn63099024	WPD019_FreeWalk.mat	syn66527910	True	application/octet-stream				
/ocean/projects/med260006p/shared/biomedAI/project/replica/data/gait/weargait/Real-world context tasks/FreeWalk/PD PARTICIPANTS/MAT files/WPD020_FreeWalk.mat	syn63099024	WPD020_FreeWalk.mat	syn66527911	True	application/octet-stream				
/ocean/projects/med260006p/shared/biomedAI/project/replica/data/gait/weargait/Real-world context tasks/FreeWalk/PD PARTICIPANTS/MAT files/WPD021_FreeWalk.mat	syn63099024	WPD021_FreeWalk.mat	syn66527912	True	application/octet-stream				
/ocean/projects/med260006p/shared/biomedAI/project/replica/data/gait/weargait/Real-world context tasks/FreeWalk/PD PARTICIPANTS/MAT files/WPD022_FreeWalk.mat	syn63099024	WPD022_FreeWalk.mat	syn66527913	True	application/octet-stream				
/ocean/projects/med260006p/shared/biomedAI/project/replica/data/gait/weargait/Real-world context tasks/FreeWalk/PD PARTICIPANTS/MAT files/WPD023_FreeWalk.mat	syn63099024	WPD023_FreeWalk.mat	syn66527914	True	application/octet-stream				
/ocean/projects/med260006p/shared/biomedAI/project/replica/data/gait/weargait/Real-world context tasks/FreeWalk/PD PARTICIPANTS/MAT files/WPD024_FreeWalk.mat	syn63099024	WPD024_FreeWalk.mat	syn66527916	True	application/octet-stream				
/ocean/projects/med260006p/shared/biomedAI/project/replica/data/gait/weargait/Real-world context tasks/FreeWalk/PD PARTICIPANTS/MAT files/WPD025_FreeWalk.mat	syn63099024	WPD025_FreeWalk.mat	syn66527917	True	application/octet-stream				
/ocean/projects/med260006p/shared/biomedAI/project/replica/data/gait/weargait/Real-world context tasks/FreeWalk/PD PARTICIPANTS/MAT files/WPD026_FreeWalk.mat	syn63099024	WPD026_FreeWalk.mat	syn66527918	True	application/octet-stream				
/ocean/projects/med260006p/shared/biomedAI/project/replica/data/gait/weargait/Real-world context tasks/FreeWalk/PD PARTICIPANTS/MAT files/WPD027_FreeWalk.mat	syn63099024	WPD027_FreeWalk.mat	syn66527919	True	application/octet-stream				
/ocean/projects/med260006p/shared/biomedAI/project/replica/data/gait/weargait/Real-world context tasks/FreeWalk/PD PARTICIPANTS/MAT files/WPD029_FreeWalk.mat	syn63099024	WPD029_FreeWalk.mat	syn66527920	True	application/octet-stream				
/ocean/projects/med260006p/shared/biomedAI/project/replica/data/gait/weargait/Real-world context tasks/Mock door frame/CONTROL PARTICIPANTS/CSV files/NLS145 (control)_SelfPace_doorpat.csv	syn66528062	NLS145 (control)_SelfPace_doorpat.csv	syn66528071	True	text/csv				
/ocean/projects/med260006p/shared/biomedAI/project/replica/data/gait/weargait/Real-world context tasks/Mock door frame/CONTROL PARTICIPANTS/CSV files/NLS193 (control)_SelfPace_doorpat.csv	syn66528062	NLS193 (control)_SelfPace_doorpat.csv	syn66528066	True	text/csv				
/ocean/projects/med260006p/shared/biomedAI/project/replica/data/gait/weargait/Real-world context tasks/Mock door frame/CONTROL PARTICIPANTS/CSV files/NLS207 (control)_SelfPace_doorpat.csv	syn66528062	NLS207 (control)_SelfPace_doorpat.csv	syn66528065	True	text/csv				
/ocean/projects/med260006p/shared/biomedAI/project/replica/data/gait/weargait/Real-world context tasks/Mock door frame/CONTROL PARTICIPANTS/CSV files/WHC025_SelfPace_doorpat.csv	syn66528062	WHC025_SelfPace_doorpat.csv	syn66528068	True	text/csv				
/ocean/projects/med260006p/shared/biomedAI/project/replica/data/gait/weargait/Real-world context tasks/Mock door frame/CONTROL PARTICIPANTS/CSV files/WHC026_SelfPace_doorpat.csv	syn66528062	WHC026_SelfPace_doorpat.csv	syn66528064	True	text/csv				
/ocean/projects/med260006p/shared/biomedAI/project/replica/data/gait/weargait/Real-world context tasks/Mock door frame/CONTROL PARTICIPANTS/CSV files/WHC027_SelfPace_doorpat.csv	syn66528062	WHC027_SelfPace_doorpat.csv	syn66528070	True	text/csv				
/ocean/projects/med260006p/shared/biomedAI/project/replica/data/gait/weargait/Real-world context tasks/Mock door frame/CONTROL PARTICIPANTS/CSV files/WHC029_SelfPace_doorpat.csv	syn66528062	WHC029_SelfPace_doorpat.csv	syn66528069	True	text/csv				
/ocean/projects/med260006p/shared/biomedAI/project/replica/data/gait/weargait/Real-world context tasks/Mock door frame/CONTROL PARTICIPANTS/CSV files/WHC030_SelfPace_doorpat.csv	syn66528062	WHC030_SelfPace_doorpat.csv	syn66528067	True	text/csv				
/ocean/projects/med260006p/shared/biomedAI/project/replica/data/gait/weargait/Real-world context tasks/Mock door frame/CONTROL PARTICIPANTS/CSV files/WHC031_SelfPace_doorpat.csv	syn66528062	WHC031_SelfPace_doorpat.csv	syn66528072	True	text/csv				
/ocean/projects/med260006p/shared/biomedAI/project/replica/data/gait/weargait/Real-world context tasks/Mock door frame/CONTROL PARTICIPANTS/CSV files/WHC032_SelfPace_doorpat.csv	syn66528062	WHC032_SelfPace_doorpat.csv	syn66528074	True	text/csv				
/ocean/projects/med260006p/shared/biomedAI/project/replica/data/gait/weargait/Real-world context tasks/Mock door frame/CONTROL PARTICIPANTS/CSV files/WHC033_SelfPace_doorpat.csv	syn66528062	WHC033_SelfPace_doorpat.csv	syn66528075	True	text/csv				
/ocean/projects/med260006p/shared/biomedAI/project/replica/data/gait/weargait/Real-world context tasks/Mock door frame/CONTROL PARTICIPANTS/MAT files/NLS145 (control)_SelfPace_doorpat.mat	syn66528060	NLS145 (control)_SelfPace_doorpat.mat	syn66528087	True	application/octet-stream				
/ocean/projects/med260006p/shared/biomedAI/project/replica/data/gait/weargait/Real-world context tasks/Mock door frame/CONTROL PARTICIPANTS/MAT files/NLS193 (control)_SelfPace_doorpat.mat	syn66528060	NLS193 (control)_SelfPace_doorpat.mat	syn66528085	True	application/octet-stream				
/ocean/projects/med260006p/shared/biomedAI/project/replica/data/gait/weargait/Real-world context tasks/Mock door frame/CONTROL PARTICIPANTS/MAT files/NLS207 (control)_SelfPace_doorpat.mat	syn66528060	NLS207 (control)_SelfPace_doorpat.mat	syn66528086	True	application/octet-stream				
/ocean/projects/med260006p/shared/biomedAI/project/replica/data/gait/weargait/Real-world context tasks/Mock door frame/CONTROL PARTICIPANTS/MAT files/WHC025_SelfPace_doorpat.mat	syn66528060	WHC025_SelfPace_doorpat.mat	syn66528081	True	application/octet-stream				
/ocean/projects/med260006p/shared/biomedAI/project/replica/data/gait/weargait/Real-world context tasks/Mock door frame/CONTROL PARTICIPANTS/MAT files/WHC026_SelfPace_doorpat.mat	syn66528060	WHC026_SelfPace_doorpat.mat	syn66528077	True	application/octet-stream				
/ocean/projects/med260006p/shared/biomedAI/project/replica/data/gait/weargait/Real-world context tasks/Mock door frame/CONTROL PARTICIPANTS/MAT files/WHC027_SelfPace_doorpat.mat	syn66528060	WHC027_SelfPace_doorpat.mat	syn66528079	True	application/octet-stream				
/ocean/projects/med260006p/shared/biomedAI/project/replica/data/gait/weargait/Real-world context tasks/Mock door frame/CONTROL PARTICIPANTS/MAT files/WHC029_SelfPace_doorpat.mat	syn66528060	WHC029_SelfPace_doorpat.mat	syn66528080	True	application/octet-stream				
/ocean/projects/med260006p/shared/biomedAI/project/replica/data/gait/weargait/Real-world context tasks/Mock door frame/CONTROL PARTICIPANTS/MAT files/WHC030_SelfPace_doorpat.mat	syn66528060	WHC030_SelfPace_doorpat.mat	syn66528078	True	application/octet-stream				
/ocean/projects/med260006p/shared/biomedAI/project/replica/data/gait/weargait/Real-world context tasks/Mock door frame/CONTROL PARTICIPANTS/MAT files/WHC031_SelfPace_doorpat.mat	syn66528060	WHC031_SelfPace_doorpat.mat	syn66528083	True	application/octet-stream				
/ocean/projects/med260006p/shared/biomedAI/project/replica/data/gait/weargait/Real-world context tasks/Mock door frame/CONTROL PARTICIPANTS/MAT files/WHC032_SelfPace_doorpat.mat	syn66528060	WHC032_SelfPace_doorpat.mat	syn66528082	True	application/octet-stream				
/ocean/projects/med260006p/shared/biomedAI/project/replica/data/gait/weargait/Real-world context tasks/Mock door frame/CONTROL PARTICIPANTS/MAT files/WHC033_SelfPace_doorpat.mat	syn66528060	WHC033_SelfPace_doorpat.mat	syn66528084	True	application/octet-stream				
/ocean/projects/med260006p/shared/biomedAI/project/replica/data/gait/weargait/Real-world context tasks/Mock door frame/PD PARTICIPANTS/CSV files/NLS033_SelfPace_doorpat.csv	syn63099032	NLS033_SelfPace_doorpat.csv	syn66527976	True	text/csv				
/ocean/projects/med260006p/shared/biomedAI/project/replica/data/gait/weargait/Real-world context tasks/Mock door frame/PD PARTICIPANTS/CSV files/NLS035_SelfPace_doorpat.csv	syn63099032	NLS035_SelfPace_doorpat.csv	syn66527969	True	text/csv				
/ocean/projects/med260006p/shared/biomedAI/project/replica/data/gait/weargait/Real-world context tasks/Mock door frame/PD PARTICIPANTS/CSV files/NLS069_SelfPace_doorpat.csv	syn63099032	NLS069_SelfPace_doorpat.csv	syn66527974	True	text/csv				
/ocean/projects/med260006p/shared/biomedAI/project/replica/data/gait/weargait/Real-world context tasks/Mock door frame/PD PARTICIPANTS/CSV files/NLS101_SelfPace_doorpat.csv	syn63099032	NLS101_SelfPace_doorpat.csv	syn66527970	True	text/csv				
/ocean/projects/med260006p/shared/biomedAI/project/replica/data/gait/weargait/Real-world context tasks/Mock door frame/PD PARTICIPANTS/CSV files/NLS124_SelfPace_doorpat.csv	syn63099032	NLS124_SelfPace_doorpat.csv	syn66527975	True	text/csv				
/ocean/projects/med260006p/shared/biomedAI/project/replica/data/gait/weargait/Real-world context tasks/Mock door frame/PD PARTICIPANTS/CSV files/NLS187_SelfPace_doorpat.csv	syn63099032	NLS187_SelfPace_doorpat.csv	syn63099033	True	text/csv				
/ocean/projects/med260006p/shared/biomedAI/project/replica/data/gait/weargait/Real-world context tasks/Mock door frame/PD PARTICIPANTS/CSV files/NLS188_SelfPace_doorpat.csv	syn63099032	NLS188_SelfPace_doorpat.csv	syn63099034	True	text/csv				
/ocean/projects/med260006p/shared/biomedAI/project/replica/data/gait/weargait/Real-world context tasks/Mock door frame/PD PARTICIPANTS/CSV files/NLS189_SelfPace_doorpat.csv	syn63099032	NLS189_SelfPace_doorpat.csv	syn66527967	True	text/csv				
/ocean/projects/med260006p/shared/biomedAI/project/replica/data/gait/weargait/Real-world context tasks/Mock door frame/PD PARTICIPANTS/CSV files/NLS190_SelfPace_doorpat.csv	syn63099032	NLS190_SelfPace_doorpat.csv	syn66527968	True	text/csv				
/ocean/projects/med260006p/shared/biomedAI/project/replica/data/gait/weargait/Real-world context tasks/Mock door frame/PD PARTICIPANTS/CSV files/NLS191_SelfPace_doorpat.csv	syn63099032	NLS191_SelfPace_doorpat.csv	syn66527972	True	text/csv				
/ocean/projects/med260006p/shared/biomedAI/project/replica/data/gait/weargait/Real-world context tasks/Mock door frame/PD PARTICIPANTS/CSV files/NLS192_SelfPace_doorpat.csv	syn63099032	NLS192_SelfPace_doorpat.csv	syn66527977	True	text/csv				
/ocean/projects/med260006p/shared/biomedAI/project/replica/data/gait/weargait/Real-world context tasks/Mock door frame/PD PARTICIPANTS/CSV files/NLS194_SelfPace_doorpat.csv	syn63099032	NLS194_SelfPace_doorpat.csv	syn66527978	True	text/csv				
/ocean/projects/med260006p/shared/biomedAI/project/replica/data/gait/weargait/Real-world context tasks/Mock door frame/PD PARTICIPANTS/CSV files/NLS195_SelfPace_doorpat.csv	syn63099032	NLS195_SelfPace_doorpat.csv	syn66527979	True	text/csv				
/ocean/projects/med260006p/shared/biomedAI/project/replica/data/gait/weargait/Real-world context tasks/Mock door frame/PD PARTICIPANTS/CSV files/NLS196_SelfPace_doorpat.csv	syn63099032	NLS196_SelfPace_doorpat.csv	syn66527980	True	text/csv				
/ocean/projects/med260006p/shared/biomedAI/project/replica/data/gait/weargait/Real-world context tasks/Mock door frame/PD PARTICIPANTS/CSV files/NLS197_SelfPace_doorpat.csv	syn63099032	NLS197_SelfPace_doorpat.csv	syn66527981	True	text/csv				
/ocean/projects/med260006p/shared/biomedAI/project/replica/data/gait/weargait/Real-world context tasks/Mock door frame/PD PARTICIPANTS/CSV files/NLS198_SelfPace_doorpat.csv	syn63099032	NLS198_SelfPace_doorpat.csv	syn66527982	True	text/csv				
/ocean/projects/med260006p/shared/biomedAI/project/replica/data/gait/weargait/Real-world context tasks/Mock door frame/PD PARTICIPANTS/CSV files/NLS201_SelfPace_doorpat.csv	syn63099032	NLS201_SelfPace_doorpat.csv	syn66527984	True	text/csv				
/ocean/projects/med260006p/shared/biomedAI/project/replica/data/gait/weargait/Real-world context tasks/Mock door frame/PD PARTICIPANTS/CSV files/NLS208_SelfPace_doorpat.csv	syn63099032	NLS208_SelfPace_doorpat.csv	syn66527985	True	text/csv				
/ocean/projects/med260006p/shared/biomedAI/project/replica/data/gait/weargait/Real-world context tasks/Mock door frame/PD PARTICIPANTS/CSV files/NLS209_SelfPace_doorpat.csv	syn63099032	NLS209_SelfPace_doorpat.csv	syn66527986	True	text/csv				
/ocean/projects/med260006p/shared/biomedAI/project/replica/data/gait/weargait/Real-world context tasks/Mock door frame/PD PARTICIPANTS/CSV files/NLS210_SelfPace_doorpat.csv	syn63099032	NLS210_SelfPace_doorpat.csv	syn66527987	True	text/csv				
/ocean/projects/med260006p/shared/biomedAI/project/replica/data/gait/weargait/Real-world context tasks/Mock door frame/PD PARTICIPANTS/CSV files/NLS211_SelfPace_doorpat.csv	syn63099032	NLS211_SelfPace_doorpat.csv	syn66527988	True	text/csv				
/ocean/projects/med260006p/shared/biomedAI/project/replica/data/gait/weargait/Real-world context tasks/Mock door frame/PD PARTICIPANTS/CSV files/WPD019_SelfPace_doorpat.csv	syn63099032	WPD019_SelfPace_doorpat.csv	syn66527990	True	text/csv				
/ocean/projects/med260006p/shared/biomedAI/project/replica/data/gait/weargait/Real-world context tasks/Mock door frame/PD PARTICIPANTS/CSV files/WPD020_SelfPace_doorpat.csv	syn63099032	WPD020_SelfPace_doorpat.csv	syn66527989	True	text/csv				
/ocean/projects/med260006p/shared/biomedAI/project/replica/data/gait/weargait/Real-world context tasks/Mock door frame/PD PARTICIPANTS/CSV files/WPD021_SelfPace_doorpat.csv	syn63099032	WPD021_SelfPace_doorpat.csv	syn66527991	True	text/csv				
/ocean/projects/med260006p/shared/biomedAI/project/replica/data/gait/weargait/Real-world context tasks/Mock door frame/PD PARTICIPANTS/CSV files/WPD022_SelfPace_doorpat.csv	syn63099032	WPD022_SelfPace_doorpat.csv	syn66527992	True	text/csv				
/ocean/projects/med260006p/shared/biomedAI/project/replica/data/gait/weargait/Real-world context tasks/Mock door frame/PD PARTICIPANTS/CSV files/WPD023_SelfPace_doorpat.csv	syn63099032	WPD023_SelfPace_doorpat.csv	syn66527994	True	text/csv				
/ocean/projects/med260006p/shared/biomedAI/project/replica/data/gait/weargait/Real-world context tasks/Mock door frame/PD PARTICIPANTS/CSV files/WPD024_SelfPace_doorpat.csv	syn63099032	WPD024_SelfPace_doorpat.csv	syn66527995	True	text/csv				
/ocean/projects/med260006p/shared/biomedAI/project/replica/data/gait/weargait/Real-world context tasks/Mock door frame/PD PARTICIPANTS/CSV files/WPD025_SelfPace_doorpat.csv	syn63099032	WPD025_SelfPace_doorpat.csv	syn66527996	True	text/csv				
/ocean/projects/med260006p/shared/biomedAI/project/replica/data/gait/weargait/Real-world context tasks/Mock door frame/PD PARTICIPANTS/CSV files/WPD026_SelfPace_doorpat.csv	syn63099032	WPD026_SelfPace_doorpat.csv	syn66527997	True	text/csv				
/ocean/projects/med260006p/shared/biomedAI/project/replica/data/gait/weargait/Real-world context tasks/Mock door frame/PD PARTICIPANTS/CSV files/WPD027_SelfPace_doorpat.csv	syn63099032	WPD027_SelfPace_doorpat.csv	syn66527998	True	text/csv				
/ocean/projects/med260006p/shared/biomedAI/project/replica/data/gait/weargait/Real-world context tasks/Mock door frame/PD PARTICIPANTS/CSV files/WPD029_SelfPace_doorpat.csv	syn63099032	WPD029_SelfPace_doorpat.csv	syn66527999	True	text/csv				
/ocean/projects/med260006p/shared/biomedAI/project/replica/data/gait/weargait/Real-world context tasks/Mock door frame/PD PARTICIPANTS/MAT files/NLS033_SelfPace_doorpat.mat	syn63099036	NLS033_SelfPace_doorpat.mat	syn66528009	True	application/octet-stream				
/ocean/projects/med260006p/shared/biomedAI/project/replica/data/gait/weargait/Real-world context tasks/Mock door frame/PD PARTICIPANTS/MAT files/NLS035_SelfPace_doorpat.mat	syn63099036	NLS035_SelfPace_doorpat.mat	syn66528003	True	application/octet-stream				
/ocean/projects/med260006p/shared/biomedAI/project/replica/data/gait/weargait/Real-world context tasks/Mock door frame/PD PARTICIPANTS/MAT files/NLS069_SelfPace_doorpat.mat	syn63099036	NLS069_SelfPace_doorpat.mat	syn66528006	True	application/octet-stream				
/ocean/projects/med260006p/shared/biomedAI/project/replica/data/gait/weargait/Real-world context tasks/Mock door frame/PD PARTICIPANTS/MAT files/NLS101_SelfPace_doorpat.mat	syn63099036	NLS101_SelfPace_doorpat.mat	syn66528005	True	application/octet-stream				
/ocean/projects/med260006p/shared/biomedAI/project/replica/data/gait/weargait/Real-world context tasks/Mock door frame/PD PARTICIPANTS/MAT files/NLS124_SelfPace_doorpat.mat	syn63099036	NLS124_SelfPace_doorpat.mat	syn66528008	True	application/octet-stream				
/ocean/projects/med260006p/shared/biomedAI/project/replica/data/gait/weargait/Real-world context tasks/Mock door frame/PD PARTICIPANTS/MAT files/NLS187_SelfPace_doorpat.mat	syn63099036	NLS187_SelfPace_doorpat.mat	syn63099037	True	application/octet-stream				
/ocean/projects/med260006p/shared/biomedAI/project/replica/data/gait/weargait/Real-world context tasks/Mock door frame/PD PARTICIPANTS/MAT files/NLS188_SelfPace_doorpat.mat	syn63099036	NLS188_SelfPace_doorpat.mat	syn63099038	True	application/octet-stream				
/ocean/projects/med260006p/shared/biomedAI/project/replica/data/gait/weargait/Real-world context tasks/Mock door frame/PD PARTICIPANTS/MAT files/NLS189_SelfPace_doorpat.mat	syn63099036	NLS189_SelfPace_doorpat.mat	syn66528004	True	application/octet-stream				
/ocean/projects/med260006p/shared/biomedAI/project/replica/data/gait/weargait/Real-world context tasks/Mock door frame/PD PARTICIPANTS/MAT files/NLS190_SelfPace_doorpat.mat	syn63099036	NLS190_SelfPace_doorpat.mat	syn66528002	True	application/octet-stream				
/ocean/projects/med260006p/shared/biomedAI/project/replica/data/gait/weargait/Real-world context tasks/Mock door frame/PD PARTICIPANTS/MAT files/NLS191_SelfPace_doorpat.mat	syn63099036	NLS191_SelfPace_doorpat.mat	syn66528007	True	application/octet-stream				
/ocean/projects/med260006p/shared/biomedAI/project/replica/data/gait/weargait/Real-world context tasks/Mock door frame/PD PARTICIPANTS/MAT files/NLS192_SelfPace_doorpat.mat	syn63099036	NLS192_SelfPace_doorpat.mat	syn66528010	True	application/octet-stream				
/ocean/projects/med260006p/shared/biomedAI/project/replica/data/gait/weargait/Real-world context tasks/Mock door frame/PD PARTICIPANTS/MAT files/NLS194_SelfPace_doorpat.mat	syn63099036	NLS194_SelfPace_doorpat.mat	syn66528011	True	application/octet-stream				
/ocean/projects/med260006p/shared/biomedAI/project/replica/data/gait/weargait/Real-world context tasks/Mock door frame/PD PARTICIPANTS/MAT files/NLS195_SelfPace_doorpat.mat	syn63099036	NLS195_SelfPace_doorpat.mat	syn66528012	True	application/octet-stream				
/ocean/projects/med260006p/shared/biomedAI/project/replica/data/gait/weargait/Real-world context tasks/Mock door frame/PD PARTICIPANTS/MAT files/NLS196_SelfPace_doorpat.mat	syn63099036	NLS196_SelfPace_doorpat.mat	syn66528013	True	application/octet-stream				
/ocean/projects/med260006p/shared/biomedAI/project/replica/data/gait/weargait/Real-world context tasks/Mock door frame/PD PARTICIPANTS/MAT files/NLS197_SelfPace_doorpat.mat	syn63099036	NLS197_SelfPace_doorpat.mat	syn66528014	True	application/octet-stream				
/ocean/projects/med260006p/shared/biomedAI/project/replica/data/gait/weargait/Real-world context tasks/Mock door frame/PD PARTICIPANTS/MAT files/NLS198_SelfPace_doorpat.mat	syn63099036	NLS198_SelfPace_doorpat.mat	syn66528015	True	application/octet-stream				
/ocean/projects/med260006p/shared/biomedAI/project/replica/data/gait/weargait/Real-world context tasks/Mock door frame/PD PARTICIPANTS/MAT files/NLS201_SelfPace_doorpat.mat	syn63099036	NLS201_SelfPace_doorpat.mat	syn66528016	True	application/octet-stream				
/ocean/projects/med260006p/shared/biomedAI/project/replica/data/gait/weargait/Real-world context tasks/Mock door frame/PD PARTICIPANTS/MAT files/NLS208_SelfPace_doorpat.mat	syn63099036	NLS208_SelfPace_doorpat.mat	syn66528018	True	application/octet-stream				
/ocean/projects/med260006p/shared/biomedAI/project/replica/data/gait/weargait/Real-world context tasks/Mock door frame/PD PARTICIPANTS/MAT files/NLS209_SelfPace_doorpat.mat	syn63099036	NLS209_SelfPace_doorpat.mat	syn66528017	True	application/octet-stream				
/ocean/projects/med260006p/shared/biomedAI/project/replica/data/gait/weargait/Real-world context tasks/Mock door frame/PD PARTICIPANTS/MAT files/NLS210_SelfPace_doorpat.mat	syn63099036	NLS210_SelfPace_doorpat.mat	syn66528019	True	application/octet-stream				
/ocean/projects/med260006p/shared/biomedAI/project/replica/data/gait/weargait/Real-world context tasks/Mock door frame/PD PARTICIPANTS/MAT files/NLS211_SelfPace_doorpat.mat	syn63099036	NLS211_SelfPace_doorpat.mat	syn66528020	True	application/octet-stream				
/ocean/projects/med260006p/shared/biomedAI/project/replica/data/gait/weargait/Real-world context tasks/Mock door frame/PD PARTICIPANTS/MAT files/WPD019_SelfPace_doorpat.mat	syn63099036	WPD019_SelfPace_doorpat.mat	syn66528029	True	application/octet-stream				
/ocean/projects/med260006p/shared/biomedAI/project/replica/data/gait/weargait/Real-world context tasks/Mock door frame/PD PARTICIPANTS/MAT files/WPD020_SelfPace_doorpat.mat	syn63099036	WPD020_SelfPace_doorpat.mat	syn66528030	True	application/octet-stream				
/ocean/projects/med260006p/shared/biomedAI/project/replica/data/gait/weargait/Real-world context tasks/Mock door frame/PD PARTICIPANTS/MAT files/WPD021_SelfPace_doorpat.mat	syn63099036	WPD021_SelfPace_doorpat.mat	syn66528031	True	application/octet-stream				
/ocean/projects/med260006p/shared/biomedAI/project/replica/data/gait/weargait/Real-world context tasks/Mock door frame/PD PARTICIPANTS/MAT files/WPD022_SelfPace_doorpat.mat	syn63099036	WPD022_SelfPace_doorpat.mat	syn66528032	True	application/octet-stream				
/ocean/projects/med260006p/shared/biomedAI/project/replica/data/gait/weargait/Real-world context tasks/Mock door frame/PD PARTICIPANTS/MAT files/WPD023_SelfPace_doorpat.mat	syn63099036	WPD023_SelfPace_doorpat.mat	syn66528034	True	application/octet-stream				
/ocean/projects/med260006p/shared/biomedAI/project/replica/data/gait/weargait/Real-world context tasks/Mock door frame/PD PARTICIPANTS/MAT files/WPD024_SelfPace_doorpat.mat	syn63099036	WPD024_SelfPace_doorpat.mat	syn66528033	True	application/octet-stream				
/ocean/projects/med260006p/shared/biomedAI/project/replica/data/gait/weargait/Real-world context tasks/Mock door frame/PD PARTICIPANTS/MAT files/WPD025_SelfPace_doorpat.mat	syn63099036	WPD025_SelfPace_doorpat.mat	syn66528035	True	application/octet-stream				
/ocean/projects/med260006p/shared/biomedAI/project/replica/data/gait/weargait/Real-world context tasks/Mock door frame/PD PARTICIPANTS/MAT files/WPD026_SelfPace_doorpat.mat	syn63099036	WPD026_SelfPace_doorpat.mat	syn66528036	True	application/octet-stream				
/ocean/projects/med260006p/shared/biomedAI/project/replica/data/gait/weargait/Real-world context tasks/Mock door frame/PD PARTICIPANTS/MAT files/WPD027_SelfPace_doorpat.mat	syn63099036	WPD027_SelfPace_doorpat.mat	syn66528038	True	application/octet-stream				
/ocean/projects/med260006p/shared/biomedAI/project/replica/data/gait/weargait/Real-world context tasks/Mock door frame/PD PARTICIPANTS/MAT files/WPD029_SelfPace_doorpat.mat	syn63099036	WPD029_SelfPace_doorpat.mat	syn66528039	True	application/octet-stream				
/ocean/projects/med260006p/shared/biomedAI/project/replica/data/gait/weargait/Walkway-derived metrics/PKMAS Walkway Gait Metrics - HP+SP.csv	syn64589874	PKMAS Walkway Gait Metrics - HP+SP.csv	syn64589881	True	text/csv				
