path	parent	name	id	synapseStore	contentType	used	executed	activityName	activityDescription
/ocean/projects/med260006p/aguda1/biomedAI/project/data/gait/weargait/CONTROL PARTICIPANTS/CSV files/HC100_Balance.csv	syn61370552	HC100_Balance.csv	syn61498244	True	text/csv				
/ocean/projects/med260006p/aguda1/biomedAI/project/data/gait/weargait/CONTROL PARTICIPANTS/CSV files/HC100_HurriedPace.csv	syn61370552	HC100_HurriedPace.csv	syn61498246	True	text/csv				
/ocean/projects/med260006p/aguda1/biomedAI/project/data/gait/weargait/CONTROL PARTICIPANTS/CSV files/HC100_HurriedPace_mat.csv	syn61370552	HC100_HurriedPace_mat.csv	syn61498248	True	text/csv				
/ocean/projects/med260006p/aguda1/biomedAI/project/data/gait/weargait/CONTROL PARTICIPANTS/CSV files/HC100_SelfPace.csv	syn61370552	HC100_SelfPace.csv	syn61498251	True	text/csv				
/ocean/projects/med260006p/aguda1/biomedAI/project/data/gait/weargait/CONTROL PARTICIPANTS/CSV files/HC100_SelfPace_mat.csv	syn61370552	HC100_SelfPace_mat.csv	syn61498255	True	text/csv				
/ocean/projects/med260006p/aguda1/biomedAI/project/data/gait/weargait/CONTROL PARTICIPANTS/CSV files/HC100_SelfPace_matTURN.csv	syn61370552	HC100_SelfPace_matTURN.csv	syn61498258	True	text/csv				
/ocean/projects/med260006p/aguda1/biomedAI/project/data/gait/weargait/CONTROL PARTICIPANTS/CSV files/HC100_TUG.csv	syn61370552	HC100_TUG.csv	syn61498265	True	text/csv				
/ocean/projects/med260006p/aguda1/biomedAI/project/data/gait/weargait/CONTROL PARTICIPANTS/CSV files/HC100_TandemGait.csv	syn61370552	HC100_TandemGait.csv	syn61498262	True	text/csv				
/ocean/projects/med260006p/aguda1/biomedAI/project/data/gait/weargait/CONTROL PARTICIPANTS/CSV files/HC101_Balance.csv	syn61370552	HC101_Balance.csv	syn61498269	True	text/csv				
/ocean/projects/med260006p/aguda1/biomedAI/project/data/gait/weargait/CONTROL PARTICIPANTS/CSV files/HC101_HurriedPace.csv	syn61370552	HC101_HurriedPace.csv	syn61498272	True	text/csv				
/ocean/projects/med260006p/aguda1/biomedAI/project/data/gait/weargait/CONTROL PARTICIPANTS/CSV files/HC101_HurriedPace_mat.csv	syn61370552	HC101_HurriedPace_mat.csv	syn61498275	True	text/csv				
/ocean/projects/med260006p/aguda1/biomedAI/project/data/gait/weargait/CONTROL PARTICIPANTS/CSV files/HC101_SelfPace.csv	syn61370552	HC101_SelfPace.csv	syn61498284	True	text/csv				
/ocean/projects/med260006p/aguda1/biomedAI/project/data/gait/weargait/CONTROL PARTICIPANTS/CSV files/HC101_SelfPace_mat.csv	syn61370552	HC101_SelfPace_mat.csv	syn61498288	True	text/csv				
/ocean/projects/med260006p/aguda1/biomedAI/project/data/gait/weargait/CONTROL PARTICIPANTS/CSV files/HC101_SelfPace_matTURN.csv	syn61370552	HC101_SelfPace_matTURN.csv	syn61498291	True	text/csv				
/ocean/projects/med260006p/aguda1/biomedAI/project/data/gait/weargait/CONTROL PARTICIPANTS/CSV files/HC101_TUG.csv	syn61370552	HC101_TUG.csv	syn61498299	True	text/csv				
/ocean/projects/med260006p/aguda1/biomedAI/project/data/gait/weargait/CONTROL PARTICIPANTS/CSV files/HC101_TandemGait.csv	syn61370552	HC101_TandemGait.csv	syn61498295	True	text/csv				
/ocean/projects/med260006p/aguda1/biomedAI/project/data/gait/weargait/CONTROL PARTICIPANTS/CSV files/HC102_Balance.csv	syn61370552	HC102_Balance.csv	syn61498310	True	text/csv				
/ocean/projects/med260006p/aguda1/biomedAI/project/data/gait/weargait/CONTROL PARTICIPANTS/CSV files/HC102_HurriedPace.csv	syn61370552	HC102_HurriedPace.csv	syn61498313	True	text/csv				
/ocean/projects/med260006p/aguda1/biomedAI/project/data/gait/weargait/CONTROL PARTICIPANTS/CSV files/HC102_HurriedPace_mat.csv	syn61370552	HC102_HurriedPace_mat.csv	syn61498316	True	text/csv				
/ocean/projects/med260006p/aguda1/biomedAI/project/data/gait/weargait/CONTROL PARTICIPANTS/CSV files/HC102_SelfPace.csv	syn61370552	HC102_SelfPace.csv	syn61498319	True	text/csv				
/ocean/projects/med260006p/aguda1/biomedAI/project/data/gait/weargait/CONTROL PARTICIPANTS/CSV files/HC102_SelfPace_mat.csv	syn61370552	HC102_SelfPace_mat.csv	syn61498322	True	text/csv				
/ocean/projects/med260006p/aguda1/biomedAI/project/data/gait/weargait/CONTROL PARTICIPANTS/CSV files/HC102_SelfPace_matTURN.csv	syn61370552	HC102_SelfPace_matTURN.csv	syn61498325	True	text/csv				
/ocean/projects/med260006p/aguda1/biomedAI/project/data/gait/weargait/CONTROL PARTICIPANTS/CSV files/HC102_TUG.csv	syn61370552	HC102_TUG.csv	syn61498332	True	text/csv				
/ocean/projects/med260006p/aguda1/biomedAI/project/data/gait/weargait/CONTROL PARTICIPANTS/CSV files/HC102_TandemGait.csv	syn61370552	HC102_TandemGait.csv	syn61498328	True	text/csv				
/ocean/projects/med260006p/aguda1/biomedAI/project/data/gait/weargait/CONTROL PARTICIPANTS/CSV files/HC103_Balance.csv	syn61370552	HC103_Balance.csv	syn61498337	True	text/csv				
/ocean/projects/med260006p/aguda1/biomedAI/project/data/gait/weargait/CONTROL PARTICIPANTS/CSV files/HC103_HurriedPace.csv	syn61370552	HC103_HurriedPace.csv	syn61498341	True	text/csv				
/ocean/projects/med260006p/aguda1/biomedAI/project/data/gait/weargait/CONTROL PARTICIPANTS/CSV files/HC103_HurriedPace_mat.csv	syn61370552	HC103_HurriedPace_mat.csv	syn61498343	True	text/csv				
/ocean/projects/med260006p/aguda1/biomedAI/project/data/gait/weargait/CONTROL PARTICIPANTS/CSV files/HC103_SelfPace.csv	syn61370552	HC103_SelfPace.csv	syn61498347	True	text/csv				
/ocean/projects/med260006p/aguda1/biomedAI/project/data/gait/weargait/CONTROL PARTICIPANTS/CSV files/HC103_SelfPace_mat.csv	syn61370552	HC103_SelfPace_mat.csv	syn61498350	True	text/csv				
/ocean/projects/med260006p/aguda1/biomedAI/project/data/gait/weargait/CONTROL PARTICIPANTS/CSV files/HC103_SelfPace_matTURN.csv	syn61370552	HC103_SelfPace_matTURN.csv	syn61498352	True	text/csv				
/ocean/projects/med260006p/aguda1/biomedAI/project/data/gait/weargait/CONTROL PARTICIPANTS/CSV files/HC103_TUG.csv	syn61370552	HC103_TUG.csv	syn61498358	True	text/csv				
/ocean/projects/med260006p/aguda1/biomedAI/project/data/gait/weargait/CONTROL PARTICIPANTS/CSV files/HC103_TandemGait.csv	syn61370552	HC103_TandemGait.csv	syn61498355	True	text/csv				
/ocean/projects/med260006p/aguda1/biomedAI/project/data/gait/weargait/CONTROL PARTICIPANTS/CSV files/HC104_Balance.csv	syn61370552	HC104_Balance.csv	syn61498363	True	text/csv				
/ocean/projects/med260006p/aguda1/biomedAI/project/data/gait/weargait/CONTROL PARTICIPANTS/CSV files/HC104_HurriedPace.csv	syn61370552	HC104_HurriedPace.csv	syn61498373	True	text/csv				
/ocean/projects/med260006p/aguda1/biomedAI/project/data/gait/weargait/CONTROL PARTICIPANTS/CSV files/HC104_HurriedPace_mat.csv	syn61370552	HC104_HurriedPace_mat.csv	syn61498375	True	text/csv				
/ocean/projects/med260006p/aguda1/biomedAI/project/data/gait/weargait/CONTROL PARTICIPANTS/CSV files/HC104_SelfPace.csv	syn61370552	HC104_SelfPace.csv	syn61498378	True	text/csv				
/ocean/projects/med260006p/aguda1/biomedAI/project/data/gait/weargait/CONTROL PARTICIPANTS/CSV files/HC104_SelfPace_mat.csv	syn61370552	HC104_SelfPace_mat.csv	syn61498381	True	text/csv				
/ocean/projects/med260006p/aguda1/biomedAI/project/data/gait/weargait/CONTROL PARTICIPANTS/CSV files/HC104_SelfPace_matTURN.csv	syn61370552	HC104_SelfPace_matTURN.csv	syn61498386	True	text/csv				
/ocean/projects/med260006p/aguda1/biomedAI/project/data/gait/weargait/CONTROL PARTICIPANTS/CSV files/HC104_TUG.csv	syn61370552	HC104_TUG.csv	syn61498392	True	text/csv				
/ocean/projects/med260006p/aguda1/biomedAI/project/data/gait/weargait/CONTROL PARTICIPANTS/CSV files/HC104_TandemGait.csv	syn61370552	HC104_TandemGait.csv	syn61498389	True	text/csv				
/ocean/projects/med260006p/aguda1/biomedAI/project/data/gait/weargait/CONTROL PARTICIPANTS/CSV files/HC105_Balance.csv	syn61370552	HC105_Balance.csv	syn61498399	True	text/csv				
/ocean/projects/med260006p/aguda1/biomedAI/project/data/gait/weargait/CONTROL PARTICIPANTS/CSV files/HC105_HurriedPace.csv	syn61370552	HC105_HurriedPace.csv	syn61498402	True	text/csv				
/ocean/projects/med260006p/aguda1/biomedAI/project/data/gait/weargait/CONTROL PARTICIPANTS/CSV files/HC105_HurriedPace_mat.csv	syn61370552	HC105_HurriedPace_mat.csv	syn61498406	True	text/csv				
/ocean/projects/med260006p/aguda1/biomedAI/project/data/gait/weargait/CONTROL PARTICIPANTS/CSV files/HC105_SelfPace.csv	syn61370552	HC105_SelfPace.csv	syn61498409	True	text/csv				
/ocean/projects/med260006p/aguda1/biomedAI/project/data/gait/weargait/CONTROL PARTICIPANTS/CSV files/HC105_SelfPace_mat.csv	syn61370552	HC105_SelfPace_mat.csv	syn61498412	True	text/csv				
/ocean/projects/med260006p/aguda1/biomedAI/project/data/gait/weargait/CONTROL PARTICIPANTS/CSV files/HC105_SelfPace_matTURN.csv	syn61370552	HC105_SelfPace_matTURN.csv	syn61498417	True	text/csv				
/ocean/projects/med260006p/aguda1/biomedAI/project/data/gait/weargait/CONTROL PARTICIPANTS/CSV files/HC105_TUG.csv	syn61370552	HC105_TUG.csv	syn61498419	True	text/csv				
/ocean/projects/med260006p/aguda1/biomedAI/project/data/gait/weargait/CONTROL PARTICIPANTS/CSV files/HC105_TandemGait.csv	syn61370552	HC105_TandemGait.csv	syn61498418	True	text/csv				
/ocean/projects/med260006p/aguda1/biomedAI/project/data/gait/weargait/CONTROL PARTICIPANTS/CSV files/HC106_Balance.csv	syn61370552	HC106_Balance.csv	syn61498420	True	text/csv				
/ocean/projects/med260006p/aguda1/biomedAI/project/data/gait/weargait/CONTROL PARTICIPANTS/CSV files/HC106_HurriedPace.csv	syn61370552	HC106_HurriedPace.csv	syn61498421	True	text/csv				
/ocean/projects/med260006p/aguda1/biomedAI/project/data/gait/weargait/CONTROL PARTICIPANTS/CSV files/HC106_HurriedPace_mat.csv	syn61370552	HC106_HurriedPace_mat.csv	syn61498422	True	text/csv				
/ocean/projects/med260006p/aguda1/biomedAI/project/data/gait/weargait/CONTROL PARTICIPANTS/CSV files/HC106_SelfPace.csv	syn61370552	HC106_SelfPace.csv	syn61498423	True	text/csv				
/ocean/projects/med260006p/aguda1/biomedAI/project/data/gait/weargait/CONTROL PARTICIPANTS/CSV files/HC106_SelfPace_mat.csv	syn61370552	HC106_SelfPace_mat.csv	syn61498424	True	text/csv				
/ocean/projects/med260006p/aguda1/biomedAI/project/data/gait/weargait/CONTROL PARTICIPANTS/CSV files/HC106_SelfPace_matTURN.csv	syn61370552	HC106_SelfPace_matTURN.csv	syn61498425	True	text/csv				
/ocean/projects/med260006p/aguda1/biomedAI/project/data/gait/weargait/CONTROL PARTICIPANTS/CSV files/HC106_TUG.csv	syn61370552	HC106_TUG.csv	syn61498431	True	text/csv				
/ocean/projects/med260006p/aguda1/biomedAI/project/data/gait/weargait/CONTROL PARTICIPANTS/CSV files/HC106_TandemGait.csv	syn61370552	HC106_TandemGait.csv	syn61498426	True	text/csv				
/ocean/projects/med260006p/aguda1/biomedAI/project/data/gait/weargait/CONTROL PARTICIPANTS/CSV files/HC107_Balance.csv	syn61370552	HC107_Balance.csv	syn61498432	True	text/csv				
/ocean/projects/med260006p/aguda1/biomedAI/project/data/gait/weargait/CONTROL PARTICIPANTS/CSV files/HC107_HurriedPace.csv	syn61370552	HC107_HurriedPace.csv	syn61498433	True	text/csv				
/ocean/projects/med260006p/aguda1/biomedAI/project/data/gait/weargait/CONTROL PARTICIPANTS/CSV files/HC107_HurriedPace_mat.csv	syn61370552	HC107_HurriedPace_mat.csv	syn61498434	True	text/csv				
/ocean/projects/med260006p/aguda1/biomedAI/project/data/gait/weargait/CONTROL PARTICIPANTS/CSV files/HC107_SelfPace.csv	syn61370552	HC107_SelfPace.csv	syn61498435	True	text/csv				
/ocean/projects/med260006p/aguda1/biomedAI/project/data/gait/weargait/CONTROL PARTICIPANTS/CSV files/HC107_SelfPace_mat.csv	syn61370552	HC107_SelfPace_mat.csv	syn61498436	True	text/csv				
/ocean/projects/med260006p/aguda1/biomedAI/project/data/gait/weargait/CONTROL PARTICIPANTS/CSV files/HC107_SelfPace_matTURN.csv	syn61370552	HC107_SelfPace_matTURN.csv	syn61498437	True	text/csv				
/ocean/projects/med260006p/aguda1/biomedAI/project/data/gait/weargait/CONTROL PARTICIPANTS/CSV files/HC107_TUG.csv	syn61370552	HC107_TUG.csv	syn61498443	True	text/csv				
/ocean/projects/med260006p/aguda1/biomedAI/project/data/gait/weargait/CONTROL PARTICIPANTS/CSV files/HC107_TandemGait.csv	syn61370552	HC107_TandemGait.csv	syn61498442	True	text/csv				
/ocean/projects/med260006p/aguda1/biomedAI/project/data/gait/weargait/CONTROL PARTICIPANTS/CSV files/HC108_Balance.csv	syn61370552	HC108_Balance.csv	syn61498444	True	text/csv				
/ocean/projects/med260006p/aguda1/biomedAI/project/data/gait/weargait/CONTROL PARTICIPANTS/CSV files/HC108_HurriedPace.csv	syn61370552	HC108_HurriedPace.csv	syn61498445	True	text/csv				
/ocean/projects/med260006p/aguda1/biomedAI/project/data/gait/weargait/CONTROL PARTICIPANTS/CSV files/HC108_HurriedPace_mat.csv	syn61370552	HC108_HurriedPace_mat.csv	syn61498446	True	text/csv				
/ocean/projects/med260006p/aguda1/biomedAI/project/data/gait/weargait/CONTROL PARTICIPANTS/CSV files/HC108_SelfPace.csv	syn61370552	HC108_SelfPace.csv	syn61498447	True	text/csv				
/ocean/projects/med260006p/aguda1/biomedAI/project/data/gait/weargait/CONTROL PARTICIPANTS/CSV files/HC108_SelfPace_mat.csv	syn61370552	HC108_SelfPace_mat.csv	syn61498448	True	text/csv				
/ocean/projects/med260006p/aguda1/biomedAI/project/data/gait/weargait/CONTROL PARTICIPANTS/CSV files/HC108_SelfPace_matTURN.csv	syn61370552	HC108_SelfPace_matTURN.csv	syn61498451	True	text/csv				
/ocean/projects/med260006p/aguda1/biomedAI/project/data/gait/weargait/CONTROL PARTICIPANTS/CSV files/HC108_TUG.csv	syn61370552	HC108_TUG.csv	syn61498453	True	text/csv				
/ocean/projects/med260006p/aguda1/biomedAI/project/data/gait/weargait/CONTROL PARTICIPANTS/CSV files/HC108_TandemGait.csv	syn61370552	HC108_TandemGait.csv	syn61498452	True	text/csv				
/ocean/projects/med260006p/aguda1/biomedAI/project/data/gait/weargait/CONTROL PARTICIPANTS/CSV files/HC109_Balance.csv	syn61370552	HC109_Balance.csv	syn61498454	True	text/csv				
/ocean/projects/med260006p/aguda1/biomedAI/project/data/gait/weargait/CONTROL PARTICIPANTS/CSV files/HC109_HurriedPace.csv	syn61370552	HC109_HurriedPace.csv	syn61498455	True	text/csv				
/ocean/projects/med260006p/aguda1/biomedAI/project/data/gait/weargait/CONTROL PARTICIPANTS/CSV files/HC109_HurriedPace_mat.csv	syn61370552	HC109_HurriedPace_mat.csv	syn61498456	True	text/csv				
/ocean/projects/med260006p/aguda1/biomedAI/project/data/gait/weargait/CONTROL PARTICIPANTS/CSV files/HC109_SelfPace.csv	syn61370552	HC109_SelfPace.csv	syn61498457	True	text/csv				
/ocean/projects/med260006p/aguda1/biomedAI/project/data/gait/weargait/CONTROL PARTICIPANTS/CSV files/HC109_SelfPace_mat.csv	syn61370552	HC109_SelfPace_mat.csv	syn61498458	True	text/csv				
/ocean/projects/med260006p/aguda1/biomedAI/project/data/gait/weargait/CONTROL PARTICIPANTS/CSV files/HC109_SelfPace_matTURN.csv	syn61370552	HC109_SelfPace_matTURN.csv	syn61498459	True	text/csv				
/ocean/projects/med260006p/aguda1/biomedAI/project/data/gait/weargait/CONTROL PARTICIPANTS/CSV files/HC109_TUG.csv	syn61370552	HC109_TUG.csv	syn61498461	True	text/csv				
/ocean/projects/med260006p/aguda1/biomedAI/project/data/gait/weargait/CONTROL PARTICIPANTS/CSV files/HC109_TandemGait.csv	syn61370552	HC109_TandemGait.csv	syn61498460	True	text/csv				
/ocean/projects/med260006p/aguda1/biomedAI/project/data/gait/weargait/CONTROL PARTICIPANTS/CSV files/HC110_Balance.csv	syn61370552	HC110_Balance.csv	syn61498462	True	text/csv				
/ocean/projects/med260006p/aguda1/biomedAI/project/data/gait/weargait/CONTROL PARTICIPANTS/CSV files/HC110_HurriedPace.csv	syn61370552	HC110_HurriedPace.csv	syn61498463	True	text/csv				
/ocean/projects/med260006p/aguda1/biomedAI/project/data/gait/weargait/CONTROL PARTICIPANTS/CSV files/HC110_HurriedPace_mat.csv	syn61370552	HC110_HurriedPace_mat.csv	syn61498464	True	text/csv				
/ocean/projects/med260006p/aguda1/biomedAI/project/data/gait/weargait/CONTROL PARTICIPANTS/CSV files/HC110_SelfPace.csv	syn61370552	HC110_SelfPace.csv	syn61498465	True	text/csv				
/ocean/projects/med260006p/aguda1/biomedAI/project/data/gait/weargait/CONTROL PARTICIPANTS/CSV files/HC110_SelfPace_mat.csv	syn61370552	HC110_SelfPace_mat.csv	syn61498466	True	text/csv				
/ocean/projects/med260006p/aguda1/biomedAI/project/data/gait/weargait/CONTROL PARTICIPANTS/CSV files/HC110_SelfPace_matTURN.csv	syn61370552	HC110_SelfPace_matTURN.csv	syn61498467	True	text/csv				
/ocean/projects/med260006p/aguda1/biomedAI/project/data/gait/weargait/CONTROL PARTICIPANTS/CSV files/HC110_TUG.csv	syn61370552	HC110_TUG.csv	syn61498472	True	text/csv				
/ocean/projects/med260006p/aguda1/biomedAI/project/data/gait/weargait/CONTROL PARTICIPANTS/CSV files/HC110_TandemGait.csv	syn61370552	HC110_TandemGait.csv	syn61498469	True	text/csv				
/ocean/projects/med260006p/aguda1/biomedAI/project/data/gait/weargait/CONTROL PARTICIPANTS/CSV files/HC111_Balance.csv	syn61370552	HC111_Balance.csv	syn61498473	True	text/csv				
/ocean/projects/med260006p/aguda1/biomedAI/project/data/gait/weargait/CONTROL PARTICIPANTS/CSV files/HC111_HurriedPace.csv	syn61370552	HC111_HurriedPace.csv	syn61498475	True	text/csv				
/ocean/projects/med260006p/aguda1/biomedAI/project/data/gait/weargait/CONTROL PARTICIPANTS/CSV files/HC111_HurriedPace_mat.csv	syn61370552	HC111_HurriedPace_mat.csv	syn61498476	True	text/csv				
/ocean/projects/med260006p/aguda1/biomedAI/project/data/gait/weargait/CONTROL PARTICIPANTS/CSV files/HC111_SelfPace.csv	syn61370552	HC111_SelfPace.csv	syn61498477	True	text/csv				
/ocean/projects/med260006p/aguda1/biomedAI/project/data/gait/weargait/CONTROL PARTICIPANTS/CSV files/HC111_SelfPace_mat.csv	syn61370552	HC111_SelfPace_mat.csv	syn61498479	True	text/csv				
/ocean/projects/med260006p/aguda1/biomedAI/project/data/gait/weargait/CONTROL PARTICIPANTS/CSV files/HC111_SelfPace_matTURN.csv	syn61370552	HC111_SelfPace_matTURN.csv	syn61498485	True	text/csv				
/ocean/projects/med260006p/aguda1/biomedAI/project/data/gait/weargait/CONTROL PARTICIPANTS/CSV files/HC111_TUG.csv	syn61370552	HC111_TUG.csv	syn61498489	True	text/csv				
/ocean/projects/med260006p/aguda1/biomedAI/project/data/gait/weargait/CONTROL PARTICIPANTS/CSV files/HC111_TandemGait.csv	syn61370552	HC111_TandemGait.csv	syn61498486	True	text/csv				
/ocean/projects/med260006p/aguda1/biomedAI/project/data/gait/weargait/CONTROL PARTICIPANTS/CSV files/HC112_Balance.csv	syn61370552	HC112_Balance.csv	syn61498490	True	text/csv				
/ocean/projects/med260006p/aguda1/biomedAI/project/data/gait/weargait/CONTROL PARTICIPANTS/CSV files/HC112_HurriedPace.csv	syn61370552	HC112_HurriedPace.csv	syn61498491	True	text/csv				
/ocean/projects/med260006p/aguda1/biomedAI/project/data/gait/weargait/CONTROL PARTICIPANTS/CSV files/HC112_HurriedPace_mat.csv	syn61370552	HC112_HurriedPace_mat.csv	syn61498492	True	text/csv				
/ocean/projects/med260006p/aguda1/biomedAI/project/data/gait/weargait/CONTROL PARTICIPANTS/CSV files/HC112_SelfPace.csv	syn61370552	HC112_SelfPace.csv	syn61498493	True	text/csv				
/ocean/projects/med260006p/aguda1/biomedAI/project/data/gait/weargait/CONTROL PARTICIPANTS/CSV files/HC112_SelfPace_mat.csv	syn61370552	HC112_SelfPace_mat.csv	syn61498494	True	text/csv				
/ocean/projects/med260006p/aguda1/biomedAI/project/data/gait/weargait/CONTROL PARTICIPANTS/CSV files/HC112_SelfPace_matTURN.csv	syn61370552	HC112_SelfPace_matTURN.csv	syn61498498	True	text/csv				
/ocean/projects/med260006p/aguda1/biomedAI/project/data/gait/weargait/CONTROL PARTICIPANTS/CSV files/HC112_TUG.csv	syn61370552	HC112_TUG.csv	syn61498502	True	text/csv				
/ocean/projects/med260006p/aguda1/biomedAI/project/data/gait/weargait/CONTROL PARTICIPANTS/CSV files/HC112_TandemGait.csv	syn61370552	HC112_TandemGait.csv	syn61498501	True	text/csv				
/ocean/projects/med260006p/aguda1/biomedAI/project/data/gait/weargait/CONTROL PARTICIPANTS/CSV files/HC113_Balance.csv	syn61370552	HC113_Balance.csv	syn61498503	True	text/csv				
/ocean/projects/med260006p/aguda1/biomedAI/project/data/gait/weargait/CONTROL PARTICIPANTS/CSV files/HC113_HurriedPace.csv	syn61370552	HC113_HurriedPace.csv	syn61498504	True	text/csv				
/ocean/projects/med260006p/aguda1/biomedAI/project/data/gait/weargait/CONTROL PARTICIPANTS/CSV files/HC113_HurriedPace_mat.csv	syn61370552	HC113_HurriedPace_mat.csv	syn61498505	True	text/csv				
/ocean/projects/med260006p/aguda1/biomedAI/project/data/gait/weargait/CONTROL PARTICIPANTS/CSV files/HC113_SelfPace.csv	syn61370552	HC113_SelfPace.csv	syn61498506	True	text/csv				
/ocean/projects/med260006p/aguda1/biomedAI/project/data/gait/weargait/CONTROL PARTICIPANTS/CSV files/HC113_SelfPace_mat.csv	syn61370552	HC113_SelfPace_mat.csv	syn61498507	True	text/csv				
/ocean/projects/med260006p/aguda1/biomedAI/project/data/gait/weargait/CONTROL PARTICIPANTS/CSV files/HC113_SelfPace_matTURN.csv	syn61370552	HC113_SelfPace_matTURN.csv	syn61498508	True	text/csv				
/ocean/projects/med260006p/aguda1/biomedAI/project/data/gait/weargait/CONTROL PARTICIPANTS/CSV files/HC113_TUG.csv	syn61370552	HC113_TUG.csv	syn61498510	True	text/csv				
/ocean/projects/med260006p/aguda1/biomedAI/project/data/gait/weargait/CONTROL PARTICIPANTS/CSV files/HC113_TandemGait.csv	syn61370552	HC113_TandemGait.csv	syn61498509	True	text/csv				
/ocean/projects/med260006p/aguda1/biomedAI/project/data/gait/weargait/CONTROL PARTICIPANTS/CSV files/HC114_Balance.csv	syn61370552	HC114_Balance.csv	syn61498512	True	text/csv				
/ocean/projects/med260006p/aguda1/biomedAI/project/data/gait/weargait/CONTROL PARTICIPANTS/CSV files/HC114_HurriedPace.csv	syn61370552	HC114_HurriedPace.csv	syn61498516	True	text/csv				
/ocean/projects/med260006p/aguda1/biomedAI/project/data/gait/weargait/CONTROL PARTICIPANTS/CSV files/HC114_HurriedPace_mat.csv	syn61370552	HC114_HurriedPace_mat.csv	syn61498518	True	text/csv				
/ocean/projects/med260006p/aguda1/biomedAI/project/data/gait/weargait/CONTROL PARTICIPANTS/CSV files/HC114_SelfPace.csv	syn61370552	HC114_SelfPace.csv	syn61498522	True	text/csv				
/ocean/projects/med260006p/aguda1/biomedAI/project/data/gait/weargait/CONTROL PARTICIPANTS/CSV files/HC114_SelfPace_mat.csv	syn61370552	HC114_SelfPace_mat.csv	syn61498525	True	text/csv				
/ocean/projects/med260006p/aguda1/biomedAI/project/data/gait/weargait/CONTROL PARTICIPANTS/CSV files/HC114_SelfPace_matTURN.csv	syn61370552	HC114_SelfPace_matTURN.csv	syn61498528	True	text/csv				
/ocean/projects/med260006p/aguda1/biomedAI/project/data/gait/weargait/CONTROL PARTICIPANTS/CSV files/HC114_TUG.csv	syn61370552	HC114_TUG.csv	syn61498535	True	text/csv				
/ocean/projects/med260006p/aguda1/biomedAI/project/data/gait/weargait/CONTROL PARTICIPANTS/CSV files/HC114_TandemGait.csv	syn61370552	HC114_TandemGait.csv	syn61498531	True	text/csv				
/ocean/projects/med260006p/aguda1/biomedAI/project/data/gait/weargait/CONTROL PARTICIPANTS/CSV files/HC115_Balance.csv	syn61370552	HC115_Balance.csv	syn61498542	True	text/csv				
/ocean/projects/med260006p/aguda1/biomedAI/project/data/gait/weargait/CONTROL PARTICIPANTS/CSV files/HC115_HurriedPace.csv	syn61370552	HC115_HurriedPace.csv	syn61498545	True	text/csv				
/ocean/projects/med260006p/aguda1/biomedAI/project/data/gait/weargait/CONTROL PARTICIPANTS/CSV files/HC115_HurriedPace_mat.csv	syn61370552	HC115_HurriedPace_mat.csv	syn61498548	True	text/csv				
/ocean/projects/med260006p/aguda1/biomedAI/project/data/gait/weargait/CONTROL PARTICIPANTS/CSV files/HC115_SelfPace.csv	syn61370552	HC115_SelfPace.csv	syn61498554	True	text/csv				
/ocean/projects/med260006p/aguda1/biomedAI/project/data/gait/weargait/CONTROL PARTICIPANTS/CSV files/HC115_SelfPace_mat.csv	syn61370552	HC115_SelfPace_mat.csv	syn61498557	True	text/csv				
/ocean/projects/med260006p/aguda1/biomedAI/project/data/gait/weargait/CONTROL PARTICIPANTS/CSV files/HC115_SelfPace_matTURN.csv	syn61370552	HC115_SelfPace_matTURN.csv	syn61498561	True	text/csv				
/ocean/projects/med260006p/aguda1/biomedAI/project/data/gait/weargait/CONTROL PARTICIPANTS/CSV files/HC115_TUG.csv	syn61370552	HC115_TUG.csv	syn61498568	True	text/csv				
/ocean/projects/med260006p/aguda1/biomedAI/project/data/gait/weargait/CONTROL PARTICIPANTS/CSV files/HC115_TandemGait.csv	syn61370552	HC115_TandemGait.csv	syn61498564	True	text/csv				
/ocean/projects/med260006p/aguda1/biomedAI/project/data/gait/weargait/CONTROL PARTICIPANTS/CSV files/HC116_Balance.csv	syn61370552	HC116_Balance.csv	syn61498572	True	text/csv				
/ocean/projects/med260006p/aguda1/biomedAI/project/data/gait/weargait/CONTROL PARTICIPANTS/CSV files/HC116_HurriedPace.csv	syn61370552	HC116_HurriedPace.csv	syn61498575	True	text/csv				
/ocean/projects/med260006p/aguda1/biomedAI/project/data/gait/weargait/CONTROL PARTICIPANTS/CSV files/HC116_HurriedPace_mat.csv	syn61370552	HC116_HurriedPace_mat.csv	syn61498579	True	text/csv				
/ocean/projects/med260006p/aguda1/biomedAI/project/data/gait/weargait/CONTROL PARTICIPANTS/CSV files/HC116_SelfPace.csv	syn61370552	HC116_SelfPace.csv	syn61498582	True	text/csv				
/ocean/projects/med260006p/aguda1/biomedAI/project/data/gait/weargait/CONTROL PARTICIPANTS/CSV files/HC116_SelfPace_mat.csv	syn61370552	HC116_SelfPace_mat.csv	syn61498585	True	text/csv				
/ocean/projects/med260006p/aguda1/biomedAI/project/data/gait/weargait/CONTROL PARTICIPANTS/CSV files/HC116_SelfPace_matTURN.csv	syn61370552	HC116_SelfPace_matTURN.csv	syn61498589	True	text/csv				
/ocean/projects/med260006p/aguda1/biomedAI/project/data/gait/weargait/CONTROL PARTICIPANTS/CSV files/HC116_TUG.csv	syn61370552	HC116_TUG.csv	syn61498596	True	text/csv				
/ocean/projects/med260006p/aguda1/biomedAI/project/data/gait/weargait/CONTROL PARTICIPANTS/CSV files/HC116_TandemGait.csv	syn61370552	HC116_TandemGait.csv	syn61498592	True	text/csv				
/ocean/projects/med260006p/aguda1/biomedAI/project/data/gait/weargait/CONTROL PARTICIPANTS/CSV files/HC117_Balance.csv	syn61370552	HC117_Balance.csv	syn61498601	True	text/csv				
/ocean/projects/med260006p/aguda1/biomedAI/project/data/gait/weargait/CONTROL PARTICIPANTS/CSV files/HC117_HurriedPace.csv	syn61370552	HC117_HurriedPace.csv	syn61498604	True	text/csv				
/ocean/projects/med260006p/aguda1/biomedAI/project/data/gait/weargait/CONTROL PARTICIPANTS/CSV files/HC117_HurriedPace_mat.csv	syn61370552	HC117_HurriedPace_mat.csv	syn61498607	True	text/csv				
/ocean/projects/med260006p/aguda1/biomedAI/project/data/gait/weargait/CONTROL PARTICIPANTS/CSV files/HC117_SelfPace.csv	syn61370552	HC117_SelfPace.csv	syn61498611	True	text/csv				
/ocean/projects/med260006p/aguda1/biomedAI/project/data/gait/weargait/CONTROL PARTICIPANTS/CSV files/HC117_SelfPace_mat.csv	syn61370552	HC117_SelfPace_mat.csv	syn61498614	True	text/csv				
/ocean/projects/med260006p/aguda1/biomedAI/project/data/gait/weargait/CONTROL PARTICIPANTS/CSV files/HC117_SelfPace_matTURN.csv	syn61370552	HC117_SelfPace_matTURN.csv	syn61498617	True	text/csv				
/ocean/projects/med260006p/aguda1/biomedAI/project/data/gait/weargait/CONTROL PARTICIPANTS/CSV files/HC117_TUG.csv	syn61370552	HC117_TUG.csv	syn61498625	True	text/csv				
/ocean/projects/med260006p/aguda1/biomedAI/project/data/gait/weargait/CONTROL PARTICIPANTS/CSV files/HC117_TandemGait.csv	syn61370552	HC117_TandemGait.csv	syn61498621	True	text/csv				
/ocean/projects/med260006p/aguda1/biomedAI/project/data/gait/weargait/CONTROL PARTICIPANTS/CSV files/HC118_Balance.csv	syn61370552	HC118_Balance.csv	syn61498628	True	text/csv				
/ocean/projects/med260006p/aguda1/biomedAI/project/data/gait/weargait/CONTROL PARTICIPANTS/CSV files/HC118_HurriedPace.csv	syn61370552	HC118_HurriedPace.csv	syn61498631	True	text/csv				
/ocean/projects/med260006p/aguda1/biomedAI/project/data/gait/weargait/CONTROL PARTICIPANTS/CSV files/HC118_HurriedPace_mat.csv	syn61370552	HC118_HurriedPace_mat.csv	syn61498634	True	text/csv				
/ocean/projects/med260006p/aguda1/biomedAI/project/data/gait/weargait/CONTROL PARTICIPANTS/CSV files/HC118_SelfPace.csv	syn61370552	HC118_SelfPace.csv	syn61498637	True	text/csv				
/ocean/projects/med260006p/aguda1/biomedAI/project/data/gait/weargait/CONTROL PARTICIPANTS/CSV files/HC118_SelfPace_mat.csv	syn61370552	HC118_SelfPace_mat.csv	syn61498640	True	text/csv				
/ocean/projects/med260006p/aguda1/biomedAI/project/data/gait/weargait/CONTROL PARTICIPANTS/CSV files/HC118_SelfPace_matTURN.csv	syn61370552	HC118_SelfPace_matTURN.csv	syn61498644	True	text/csv				
/ocean/projects/med260006p/aguda1/biomedAI/project/data/gait/weargait/CONTROL PARTICIPANTS/CSV files/HC118_TUG.csv	syn61370552	HC118_TUG.csv	syn61498653	True	text/csv				
/ocean/projects/med260006p/aguda1/biomedAI/project/data/gait/weargait/CONTROL PARTICIPANTS/CSV files/HC118_TandemGait.csv	syn61370552	HC118_TandemGait.csv	syn61498648	True	text/csv				
/ocean/projects/med260006p/aguda1/biomedAI/project/data/gait/weargait/CONTROL PARTICIPANTS/CSV files/HC120_Balance.csv	syn61370552	HC120_Balance.csv	syn61498660	True	text/csv				
/ocean/projects/med260006p/aguda1/biomedAI/project/data/gait/weargait/CONTROL PARTICIPANTS/CSV files/HC120_HurriedPace.csv	syn61370552	HC120_HurriedPace.csv	syn61498664	True	text/csv				
/ocean/projects/med260006p/aguda1/biomedAI/project/data/gait/weargait/CONTROL PARTICIPANTS/CSV files/HC120_HurriedPace_mat.csv	syn61370552	HC120_HurriedPace_mat.csv	syn61498667	True	text/csv				
/ocean/projects/med260006p/aguda1/biomedAI/project/data/gait/weargait/CONTROL PARTICIPANTS/CSV files/HC120_SelfPace.csv	syn61370552	HC120_SelfPace.csv	syn61498670	True	text/csv				
/ocean/projects/med260006p/aguda1/biomedAI/project/data/gait/weargait/CONTROL PARTICIPANTS/CSV files/HC120_SelfPace_mat.csv	syn61370552	HC120_SelfPace_mat.csv	syn61498673	True	text/csv				
/ocean/projects/med260006p/aguda1/biomedAI/project/data/gait/weargait/CONTROL PARTICIPANTS/CSV files/HC120_SelfPace_matTURN.csv	syn61370552	HC120_SelfPace_matTURN.csv	syn61498676	True	text/csv				
/ocean/projects/med260006p/aguda1/biomedAI/project/data/gait/weargait/CONTROL PARTICIPANTS/CSV files/HC120_TUG.csv	syn61370552	HC120_TUG.csv	syn61498688	True	text/csv				
/ocean/projects/med260006p/aguda1/biomedAI/project/data/gait/weargait/CONTROL PARTICIPANTS/CSV files/HC120_TandemGait.csv	syn61370552	HC120_TandemGait.csv	syn61498680	True	text/csv				
/ocean/projects/med260006p/aguda1/biomedAI/project/data/gait/weargait/CONTROL PARTICIPANTS/CSV files/HC121_Balance.csv	syn61370552	HC121_Balance.csv	syn61498706	True	text/csv				
/ocean/projects/med260006p/aguda1/biomedAI/project/data/gait/weargait/CONTROL PARTICIPANTS/CSV files/HC121_HurriedPace.csv	syn61370552	HC121_HurriedPace.csv	syn61498710	True	text/csv				
/ocean/projects/med260006p/aguda1/biomedAI/project/data/gait/weargait/CONTROL PARTICIPANTS/CSV files/HC121_HurriedPace_mat.csv	syn61370552	HC121_HurriedPace_mat.csv	syn61498713	True	text/csv				
/ocean/projects/med260006p/aguda1/biomedAI/project/data/gait/weargait/CONTROL PARTICIPANTS/CSV files/HC121_SelfPace.csv	syn61370552	HC121_SelfPace.csv	syn61498716	True	text/csv				
/ocean/projects/med260006p/aguda1/biomedAI/project/data/gait/weargait/CONTROL PARTICIPANTS/CSV files/HC121_SelfPace_mat.csv	syn61370552	HC121_SelfPace_mat.csv	syn61498717	True	text/csv				
/ocean/projects/med260006p/aguda1/biomedAI/project/data/gait/weargait/CONTROL PARTICIPANTS/CSV files/HC121_SelfPace_matTURN.csv	syn61370552	HC121_SelfPace_matTURN.csv	syn61498718	True	text/csv				
/ocean/projects/med260006p/aguda1/biomedAI/project/data/gait/weargait/CONTROL PARTICIPANTS/CSV files/HC121_TUG.csv	syn61370552	HC121_TUG.csv	syn61498720	True	text/csv				
/ocean/projects/med260006p/aguda1/biomedAI/project/data/gait/weargait/CONTROL PARTICIPANTS/CSV files/HC121_TandemGait.csv	syn61370552	HC121_TandemGait.csv	syn61498719	True	text/csv				
/ocean/projects/med260006p/aguda1/biomedAI/project/data/gait/weargait/CONTROL PARTICIPANTS/CSV files/HC122_Balance.csv	syn61370552	HC122_Balance.csv	syn61498721	True	text/csv				
/ocean/projects/med260006p/aguda1/biomedAI/project/data/gait/weargait/CONTROL PARTICIPANTS/CSV files/HC122_HurriedPace.csv	syn61370552	HC122_HurriedPace.csv	syn61498722	True	text/csv				
/ocean/projects/med260006p/aguda1/biomedAI/project/data/gait/weargait/CONTROL PARTICIPANTS/CSV files/HC122_HurriedPace_mat.csv	syn61370552	HC122_HurriedPace_mat.csv	syn61498723	True	text/csv				
/ocean/projects/med260006p/aguda1/biomedAI/project/data/gait/weargait/CONTROL PARTICIPANTS/CSV files/HC122_SelfPace.csv	syn61370552	HC122_SelfPace.csv	syn61498724	True	text/csv				
/ocean/projects/med260006p/aguda1/biomedAI/project/data/gait/weargait/CONTROL PARTICIPANTS/CSV files/HC122_SelfPace_mat.csv	syn61370552	HC122_SelfPace_mat.csv	syn61498725	True	text/csv				
/ocean/projects/med260006p/aguda1/biomedAI/project/data/gait/weargait/CONTROL PARTICIPANTS/CSV files/HC122_SelfPace_matTURN.csv	syn61370552	HC122_SelfPace_matTURN.csv	syn61498726	True	text/csv				
/ocean/projects/med260006p/aguda1/biomedAI/project/data/gait/weargait/CONTROL PARTICIPANTS/CSV files/HC122_TUG.csv	syn61370552	HC122_TUG.csv	syn61498728	True	text/csv				
/ocean/projects/med260006p/aguda1/biomedAI/project/data/gait/weargait/CONTROL PARTICIPANTS/CSV files/HC122_TandemGait.csv	syn61370552	HC122_TandemGait.csv	syn61498727	True	text/csv				
/ocean/projects/med260006p/aguda1/biomedAI/project/data/gait/weargait/CONTROL PARTICIPANTS/CSV files/HC123_Balance.csv	syn61370552	HC123_Balance.csv	syn61498729	True	text/csv				
/ocean/projects/med260006p/aguda1/biomedAI/project/data/gait/weargait/CONTROL PARTICIPANTS/CSV files/HC123_HurriedPace.csv	syn61370552	HC123_HurriedPace.csv	syn61498730	True	text/csv				
/ocean/projects/med260006p/aguda1/biomedAI/project/data/gait/weargait/CONTROL PARTICIPANTS/CSV files/HC123_HurriedPace_mat.csv	syn61370552	HC123_HurriedPace_mat.csv	syn61498731	True	text/csv				
/ocean/projects/med260006p/aguda1/biomedAI/project/data/gait/weargait/CONTROL PARTICIPANTS/CSV files/HC123_SelfPace.csv	syn61370552	HC123_SelfPace.csv	syn61498732	True	text/csv				
/ocean/projects/med260006p/aguda1/biomedAI/project/data/gait/weargait/CONTROL PARTICIPANTS/CSV files/HC123_SelfPace_mat.csv	syn61370552	HC123_SelfPace_mat.csv	syn61498733	True	text/csv				
/ocean/projects/med260006p/aguda1/biomedAI/project/data/gait/weargait/CONTROL PARTICIPANTS/CSV files/HC123_SelfPace_matTURN.csv	syn61370552	HC123_SelfPace_matTURN.csv	syn61498734	True	text/csv				
/ocean/projects/med260006p/aguda1/biomedAI/project/data/gait/weargait/CONTROL PARTICIPANTS/CSV files/HC123_TUG.csv	syn61370552	HC123_TUG.csv	syn61498745	True	text/csv				
/ocean/projects/med260006p/aguda1/biomedAI/project/data/gait/weargait/CONTROL PARTICIPANTS/CSV files/HC123_TandemGait.csv	syn61370552	HC123_TandemGait.csv	syn61498735	True	text/csv				
/ocean/projects/med260006p/aguda1/biomedAI/project/data/gait/weargait/CONTROL PARTICIPANTS/CSV files/HC124_Balance.csv	syn61370552	HC124_Balance.csv	syn61980763	True	text/csv				
/ocean/projects/med260006p/aguda1/biomedAI/project/data/gait/weargait/CONTROL PARTICIPANTS/CSV files/HC124_HurriedPace.csv	syn61370552	HC124_HurriedPace.csv	syn61980764	True	text/csv				
/ocean/projects/med260006p/aguda1/biomedAI/project/data/gait/weargait/CONTROL PARTICIPANTS/CSV files/HC124_HurriedPace_mat.csv	syn61370552	HC124_HurriedPace_mat.csv	syn61980765	True	text/csv				
/ocean/projects/med260006p/aguda1/biomedAI/project/data/gait/weargait/CONTROL PARTICIPANTS/CSV files/HC124_SelfPace.csv	syn61370552	HC124_SelfPace.csv	syn61980766	True	text/csv				
/ocean/projects/med260006p/aguda1/biomedAI/project/data/gait/weargait/CONTROL PARTICIPANTS/CSV files/HC124_SelfPace_mat.csv	syn61370552	HC124_SelfPace_mat.csv	syn61980767	True	text/csv				
/ocean/projects/med260006p/aguda1/biomedAI/project/data/gait/weargait/CONTROL PARTICIPANTS/CSV files/HC124_SelfPace_matTURN.csv	syn61370552	HC124_SelfPace_matTURN.csv	syn61980768	True	text/csv				
/ocean/projects/med260006p/aguda1/biomedAI/project/data/gait/weargait/CONTROL PARTICIPANTS/CSV files/HC124_TUG.csv	syn61370552	HC124_TUG.csv	syn61980770	True	text/csv				
/ocean/projects/med260006p/aguda1/biomedAI/project/data/gait/weargait/CONTROL PARTICIPANTS/CSV files/HC124_TandemGait.csv	syn61370552	HC124_TandemGait.csv	syn61980769	True	text/csv				
/ocean/projects/med260006p/aguda1/biomedAI/project/data/gait/weargait/CONTROL PARTICIPANTS/CSV files/HC125_Balance.csv	syn61370552	HC125_Balance.csv	syn61980771	True	text/csv				
/ocean/projects/med260006p/aguda1/biomedAI/project/data/gait/weargait/CONTROL PARTICIPANTS/CSV files/HC125_HurriedPace.csv	syn61370552	HC125_HurriedPace.csv	syn61980772	True	text/csv				
/ocean/projects/med260006p/aguda1/biomedAI/project/data/gait/weargait/CONTROL PARTICIPANTS/CSV files/HC125_HurriedPace_mat.csv	syn61370552	HC125_HurriedPace_mat.csv	syn61980773	True	text/csv				
/ocean/projects/med260006p/aguda1/biomedAI/project/data/gait/weargait/CONTROL PARTICIPANTS/CSV files/HC125_SelfPace.csv	syn61370552	HC125_SelfPace.csv	syn61980774	True	text/csv				
/ocean/projects/med260006p/aguda1/biomedAI/project/data/gait/weargait/CONTROL PARTICIPANTS/CSV files/HC125_SelfPace_mat.csv	syn61370552	HC125_SelfPace_mat.csv	syn61980775	True	text/csv				
/ocean/projects/med260006p/aguda1/biomedAI/project/data/gait/weargait/CONTROL PARTICIPANTS/CSV files/HC125_SelfPace_matTURN.csv	syn61370552	HC125_SelfPace_matTURN.csv	syn61980776	True	text/csv				
/ocean/projects/med260006p/aguda1/biomedAI/project/data/gait/weargait/CONTROL PARTICIPANTS/CSV files/HC125_TUG.csv	syn61370552	HC125_TUG.csv	syn61980778	True	text/csv				
/ocean/projects/med260006p/aguda1/biomedAI/project/data/gait/weargait/CONTROL PARTICIPANTS/CSV files/HC125_TandemGait.csv	syn61370552	HC125_TandemGait.csv	syn61980777	True	text/csv				
/ocean/projects/med260006p/aguda1/biomedAI/project/data/gait/weargait/CONTROL PARTICIPANTS/CSV files/HC126_Balance.csv	syn61370552	HC126_Balance.csv	syn61980779	True	text/csv				
/ocean/projects/med260006p/aguda1/biomedAI/project/data/gait/weargait/CONTROL PARTICIPANTS/CSV files/HC126_HurriedPace.csv	syn61370552	HC126_HurriedPace.csv	syn61980780	True	text/csv				
/ocean/projects/med260006p/aguda1/biomedAI/project/data/gait/weargait/CONTROL PARTICIPANTS/CSV files/HC126_HurriedPace_mat.csv	syn61370552	HC126_HurriedPace_mat.csv	syn61980781	True	text/csv				
/ocean/projects/med260006p/aguda1/biomedAI/project/data/gait/weargait/CONTROL PARTICIPANTS/CSV files/HC126_SelfPace.csv	syn61370552	HC126_SelfPace.csv	syn61980782	True	text/csv				
/ocean/projects/med260006p/aguda1/biomedAI/project/data/gait/weargait/CONTROL PARTICIPANTS/CSV files/HC126_SelfPace_mat.csv	syn61370552	HC126_SelfPace_mat.csv	syn61980783	True	text/csv				
/ocean/projects/med260006p/aguda1/biomedAI/project/data/gait/weargait/CONTROL PARTICIPANTS/CSV files/HC126_SelfPace_matTURN.csv	syn61370552	HC126_SelfPace_matTURN.csv	syn61980784	True	text/csv				
/ocean/projects/med260006p/aguda1/biomedAI/project/data/gait/weargait/CONTROL PARTICIPANTS/CSV files/HC126_TUG.csv	syn61370552	HC126_TUG.csv	syn61980786	True	text/csv				
/ocean/projects/med260006p/aguda1/biomedAI/project/data/gait/weargait/CONTROL PARTICIPANTS/CSV files/HC126_TandemGait.csv	syn61370552	HC126_TandemGait.csv	syn61980785	True	text/csv				
/ocean/projects/med260006p/aguda1/biomedAI/project/data/gait/weargait/CONTROL PARTICIPANTS/CSV files/HC127_Balance.csv	syn61370552	HC127_Balance.csv	syn61980788	True	text/csv				
/ocean/projects/med260006p/aguda1/biomedAI/project/data/gait/weargait/CONTROL PARTICIPANTS/CSV files/HC127_HurriedPace.csv	syn61370552	HC127_HurriedPace.csv	syn61980789	True	text/csv				
/ocean/projects/med260006p/aguda1/biomedAI/project/data/gait/weargait/CONTROL PARTICIPANTS/CSV files/HC127_HurriedPace_mat.csv	syn61370552	HC127_HurriedPace_mat.csv	syn61980790	True	text/csv				
/ocean/projects/med260006p/aguda1/biomedAI/project/data/gait/weargait/CONTROL PARTICIPANTS/CSV files/HC127_SelfPace.csv	syn61370552	HC127_SelfPace.csv	syn61980791	True	text/csv				
/ocean/projects/med260006p/aguda1/biomedAI/project/data/gait/weargait/CONTROL PARTICIPANTS/CSV files/HC127_SelfPace_mat.csv	syn61370552	HC127_SelfPace_mat.csv	syn61980792	True	text/csv				
/ocean/projects/med260006p/aguda1/biomedAI/project/data/gait/weargait/CONTROL PARTICIPANTS/CSV files/HC127_SelfPace_matTURN.csv	syn61370552	HC127_SelfPace_matTURN.csv	syn61980793	True	text/csv				
/ocean/projects/med260006p/aguda1/biomedAI/project/data/gait/weargait/CONTROL PARTICIPANTS/CSV files/HC127_TUG.csv	syn61370552	HC127_TUG.csv	syn61980795	True	text/csv				
/ocean/projects/med260006p/aguda1/biomedAI/project/data/gait/weargait/CONTROL PARTICIPANTS/CSV files/HC127_TandemGait.csv	syn61370552	HC127_TandemGait.csv	syn61980794	True	text/csv				
/ocean/projects/med260006p/aguda1/biomedAI/project/data/gait/weargait/CONTROL PARTICIPANTS/CSV files/HC128_Balance.csv	syn61370552	HC128_Balance.csv	syn61980802	True	text/csv				
/ocean/projects/med260006p/aguda1/biomedAI/project/data/gait/weargait/CONTROL PARTICIPANTS/CSV files/HC128_HurriedPace.csv	syn61370552	HC128_HurriedPace.csv	syn61980803	True	text/csv				
/ocean/projects/med260006p/aguda1/biomedAI/project/data/gait/weargait/CONTROL PARTICIPANTS/CSV files/HC128_HurriedPace_mat.csv	syn61370552	HC128_HurriedPace_mat.csv	syn61980804	True	text/csv				
/ocean/projects/med260006p/aguda1/biomedAI/project/data/gait/weargait/CONTROL PARTICIPANTS/CSV files/HC128_SelfPace.csv	syn61370552	HC128_SelfPace.csv	syn61980805	True	text/csv				
/ocean/projects/med260006p/aguda1/biomedAI/project/data/gait/weargait/CONTROL PARTICIPANTS/CSV files/HC128_SelfPace_mat.csv	syn61370552	HC128_SelfPace_mat.csv	syn61980806	True	text/csv				
/ocean/projects/med260006p/aguda1/biomedAI/project/data/gait/weargait/CONTROL PARTICIPANTS/CSV files/HC128_SelfPace_matTURN.csv	syn61370552	HC128_SelfPace_matTURN.csv	syn61980807	True	text/csv				
/ocean/projects/med260006p/aguda1/biomedAI/project/data/gait/weargait/CONTROL PARTICIPANTS/CSV files/HC128_TUG.csv	syn61370552	HC128_TUG.csv	syn61980810	True	text/csv				
/ocean/projects/med260006p/aguda1/biomedAI/project/data/gait/weargait/CONTROL PARTICIPANTS/CSV files/HC128_TandemGait.csv	syn61370552	HC128_TandemGait.csv	syn61980808	True	text/csv				
/ocean/projects/med260006p/aguda1/biomedAI/project/data/gait/weargait/CONTROL PARTICIPANTS/CSV files/HC129_Balance.csv	syn61370552	HC129_Balance.csv	syn61980811	True	text/csv				
/ocean/projects/med260006p/aguda1/biomedAI/project/data/gait/weargait/CONTROL PARTICIPANTS/CSV files/HC129_HurriedPace.csv	syn61370552	HC129_HurriedPace.csv	syn61980812	True	text/csv				
/ocean/projects/med260006p/aguda1/biomedAI/project/data/gait/weargait/CONTROL PARTICIPANTS/CSV files/HC129_HurriedPace_mat.csv	syn61370552	HC129_HurriedPace_mat.csv	syn61980813	True	text/csv				
/ocean/projects/med260006p/aguda1/biomedAI/project/data/gait/weargait/CONTROL PARTICIPANTS/CSV files/HC129_SelfPace.csv	syn61370552	HC129_SelfPace.csv	syn61980814	True	text/csv				
/ocean/projects/med260006p/aguda1/biomedAI/project/data/gait/weargait/CONTROL PARTICIPANTS/CSV files/HC129_SelfPace_mat.csv	syn61370552	HC129_SelfPace_mat.csv	syn61980815	True	text/csv				
/ocean/projects/med260006p/aguda1/biomedAI/project/data/gait/weargait/CONTROL PARTICIPANTS/CSV files/HC129_SelfPace_matTURN.csv	syn61370552	HC129_SelfPace_matTURN.csv	syn61980816	True	text/csv				
/ocean/projects/med260006p/aguda1/biomedAI/project/data/gait/weargait/CONTROL PARTICIPANTS/CSV files/HC129_TUG.csv	syn61370552	HC129_TUG.csv	syn61980818	True	text/csv				
/ocean/projects/med260006p/aguda1/biomedAI/project/data/gait/weargait/CONTROL PARTICIPANTS/CSV files/HC129_TandemGait.csv	syn61370552	HC129_TandemGait.csv	syn61980817	True	text/csv				
/ocean/projects/med260006p/aguda1/biomedAI/project/data/gait/weargait/CONTROL PARTICIPANTS/CSV files/HC130_Balance.csv	syn61370552	HC130_Balance.csv	syn61980821	True	text/csv				
/ocean/projects/med260006p/aguda1/biomedAI/project/data/gait/weargait/CONTROL PARTICIPANTS/CSV files/HC130_HurriedPace.csv	syn61370552	HC130_HurriedPace.csv	syn61980822	True	text/csv				
/ocean/projects/med260006p/aguda1/biomedAI/project/data/gait/weargait/CONTROL PARTICIPANTS/CSV files/HC130_HurriedPace_mat.csv	syn61370552	HC130_HurriedPace_mat.csv	syn61980823	True	text/csv				
/ocean/projects/med260006p/aguda1/biomedAI/project/data/gait/weargait/CONTROL PARTICIPANTS/CSV files/HC130_SelfPace.csv	syn61370552	HC130_SelfPace.csv	syn61980824	True	text/csv				
/ocean/projects/med260006p/aguda1/biomedAI/project/data/gait/weargait/CONTROL PARTICIPANTS/CSV files/HC130_SelfPace_mat.csv	syn61370552	HC130_SelfPace_mat.csv	syn61980825	True	text/csv				
/ocean/projects/med260006p/aguda1/biomedAI/project/data/gait/weargait/CONTROL PARTICIPANTS/CSV files/HC130_SelfPace_matTURN.csv	syn61370552	HC130_SelfPace_matTURN.csv	syn61980826	True	text/csv				
/ocean/projects/med260006p/aguda1/biomedAI/project/data/gait/weargait/CONTROL PARTICIPANTS/CSV files/HC130_TUG.csv	syn61370552	HC130_TUG.csv	syn61980828	True	text/csv				
/ocean/projects/med260006p/aguda1/biomedAI/project/data/gait/weargait/CONTROL PARTICIPANTS/CSV files/HC130_TandemGait.csv	syn61370552	HC130_TandemGait.csv	syn61980827	True	text/csv				
/ocean/projects/med260006p/aguda1/biomedAI/project/data/gait/weargait/CONTROL PARTICIPANTS/CSV files/HC132_Balance.csv	syn61370552	HC132_Balance.csv	syn61980829	True	text/csv				
/ocean/projects/med260006p/aguda1/biomedAI/project/data/gait/weargait/CONTROL PARTICIPANTS/CSV files/HC132_HurriedPace.csv	syn61370552	HC132_HurriedPace.csv	syn61980830	True	text/csv				
/ocean/projects/med260006p/aguda1/biomedAI/project/data/gait/weargait/CONTROL PARTICIPANTS/CSV files/HC132_HurriedPace_mat.csv	syn61370552	HC132_HurriedPace_mat.csv	syn61980831	True	text/csv				
/ocean/projects/med260006p/aguda1/biomedAI/project/data/gait/weargait/CONTROL PARTICIPANTS/CSV files/HC132_SelfPace.csv	syn61370552	HC132_SelfPace.csv	syn61980832	True	text/csv				
/ocean/projects/med260006p/aguda1/biomedAI/project/data/gait/weargait/CONTROL PARTICIPANTS/CSV files/HC132_SelfPace_mat.csv	syn61370552	HC132_SelfPace_mat.csv	syn61980833	True	text/csv				
/ocean/projects/med260006p/aguda1/biomedAI/project/data/gait/weargait/CONTROL PARTICIPANTS/CSV files/HC132_SelfPace_matTURN.csv	syn61370552	HC132_SelfPace_matTURN.csv	syn61980834	True	text/csv				
/ocean/projects/med260006p/aguda1/biomedAI/project/data/gait/weargait/CONTROL PARTICIPANTS/CSV files/HC132_TUG.csv	syn61370552	HC132_TUG.csv	syn61980836	True	text/csv				
/ocean/projects/med260006p/aguda1/biomedAI/project/data/gait/weargait/CONTROL PARTICIPANTS/CSV files/HC132_TandemGait.csv	syn61370552	HC132_TandemGait.csv	syn61980835	True	text/csv				
/ocean/projects/med260006p/aguda1/biomedAI/project/data/gait/weargait/CONTROL PARTICIPANTS/CSV files/HC133_Balance.csv	syn61370552	HC133_Balance.csv	syn61980839	True	text/csv				
/ocean/projects/med260006p/aguda1/biomedAI/project/data/gait/weargait/CONTROL PARTICIPANTS/CSV files/HC133_HurriedPace.csv	syn61370552	HC133_HurriedPace.csv	syn61980840	True	text/csv				
/ocean/projects/med260006p/aguda1/biomedAI/project/data/gait/weargait/CONTROL PARTICIPANTS/CSV files/HC133_HurriedPace_mat.csv	syn61370552	HC133_HurriedPace_mat.csv	syn61980841	True	text/csv				
/ocean/projects/med260006p/aguda1/biomedAI/project/data/gait/weargait/CONTROL PARTICIPANTS/CSV files/HC133_SelfPace.csv	syn61370552	HC133_SelfPace.csv	syn61980842	True	text/csv				
/ocean/projects/med260006p/aguda1/biomedAI/project/data/gait/weargait/CONTROL PARTICIPANTS/CSV files/HC133_SelfPace_mat.csv	syn61370552	HC133_SelfPace_mat.csv	syn61980843	True	text/csv				
/ocean/projects/med260006p/aguda1/biomedAI/project/data/gait/weargait/CONTROL PARTICIPANTS/CSV files/HC133_SelfPace_matTURN.csv	syn61370552	HC133_SelfPace_matTURN.csv	syn61980844	True	text/csv				
/ocean/projects/med260006p/aguda1/biomedAI/project/data/gait/weargait/CONTROL PARTICIPANTS/CSV files/HC133_TUG.csv	syn61370552	HC133_TUG.csv	syn61980846	True	text/csv				
/ocean/projects/med260006p/aguda1/biomedAI/project/data/gait/weargait/CONTROL PARTICIPANTS/CSV files/HC133_TandemGait.csv	syn61370552	HC133_TandemGait.csv	syn61980845	True	text/csv				
/ocean/projects/med260006p/aguda1/biomedAI/project/data/gait/weargait/CONTROL PARTICIPANTS/CSV files/HC134_Balance.csv	syn61370552	HC134_Balance.csv	syn61980849	True	text/csv				
/ocean/projects/med260006p/aguda1/biomedAI/project/data/gait/weargait/CONTROL PARTICIPANTS/CSV files/HC134_HurriedPace.csv	syn61370552	HC134_HurriedPace.csv	syn61980850	True	text/csv				
/ocean/projects/med260006p/aguda1/biomedAI/project/data/gait/weargait/CONTROL PARTICIPANTS/CSV files/HC134_HurriedPace_mat.csv	syn61370552	HC134_HurriedPace_mat.csv	syn61980851	True	text/csv				
/ocean/projects/med260006p/aguda1/biomedAI/project/data/gait/weargait/CONTROL PARTICIPANTS/CSV files/HC134_SelfPace.csv	syn61370552	HC134_SelfPace.csv	syn61980852	True	text/csv				
/ocean/projects/med260006p/aguda1/biomedAI/project/data/gait/weargait/CONTROL PARTICIPANTS/CSV files/HC134_SelfPace_mat.csv	syn61370552	HC134_SelfPace_mat.csv	syn61980853	True	text/csv				
/ocean/projects/med260006p/aguda1/biomedAI/project/data/gait/weargait/CONTROL PARTICIPANTS/CSV files/HC134_SelfPace_matTURN.csv	syn61370552	HC134_SelfPace_matTURN.csv	syn61980854	True	text/csv				
/ocean/projects/med260006p/aguda1/biomedAI/project/data/gait/weargait/CONTROL PARTICIPANTS/CSV files/HC134_TUG.csv	syn61370552	HC134_TUG.csv	syn61980856	True	text/csv				
/ocean/projects/med260006p/aguda1/biomedAI/project/data/gait/weargait/CONTROL PARTICIPANTS/CSV files/HC134_TandemGait.csv	syn61370552	HC134_TandemGait.csv	syn61980855	True	text/csv				
/ocean/projects/med260006p/aguda1/biomedAI/project/data/gait/weargait/CONTROL PARTICIPANTS/CSV files/HC135_Balance.csv	syn61370552	HC135_Balance.csv	syn61980858	True	text/csv				
/ocean/projects/med260006p/aguda1/biomedAI/project/data/gait/weargait/CONTROL PARTICIPANTS/CSV files/HC135_HurriedPace.csv	syn61370552	HC135_HurriedPace.csv	syn61980860	True	text/csv				
/ocean/projects/med260006p/aguda1/biomedAI/project/data/gait/weargait/CONTROL PARTICIPANTS/CSV files/HC135_HurriedPace_mat.csv	syn61370552	HC135_HurriedPace_mat.csv	syn61980861	True	text/csv				
/ocean/projects/med260006p/aguda1/biomedAI/project/data/gait/weargait/CONTROL PARTICIPANTS/CSV files/HC135_SelfPace.csv	syn61370552	HC135_SelfPace.csv	syn61980863	True	text/csv				
/ocean/projects/med260006p/aguda1/biomedAI/project/data/gait/weargait/CONTROL PARTICIPANTS/CSV files/HC135_SelfPace_mat.csv	syn61370552	HC135_SelfPace_mat.csv	syn61980865	True	text/csv				
/ocean/projects/med260006p/aguda1/biomedAI/project/data/gait/weargait/CONTROL PARTICIPANTS/CSV files/HC135_SelfPace_matTURN.csv	syn61370552	HC135_SelfPace_matTURN.csv	syn61980868	True	text/csv				
/ocean/projects/med260006p/aguda1/biomedAI/project/data/gait/weargait/CONTROL PARTICIPANTS/CSV files/HC135_TUG.csv	syn61370552	HC135_TUG.csv	syn61980870	True	text/csv				
/ocean/projects/med260006p/aguda1/biomedAI/project/data/gait/weargait/CONTROL PARTICIPANTS/CSV files/HC135_TandemGait.csv	syn61370552	HC135_TandemGait.csv	syn61980869	True	text/csv				
/ocean/projects/med260006p/aguda1/biomedAI/project/data/gait/weargait/CONTROL PARTICIPANTS/CSV files/HC136_Balance.csv	syn61370552	HC136_Balance.csv	syn61980871	True	text/csv				
/ocean/projects/med260006p/aguda1/biomedAI/project/data/gait/weargait/CONTROL PARTICIPANTS/CSV files/HC136_HurriedPace.csv	syn61370552	HC136_HurriedPace.csv	syn61980872	True	text/csv				
/ocean/projects/med260006p/aguda1/biomedAI/project/data/gait/weargait/CONTROL PARTICIPANTS/CSV files/HC136_HurriedPace_mat.csv	syn61370552	HC136_HurriedPace_mat.csv	syn61980873	True	text/csv				
/ocean/projects/med260006p/aguda1/biomedAI/project/data/gait/weargait/CONTROL PARTICIPANTS/CSV files/HC136_SelfPace.csv	syn61370552	HC136_SelfPace.csv	syn61980878	True	text/csv				
/ocean/projects/med260006p/aguda1/biomedAI/project/data/gait/weargait/CONTROL PARTICIPANTS/CSV files/HC136_SelfPace_mat.csv	syn61370552	HC136_SelfPace_mat.csv	syn61980879	True	text/csv				
/ocean/projects/med260006p/aguda1/biomedAI/project/data/gait/weargait/CONTROL PARTICIPANTS/CSV files/HC136_SelfPace_matTURN.csv	syn61370552	HC136_SelfPace_matTURN.csv	syn61980880	True	text/csv				
/ocean/projects/med260006p/aguda1/biomedAI/project/data/gait/weargait/CONTROL PARTICIPANTS/CSV files/HC136_TUG.csv	syn61370552	HC136_TUG.csv	syn61980885	True	text/csv				
/ocean/projects/med260006p/aguda1/biomedAI/project/data/gait/weargait/CONTROL PARTICIPANTS/CSV files/HC136_TandemGait.csv	syn61370552	HC136_TandemGait.csv	syn61980881	True	text/csv				
/ocean/projects/med260006p/aguda1/biomedAI/project/data/gait/weargait/CONTROL PARTICIPANTS/CSV files/HC137_Balance.csv	syn61370552	HC137_Balance.csv	syn61980886	True	text/csv				
/ocean/projects/med260006p/aguda1/biomedAI/project/data/gait/weargait/CONTROL PARTICIPANTS/CSV files/HC137_HurriedPace.csv	syn61370552	HC137_HurriedPace.csv	syn61980889	True	text/csv				
/ocean/projects/med260006p/aguda1/biomedAI/project/data/gait/weargait/CONTROL PARTICIPANTS/CSV files/HC137_HurriedPace_mat.csv	syn61370552	HC137_HurriedPace_mat.csv	syn61980891	True	text/csv				
/ocean/projects/med260006p/aguda1/biomedAI/project/data/gait/weargait/CONTROL PARTICIPANTS/CSV files/HC137_SelfPace.csv	syn61370552	HC137_SelfPace.csv	syn61980892	True	text/csv				
/ocean/projects/med260006p/aguda1/biomedAI/project/data/gait/weargait/CONTROL PARTICIPANTS/CSV files/HC137_SelfPace_mat.csv	syn61370552	HC137_SelfPace_mat.csv	syn61980893	True	text/csv				
/ocean/projects/med260006p/aguda1/biomedAI/project/data/gait/weargait/CONTROL PARTICIPANTS/CSV files/HC137_SelfPace_matTURN.csv	syn61370552	HC137_SelfPace_matTURN.csv	syn61980894	True	text/csv				
/ocean/projects/med260006p/aguda1/biomedAI/project/data/gait/weargait/CONTROL PARTICIPANTS/CSV files/HC137_TUG.csv	syn61370552	HC137_TUG.csv	syn61980898	True	text/csv				
/ocean/projects/med260006p/aguda1/biomedAI/project/data/gait/weargait/CONTROL PARTICIPANTS/CSV files/HC137_TandemGait.csv	syn61370552	HC137_TandemGait.csv	syn61980896	True	text/csv				
/ocean/projects/med260006p/aguda1/biomedAI/project/data/gait/weargait/CONTROL PARTICIPANTS/CSV files/HC138_Balance.csv	syn61370552	HC138_Balance.csv	syn61980899	True	text/csv				
/ocean/projects/med260006p/aguda1/biomedAI/project/data/gait/weargait/CONTROL PARTICIPANTS/CSV files/HC138_HurriedPace.csv	syn61370552	HC138_HurriedPace.csv	syn61980900	True	text/csv				
/ocean/projects/med260006p/aguda1/biomedAI/project/data/gait/weargait/CONTROL PARTICIPANTS/CSV files/HC138_HurriedPace_mat.csv	syn61370552	HC138_HurriedPace_mat.csv	syn61980901	True	text/csv				
/ocean/projects/med260006p/aguda1/biomedAI/project/data/gait/weargait/CONTROL PARTICIPANTS/CSV files/HC138_SelfPace.csv	syn61370552	HC138_SelfPace.csv	syn61980902	True	text/csv				
/ocean/projects/med260006p/aguda1/biomedAI/project/data/gait/weargait/CONTROL PARTICIPANTS/CSV files/HC138_SelfPace_mat.csv	syn61370552	HC138_SelfPace_mat.csv	syn61980903	True	text/csv				
/ocean/projects/med260006p/aguda1/biomedAI/project/data/gait/weargait/CONTROL PARTICIPANTS/CSV files/HC138_SelfPace_matTURN.csv	syn61370552	HC138_SelfPace_matTURN.csv	syn61980904	True	text/csv				
/ocean/projects/med260006p/aguda1/biomedAI/project/data/gait/weargait/CONTROL PARTICIPANTS/CSV files/HC138_TUG.csv	syn61370552	HC138_TUG.csv	syn61980906	True	text/csv				
/ocean/projects/med260006p/aguda1/biomedAI/project/data/gait/weargait/CONTROL PARTICIPANTS/CSV files/HC138_TandemGait.csv	syn61370552	HC138_TandemGait.csv	syn61980905	True	text/csv				
/ocean/projects/med260006p/aguda1/biomedAI/project/data/gait/weargait/CONTROL PARTICIPANTS/CSV files/HC139_Balance.csv	syn61370552	HC139_Balance.csv	syn61980907	True	text/csv				
/ocean/projects/med260006p/aguda1/biomedAI/project/data/gait/weargait/CONTROL PARTICIPANTS/CSV files/HC139_HurriedPace.csv	syn61370552	HC139_HurriedPace.csv	syn61980908	True	text/csv				
/ocean/projects/med260006p/aguda1/biomedAI/project/data/gait/weargait/CONTROL PARTICIPANTS/CSV files/HC139_HurriedPace_mat.csv	syn61370552	HC139_HurriedPace_mat.csv	syn61980909	True	text/csv				
/ocean/projects/med260006p/aguda1/biomedAI/project/data/gait/weargait/CONTROL PARTICIPANTS/CSV files/HC139_SelfPace.csv	syn61370552	HC139_SelfPace.csv	syn61980910	True	text/csv				
/ocean/projects/med260006p/aguda1/biomedAI/project/data/gait/weargait/CONTROL PARTICIPANTS/CSV files/HC139_SelfPace_mat.csv	syn61370552	HC139_SelfPace_mat.csv	syn61980911	True	text/csv				
/ocean/projects/med260006p/aguda1/biomedAI/project/data/gait/weargait/CONTROL PARTICIPANTS/CSV files/HC139_SelfPace_matTURN.csv	syn61370552	HC139_SelfPace_matTURN.csv	syn61980914	True	text/csv				
/ocean/projects/med260006p/aguda1/biomedAI/project/data/gait/weargait/CONTROL PARTICIPANTS/CSV files/HC139_TUG.csv	syn61370552	HC139_TUG.csv	syn61980919	True	text/csv				
/ocean/projects/med260006p/aguda1/biomedAI/project/data/gait/weargait/CONTROL PARTICIPANTS/CSV files/HC139_TandemGait.csv	syn61370552	HC139_TandemGait.csv	syn61980915	True	text/csv				
/ocean/projects/med260006p/aguda1/biomedAI/project/data/gait/weargait/CONTROL PARTICIPANTS/CSV files/HC140_Balance.csv	syn61370552	HC140_Balance.csv	syn61980920	True	text/csv				
/ocean/projects/med260006p/aguda1/biomedAI/project/data/gait/weargait/CONTROL PARTICIPANTS/CSV files/HC140_HurriedPace.csv	syn61370552	HC140_HurriedPace.csv	syn61980921	True	text/csv				
/ocean/projects/med260006p/aguda1/biomedAI/project/data/gait/weargait/CONTROL PARTICIPANTS/CSV files/HC140_HurriedPace_mat.csv	syn61370552	HC140_HurriedPace_mat.csv	syn61980922	True	text/csv				
/ocean/projects/med260006p/aguda1/biomedAI/project/data/gait/weargait/CONTROL PARTICIPANTS/CSV files/HC140_SelfPace.csv	syn61370552	HC140_SelfPace.csv	syn61980923	True	text/csv				
/ocean/projects/med260006p/aguda1/biomedAI/project/data/gait/weargait/CONTROL PARTICIPANTS/CSV files/HC140_SelfPace_mat.csv	syn61370552	HC140_SelfPace_mat.csv	syn61980924	True	text/csv				
/ocean/projects/med260006p/aguda1/biomedAI/project/data/gait/weargait/CONTROL PARTICIPANTS/CSV files/HC140_SelfPace_matTURN.csv	syn61370552	HC140_SelfPace_matTURN.csv	syn61980928	True	text/csv				
/ocean/projects/med260006p/aguda1/biomedAI/project/data/gait/weargait/CONTROL PARTICIPANTS/CSV files/HC140_TUG.csv	syn61370552	HC140_TUG.csv	syn61980933	True	text/csv				
/ocean/projects/med260006p/aguda1/biomedAI/project/data/gait/weargait/CONTROL PARTICIPANTS/CSV files/HC140_TandemGait.csv	syn61370552	HC140_TandemGait.csv	syn61980930	True	text/csv				
/ocean/projects/med260006p/aguda1/biomedAI/project/data/gait/weargait/CONTROL PARTICIPANTS/CSV files/HC141_Balance.csv	syn61370552	HC141_Balance.csv	syn61980936	True	text/csv				
/ocean/projects/med260006p/aguda1/biomedAI/project/data/gait/weargait/CONTROL PARTICIPANTS/CSV files/HC141_HurriedPace.csv	syn61370552	HC141_HurriedPace.csv	syn61980937	True	text/csv				
/ocean/projects/med260006p/aguda1/biomedAI/project/data/gait/weargait/CONTROL PARTICIPANTS/CSV files/HC141_HurriedPace_mat.csv	syn61370552	HC141_HurriedPace_mat.csv	syn61980938	True	text/csv				
/ocean/projects/med260006p/aguda1/biomedAI/project/data/gait/weargait/CONTROL PARTICIPANTS/CSV files/HC141_SelfPace.csv	syn61370552	HC141_SelfPace.csv	syn61980939	True	text/csv				
/ocean/projects/med260006p/aguda1/biomedAI/project/data/gait/weargait/CONTROL PARTICIPANTS/CSV files/HC141_SelfPace_mat.csv	syn61370552	HC141_SelfPace_mat.csv	syn61980944	True	text/csv				
/ocean/projects/med260006p/aguda1/biomedAI/project/data/gait/weargait/CONTROL PARTICIPANTS/CSV files/HC141_SelfPace_matTURN.csv	syn61370552	HC141_SelfPace_matTURN.csv	syn61980945	True	text/csv				
/ocean/projects/med260006p/aguda1/biomedAI/project/data/gait/weargait/CONTROL PARTICIPANTS/CSV files/HC141_TUG.csv	syn61370552	HC141_TUG.csv	syn61980950	True	text/csv				
/ocean/projects/med260006p/aguda1/biomedAI/project/data/gait/weargait/CONTROL PARTICIPANTS/CSV files/HC141_TandemGait.csv	syn61370552	HC141_TandemGait.csv	syn61980949	True	text/csv				
/ocean/projects/med260006p/aguda1/biomedAI/project/data/gait/weargait/CONTROL PARTICIPANTS/CSV files/HC142_Balance.csv	syn61370552	HC142_Balance.csv	syn61980953	True	text/csv				
/ocean/projects/med260006p/aguda1/biomedAI/project/data/gait/weargait/CONTROL PARTICIPANTS/CSV files/HC142_HurriedPace.csv	syn61370552	HC142_HurriedPace.csv	syn61980954	True	text/csv				
/ocean/projects/med260006p/aguda1/biomedAI/project/data/gait/weargait/CONTROL PARTICIPANTS/CSV files/HC142_HurriedPace_mat.csv	syn61370552	HC142_HurriedPace_mat.csv	syn61980955	True	text/csv				
/ocean/projects/med260006p/aguda1/biomedAI/project/data/gait/weargait/CONTROL PARTICIPANTS/CSV files/HC142_SelfPace.csv	syn61370552	HC142_SelfPace.csv	syn61980958	True	text/csv				
/ocean/projects/med260006p/aguda1/biomedAI/project/data/gait/weargait/CONTROL PARTICIPANTS/CSV files/HC142_SelfPace_mat.csv	syn61370552	HC142_SelfPace_mat.csv	syn61980959	True	text/csv				
/ocean/projects/med260006p/aguda1/biomedAI/project/data/gait/weargait/CONTROL PARTICIPANTS/CSV files/HC142_SelfPace_matTURN.csv	syn61370552	HC142_SelfPace_matTURN.csv	syn61980961	True	text/csv				
/ocean/projects/med260006p/aguda1/biomedAI/project/data/gait/weargait/CONTROL PARTICIPANTS/CSV files/HC142_TUG.csv	syn61370552	HC142_TUG.csv	syn61980968	True	text/csv				
/ocean/projects/med260006p/aguda1/biomedAI/project/data/gait/weargait/CONTROL PARTICIPANTS/CSV files/HC142_TandemGait.csv	syn61370552	HC142_TandemGait.csv	syn61980966	True	text/csv				
/ocean/projects/med260006p/aguda1/biomedAI/project/data/gait/weargait/CONTROL PARTICIPANTS/CSV files/HC143_Balance.csv	syn61370552	HC143_Balance.csv	syn61980969	True	text/csv				
/ocean/projects/med260006p/aguda1/biomedAI/project/data/gait/weargait/CONTROL PARTICIPANTS/CSV files/HC143_HurriedPace.csv	syn61370552	HC143_HurriedPace.csv	syn61980970	True	text/csv				
/ocean/projects/med260006p/aguda1/biomedAI/project/data/gait/weargait/CONTROL PARTICIPANTS/CSV files/HC143_HurriedPace_mat.csv	syn61370552	HC143_HurriedPace_mat.csv	syn61980971	True	text/csv				
/ocean/projects/med260006p/aguda1/biomedAI/project/data/gait/weargait/CONTROL PARTICIPANTS/CSV files/HC143_SelfPace.csv	syn61370552	HC143_SelfPace.csv	syn61980974	True	text/csv				
/ocean/projects/med260006p/aguda1/biomedAI/project/data/gait/weargait/CONTROL PARTICIPANTS/CSV files/HC143_SelfPace_mat.csv	syn61370552	HC143_SelfPace_mat.csv	syn61980975	True	text/csv				
/ocean/projects/med260006p/aguda1/biomedAI/project/data/gait/weargait/CONTROL PARTICIPANTS/CSV files/HC143_SelfPace_matTURN.csv	syn61370552	HC143_SelfPace_matTURN.csv	syn61980976	True	text/csv				
/ocean/projects/med260006p/aguda1/biomedAI/project/data/gait/weargait/CONTROL PARTICIPANTS/CSV files/HC143_TUG.csv	syn61370552	HC143_TUG.csv	syn61980978	True	text/csv				
/ocean/projects/med260006p/aguda1/biomedAI/project/data/gait/weargait/CONTROL PARTICIPANTS/CSV files/HC143_TandemGait.csv	syn61370552	HC143_TandemGait.csv	syn61980977	True	text/csv				
/ocean/projects/med260006p/aguda1/biomedAI/project/data/gait/weargait/CONTROL PARTICIPANTS/CSV files/HC144_Balance.csv	syn61370552	HC144_Balance.csv	syn61980981	True	text/csv				
/ocean/projects/med260006p/aguda1/biomedAI/project/data/gait/weargait/CONTROL PARTICIPANTS/CSV files/HC144_HurriedPace.csv	syn61370552	HC144_HurriedPace.csv	syn61980983	True	text/csv				
/ocean/projects/med260006p/aguda1/biomedAI/project/data/gait/weargait/CONTROL PARTICIPANTS/CSV files/HC144_HurriedPace_mat.csv	syn61370552	HC144_HurriedPace_mat.csv	syn61980984	True	text/csv				
/ocean/projects/med260006p/aguda1/biomedAI/project/data/gait/weargait/CONTROL PARTICIPANTS/CSV files/HC144_SelfPace.csv	syn61370552	HC144_SelfPace.csv	syn61980985	True	text/csv				
/ocean/projects/med260006p/aguda1/biomedAI/project/data/gait/weargait/CONTROL PARTICIPANTS/CSV files/HC144_SelfPace_mat.csv	syn61370552	HC144_SelfPace_mat.csv	syn61980986	True	text/csv				
/ocean/projects/med260006p/aguda1/biomedAI/project/data/gait/weargait/CONTROL PARTICIPANTS/CSV files/HC144_SelfPace_matTURN.csv	syn61370552	HC144_SelfPace_matTURN.csv	syn61980987	True	text/csv				
/ocean/projects/med260006p/aguda1/biomedAI/project/data/gait/weargait/CONTROL PARTICIPANTS/CSV files/HC144_TUG.csv	syn61370552	HC144_TUG.csv	syn61980991	True	text/csv				
/ocean/projects/med260006p/aguda1/biomedAI/project/data/gait/weargait/CONTROL PARTICIPANTS/CSV files/HC144_TandemGait.csv	syn61370552	HC144_TandemGait.csv	syn61980990	True	text/csv				
/ocean/projects/med260006p/aguda1/biomedAI/project/data/gait/weargait/CONTROL PARTICIPANTS/CSV files/HC145_Balance.csv	syn61370552	HC145_Balance.csv	syn61980992	True	text/csv				
/ocean/projects/med260006p/aguda1/biomedAI/project/data/gait/weargait/CONTROL PARTICIPANTS/CSV files/HC145_HurriedPace.csv	syn61370552	HC145_HurriedPace.csv	syn61980993	True	text/csv				
/ocean/projects/med260006p/aguda1/biomedAI/project/data/gait/weargait/CONTROL PARTICIPANTS/CSV files/HC145_HurriedPace_mat.csv	syn61370552	HC145_HurriedPace_mat.csv	syn61980994	True	text/csv				
/ocean/projects/med260006p/aguda1/biomedAI/project/data/gait/weargait/CONTROL PARTICIPANTS/CSV files/HC145_SelfPace.csv	syn61370552	HC145_SelfPace.csv	syn61980995	True	text/csv				
/ocean/projects/med260006p/aguda1/biomedAI/project/data/gait/weargait/CONTROL PARTICIPANTS/CSV files/HC145_SelfPace_mat.csv	syn61370552	HC145_SelfPace_mat.csv	syn61980996	True	text/csv				
/ocean/projects/med260006p/aguda1/biomedAI/project/data/gait/weargait/CONTROL PARTICIPANTS/CSV files/HC145_SelfPace_matTURN.csv	syn61370552	HC145_SelfPace_matTURN.csv	syn61980997	True	text/csv				
/ocean/projects/med260006p/aguda1/biomedAI/project/data/gait/weargait/CONTROL PARTICIPANTS/CSV files/HC145_TUG.csv	syn61370552	HC145_TUG.csv	syn61980999	True	text/csv				
/ocean/projects/med260006p/aguda1/biomedAI/project/data/gait/weargait/CONTROL PARTICIPANTS/CSV files/HC145_TandemGait.csv	syn61370552	HC145_TandemGait.csv	syn61980998	True	text/csv				
/ocean/projects/med260006p/aguda1/biomedAI/project/data/gait/weargait/CONTROL PARTICIPANTS/CSV files/HC147_Balance.csv	syn61370552	HC147_Balance.csv	syn61981000	True	text/csv				
/ocean/projects/med260006p/aguda1/biomedAI/project/data/gait/weargait/CONTROL PARTICIPANTS/CSV files/HC147_HurriedPace.csv	syn61370552	HC147_HurriedPace.csv	syn61981001	True	text/csv				
/ocean/projects/med260006p/aguda1/biomedAI/project/data/gait/weargait/CONTROL PARTICIPANTS/CSV files/HC147_HurriedPace_mat.csv	syn61370552	HC147_HurriedPace_mat.csv	syn61981002	True	text/csv				
/ocean/projects/med260006p/aguda1/biomedAI/project/data/gait/weargait/CONTROL PARTICIPANTS/CSV files/HC147_SelfPace.csv	syn61370552	HC147_SelfPace.csv	syn61981003	True	text/csv				
/ocean/projects/med260006p/aguda1/biomedAI/project/data/gait/weargait/CONTROL PARTICIPANTS/CSV files/HC147_SelfPace_mat.csv	syn61370552	HC147_SelfPace_mat.csv	syn61981004	True	text/csv				
/ocean/projects/med260006p/aguda1/biomedAI/project/data/gait/weargait/CONTROL PARTICIPANTS/CSV files/HC147_SelfPace_matTURN.csv	syn61370552	HC147_SelfPace_matTURN.csv	syn61981005	True	text/csv				
/ocean/projects/med260006p/aguda1/biomedAI/project/data/gait/weargait/CONTROL PARTICIPANTS/CSV files/HC147_TUG.csv	syn61370552	HC147_TUG.csv	syn61981007	True	text/csv				
/ocean/projects/med260006p/aguda1/biomedAI/project/data/gait/weargait/CONTROL PARTICIPANTS/CSV files/HC147_TandemGait.csv	syn61370552	HC147_TandemGait.csv	syn61981006	True	text/csv				
/ocean/projects/med260006p/aguda1/biomedAI/project/data/gait/weargait/CONTROL PARTICIPANTS/CSV files/HC148_Balance.csv	syn61370552	HC148_Balance.csv	syn61981008	True	text/csv				
/ocean/projects/med260006p/aguda1/biomedAI/project/data/gait/weargait/CONTROL PARTICIPANTS/CSV files/HC148_HurriedPace.csv	syn61370552	HC148_HurriedPace.csv	syn61981009	True	text/csv				
/ocean/projects/med260006p/aguda1/biomedAI/project/data/gait/weargait/CONTROL PARTICIPANTS/CSV files/HC148_HurriedPace_mat.csv	syn61370552	HC148_HurriedPace_mat.csv	syn61981012	True	text/csv				
/ocean/projects/med260006p/aguda1/biomedAI/project/data/gait/weargait/CONTROL PARTICIPANTS/CSV files/HC148_SelfPace.csv	syn61370552	HC148_SelfPace.csv	syn61981013	True	text/csv				
/ocean/projects/med260006p/aguda1/biomedAI/project/data/gait/weargait/CONTROL PARTICIPANTS/CSV files/HC148_SelfPace_mat.csv	syn61370552	HC148_SelfPace_mat.csv	syn61981014	True	text/csv				
/ocean/projects/med260006p/aguda1/biomedAI/project/data/gait/weargait/CONTROL PARTICIPANTS/CSV files/HC148_SelfPace_matTURN.csv	syn61370552	HC148_SelfPace_matTURN.csv	syn61981015	True	text/csv				
/ocean/projects/med260006p/aguda1/biomedAI/project/data/gait/weargait/CONTROL PARTICIPANTS/CSV files/HC148_TUG.csv	syn61370552	HC148_TUG.csv	syn61981017	True	text/csv				
/ocean/projects/med260006p/aguda1/biomedAI/project/data/gait/weargait/CONTROL PARTICIPANTS/CSV files/HC148_TandemGait.csv	syn61370552	HC148_TandemGait.csv	syn61981016	True	text/csv				
/ocean/projects/med260006p/aguda1/biomedAI/project/data/gait/weargait/CONTROL PARTICIPANTS/CSV files/HC149_Balance.csv	syn61370552	HC149_Balance.csv	syn61981018	True	text/csv				
/ocean/projects/med260006p/aguda1/biomedAI/project/data/gait/weargait/CONTROL PARTICIPANTS/CSV files/HC149_HurriedPace.csv	syn61370552	HC149_HurriedPace.csv	syn61981019	True	text/csv				
/ocean/projects/med260006p/aguda1/biomedAI/project/data/gait/weargait/CONTROL PARTICIPANTS/CSV files/HC149_HurriedPace_mat.csv	syn61370552	HC149_HurriedPace_mat.csv	syn61981020	True	text/csv				
/ocean/projects/med260006p/aguda1/biomedAI/project/data/gait/weargait/CONTROL PARTICIPANTS/CSV files/HC149_SelfPace.csv	syn61370552	HC149_SelfPace.csv	syn61981021	True	text/csv				
/ocean/projects/med260006p/aguda1/biomedAI/project/data/gait/weargait/CONTROL PARTICIPANTS/CSV files/HC149_SelfPace_mat.csv	syn61370552	HC149_SelfPace_mat.csv	syn61981022	True	text/csv				
/ocean/projects/med260006p/aguda1/biomedAI/project/data/gait/weargait/CONTROL PARTICIPANTS/CSV files/HC149_SelfPace_matTURN.csv	syn61370552	HC149_SelfPace_matTURN.csv	syn61981023	True	text/csv				
/ocean/projects/med260006p/aguda1/biomedAI/project/data/gait/weargait/CONTROL PARTICIPANTS/CSV files/HC149_TUG.csv	syn61370552	HC149_TUG.csv	syn61981027	True	text/csv				
/ocean/projects/med260006p/aguda1/biomedAI/project/data/gait/weargait/CONTROL PARTICIPANTS/CSV files/HC149_TandemGait.csv	syn61370552	HC149_TandemGait.csv	syn61981024	True	text/csv				
/ocean/projects/med260006p/aguda1/biomedAI/project/data/gait/weargait/CONTROL PARTICIPANTS/CSV files/HC150_Balance.csv	syn61370552	HC150_Balance.csv	syn61981032	True	text/csv				
/ocean/projects/med260006p/aguda1/biomedAI/project/data/gait/weargait/CONTROL PARTICIPANTS/CSV files/HC150_HurriedPace.csv	syn61370552	HC150_HurriedPace.csv	syn61981033	True	text/csv				
/ocean/projects/med260006p/aguda1/biomedAI/project/data/gait/weargait/CONTROL PARTICIPANTS/CSV files/HC150_HurriedPace_mat.csv	syn61370552	HC150_HurriedPace_mat.csv	syn61981034	True	text/csv				
/ocean/projects/med260006p/aguda1/biomedAI/project/data/gait/weargait/CONTROL PARTICIPANTS/CSV files/HC150_SelfPace.csv	syn61370552	HC150_SelfPace.csv	syn61981035	True	text/csv				
/ocean/projects/med260006p/aguda1/biomedAI/project/data/gait/weargait/CONTROL PARTICIPANTS/CSV files/HC150_SelfPace_mat.csv	syn61370552	HC150_SelfPace_mat.csv	syn61981037	True	text/csv				
/ocean/projects/med260006p/aguda1/biomedAI/project/data/gait/weargait/CONTROL PARTICIPANTS/CSV files/HC150_SelfPace_matTURN.csv	syn61370552	HC150_SelfPace_matTURN.csv	syn61981039	True	text/csv				
/ocean/projects/med260006p/aguda1/biomedAI/project/data/gait/weargait/CONTROL PARTICIPANTS/CSV files/HC150_TUG.csv	syn61370552	HC150_TUG.csv	syn61981041	True	text/csv				
/ocean/projects/med260006p/aguda1/biomedAI/project/data/gait/weargait/CONTROL PARTICIPANTS/CSV files/HC150_TandemGait.csv	syn61370552	HC150_TandemGait.csv	syn61981040	True	text/csv				
/ocean/projects/med260006p/aguda1/biomedAI/project/data/gait/weargait/CONTROL PARTICIPANTS/CSV files/HC151_Balance.csv	syn61370552	HC151_Balance.csv	syn61981042	True	text/csv				
/ocean/projects/med260006p/aguda1/biomedAI/project/data/gait/weargait/CONTROL PARTICIPANTS/CSV files/HC151_HurriedPace.csv	syn61370552	HC151_HurriedPace.csv	syn61981043	True	text/csv				
/ocean/projects/med260006p/aguda1/biomedAI/project/data/gait/weargait/CONTROL PARTICIPANTS/CSV files/HC151_HurriedPace_mat.csv	syn61370552	HC151_HurriedPace_mat.csv	syn61981044	True	text/csv				
/ocean/projects/med260006p/aguda1/biomedAI/project/data/gait/weargait/CONTROL PARTICIPANTS/CSV files/HC151_SelfPace.csv	syn61370552	HC151_SelfPace.csv	syn61981045	True	text/csv				
/ocean/projects/med260006p/aguda1/biomedAI/project/data/gait/weargait/CONTROL PARTICIPANTS/CSV files/HC151_SelfPace_mat.csv	syn61370552	HC151_SelfPace_mat.csv	syn61981046	True	text/csv				
/ocean/projects/med260006p/aguda1/biomedAI/project/data/gait/weargait/CONTROL PARTICIPANTS/CSV files/HC151_SelfPace_matTURN.csv	syn61370552	HC151_SelfPace_matTURN.csv	syn61981047	True	text/csv				
/ocean/projects/med260006p/aguda1/biomedAI/project/data/gait/weargait/CONTROL PARTICIPANTS/CSV files/HC151_TUG.csv	syn61370552	HC151_TUG.csv	syn61981049	True	text/csv				
/ocean/projects/med260006p/aguda1/biomedAI/project/data/gait/weargait/CONTROL PARTICIPANTS/CSV files/HC151_TandemGait.csv	syn61370552	HC151_TandemGait.csv	syn61981048	True	text/csv				
/ocean/projects/med260006p/aguda1/biomedAI/project/data/gait/weargait/CONTROL PARTICIPANTS/CSV files/HC153_Balance.csv	syn61370552	HC153_Balance.csv	syn61981050	True	text/csv				
/ocean/projects/med260006p/aguda1/biomedAI/project/data/gait/weargait/CONTROL PARTICIPANTS/CSV files/HC153_HurriedPace.csv	syn61370552	HC153_HurriedPace.csv	syn61981051	True	text/csv				
/ocean/projects/med260006p/aguda1/biomedAI/project/data/gait/weargait/CONTROL PARTICIPANTS/CSV files/HC153_HurriedPace_mat.csv	syn61370552	HC153_HurriedPace_mat.csv	syn61981052	True	text/csv				
/ocean/projects/med260006p/aguda1/biomedAI/project/data/gait/weargait/CONTROL PARTICIPANTS/CSV files/HC153_SelfPace.csv	syn61370552	HC153_SelfPace.csv	syn61981053	True	text/csv				
/ocean/projects/med260006p/aguda1/biomedAI/project/data/gait/weargait/CONTROL PARTICIPANTS/CSV files/HC153_SelfPace_mat.csv	syn61370552	HC153_SelfPace_mat.csv	syn61981054	True	text/csv				
/ocean/projects/med260006p/aguda1/biomedAI/project/data/gait/weargait/CONTROL PARTICIPANTS/CSV files/HC153_SelfPace_matTURN.csv	syn61370552	HC153_SelfPace_matTURN.csv	syn61981055	True	text/csv				
/ocean/projects/med260006p/aguda1/biomedAI/project/data/gait/weargait/CONTROL PARTICIPANTS/CSV files/HC153_TUG.csv	syn61370552	HC153_TUG.csv	syn61981057	True	text/csv				
/ocean/projects/med260006p/aguda1/biomedAI/project/data/gait/weargait/CONTROL PARTICIPANTS/CSV files/HC153_TandemGait.csv	syn61370552	HC153_TandemGait.csv	syn61981056	True	text/csv				
/ocean/projects/med260006p/aguda1/biomedAI/project/data/gait/weargait/CONTROL PARTICIPANTS/CSV files/HC154_Balance.csv	syn61370552	HC154_Balance.csv	syn61981058	True	text/csv				
/ocean/projects/med260006p/aguda1/biomedAI/project/data/gait/weargait/CONTROL PARTICIPANTS/CSV files/HC154_HurriedPace.csv	syn61370552	HC154_HurriedPace.csv	syn61981059	True	text/csv				
/ocean/projects/med260006p/aguda1/biomedAI/project/data/gait/weargait/CONTROL PARTICIPANTS/CSV files/HC154_HurriedPace_mat.csv	syn61370552	HC154_HurriedPace_mat.csv	syn61981060	True	text/csv				
/ocean/projects/med260006p/aguda1/biomedAI/project/data/gait/weargait/CONTROL PARTICIPANTS/CSV files/HC154_SelfPace.csv	syn61370552	HC154_SelfPace.csv	syn61981061	True	text/csv				
/ocean/projects/med260006p/aguda1/biomedAI/project/data/gait/weargait/CONTROL PARTICIPANTS/CSV files/HC154_SelfPace_mat.csv	syn61370552	HC154_SelfPace_mat.csv	syn61981063	True	text/csv				
/ocean/projects/med260006p/aguda1/biomedAI/project/data/gait/weargait/CONTROL PARTICIPANTS/CSV files/HC154_SelfPace_matTURN.csv	syn61370552	HC154_SelfPace_matTURN.csv	syn61981065	True	text/csv				
/ocean/projects/med260006p/aguda1/biomedAI/project/data/gait/weargait/CONTROL PARTICIPANTS/CSV files/HC154_TUG.csv	syn61370552	HC154_TUG.csv	syn61981067	True	text/csv				
/ocean/projects/med260006p/aguda1/biomedAI/project/data/gait/weargait/CONTROL PARTICIPANTS/CSV files/HC154_TandemGait.csv	syn61370552	HC154_TandemGait.csv	syn61981066	True	text/csv				
/ocean/projects/med260006p/aguda1/biomedAI/project/data/gait/weargait/CONTROL PARTICIPANTS/CSV files/NLS145 (control)_Balance.csv	syn61370552	NLS145 (control)_Balance.csv	syn66528482	True	text/csv				
/ocean/projects/med260006p/aguda1/biomedAI/project/data/gait/weargait/CONTROL PARTICIPANTS/CSV files/NLS145 (control)_HurriedPace.csv	syn61370552	NLS145 (control)_HurriedPace.csv	syn66528479	True	text/csv				
/ocean/projects/med260006p/aguda1/biomedAI/project/data/gait/weargait/CONTROL PARTICIPANTS/CSV files/NLS145 (control)_HurriedPace_mat.csv	syn61370552	NLS145 (control)_HurriedPace_mat.csv	syn66528475	True	text/csv				
/ocean/projects/med260006p/aguda1/biomedAI/project/data/gait/weargait/CONTROL PARTICIPANTS/CSV files/NLS145 (control)_SelfPace.csv	syn61370552	NLS145 (control)_SelfPace.csv	syn66528477	True	text/csv				
/ocean/projects/med260006p/aguda1/biomedAI/project/data/gait/weargait/CONTROL PARTICIPANTS/CSV files/NLS145 (control)_SelfPace_mat.csv	syn61370552	NLS145 (control)_SelfPace_mat.csv	syn66528476	True	text/csv				
/ocean/projects/med260006p/aguda1/biomedAI/project/data/gait/weargait/CONTROL PARTICIPANTS/CSV files/NLS145 (control)_SelfPace_matTURN.csv	syn61370552	NLS145 (control)_SelfPace_matTURN.csv	syn66528478	True	text/csv				
/ocean/projects/med260006p/aguda1/biomedAI/project/data/gait/weargait/CONTROL PARTICIPANTS/CSV files/NLS145 (control)_TUG.csv	syn61370552	NLS145 (control)_TUG.csv	syn66528481	True	text/csv				
/ocean/projects/med260006p/aguda1/biomedAI/project/data/gait/weargait/CONTROL PARTICIPANTS/CSV files/NLS145 (control)_TandemGait.csv	syn61370552	NLS145 (control)_TandemGait.csv	syn66528480	True	text/csv				
/ocean/projects/med260006p/aguda1/biomedAI/project/data/gait/weargait/CONTROL PARTICIPANTS/CSV files/NLS193 (control)_Balance.csv	syn61370552	NLS193 (control)_Balance.csv	syn66528483	True	text/csv				
/ocean/projects/med260006p/aguda1/biomedAI/project/data/gait/weargait/CONTROL PARTICIPANTS/CSV files/NLS193 (control)_HurriedPace.csv	syn61370552	NLS193 (control)_HurriedPace.csv	syn66528484	True	text/csv				
/ocean/projects/med260006p/aguda1/biomedAI/project/data/gait/weargait/CONTROL PARTICIPANTS/CSV files/NLS193 (control)_HurriedPace_mat.csv	syn61370552	NLS193 (control)_HurriedPace_mat.csv	syn66528485	True	text/csv				
/ocean/projects/med260006p/aguda1/biomedAI/project/data/gait/weargait/CONTROL PARTICIPANTS/CSV files/NLS193 (control)_SelfPace.csv	syn61370552	NLS193 (control)_SelfPace.csv	syn66528486	True	text/csv				
/ocean/projects/med260006p/aguda1/biomedAI/project/data/gait/weargait/CONTROL PARTICIPANTS/CSV files/NLS193 (control)_SelfPace_mat.csv	syn61370552	NLS193 (control)_SelfPace_mat.csv	syn66528487	True	text/csv				
/ocean/projects/med260006p/aguda1/biomedAI/project/data/gait/weargait/CONTROL PARTICIPANTS/CSV files/NLS193 (control)_SelfPace_matTURN.csv	syn61370552	NLS193 (control)_SelfPace_matTURN.csv	syn66528488	True	text/csv				
/ocean/projects/med260006p/aguda1/biomedAI/project/data/gait/weargait/CONTROL PARTICIPANTS/CSV files/NLS193 (control)_TUG.csv	syn61370552	NLS193 (control)_TUG.csv	syn66528490	True	text/csv				
/ocean/projects/med260006p/aguda1/biomedAI/project/data/gait/weargait/CONTROL PARTICIPANTS/CSV files/NLS193 (control)_TandemGait.csv	syn61370552	NLS193 (control)_TandemGait.csv	syn66528489	True	text/csv				
/ocean/projects/med260006p/aguda1/biomedAI/project/data/gait/weargait/CONTROL PARTICIPANTS/CSV files/NLS207 (control)_Balance.csv	syn61370552	NLS207 (control)_Balance.csv	syn66528492	True	text/csv				
/ocean/projects/med260006p/aguda1/biomedAI/project/data/gait/weargait/CONTROL PARTICIPANTS/CSV files/NLS207 (control)_HurriedPace.csv	syn61370552	NLS207 (control)_HurriedPace.csv	syn66528491	True	text/csv				
/ocean/projects/med260006p/aguda1/biomedAI/project/data/gait/weargait/CONTROL PARTICIPANTS/CSV files/NLS207 (control)_HurriedPace_mat.csv	syn61370552	NLS207 (control)_HurriedPace_mat.csv	syn66528493	True	text/csv				
/ocean/projects/med260006p/aguda1/biomedAI/project/data/gait/weargait/CONTROL PARTICIPANTS/CSV files/NLS207 (control)_SelfPace.csv	syn61370552	NLS207 (control)_SelfPace.csv	syn66528495	True	text/csv				
/ocean/projects/med260006p/aguda1/biomedAI/project/data/gait/weargait/CONTROL PARTICIPANTS/CSV files/NLS207 (control)_SelfPace_mat.csv	syn61370552	NLS207 (control)_SelfPace_mat.csv	syn66528494	True	text/csv				
/ocean/projects/med260006p/aguda1/biomedAI/project/data/gait/weargait/CONTROL PARTICIPANTS/CSV files/NLS207 (control)_SelfPace_matTURN.csv	syn61370552	NLS207 (control)_SelfPace_matTURN.csv	syn66528496	True	text/csv				
/ocean/projects/med260006p/aguda1/biomedAI/project/data/gait/weargait/CONTROL PARTICIPANTS/CSV files/NLS207 (control)_TUG.csv	syn61370552	NLS207 (control)_TUG.csv	syn66528497	True	text/csv				
/ocean/projects/med260006p/aguda1/biomedAI/project/data/gait/weargait/CONTROL PARTICIPANTS/CSV files/NLS207 (control)_TandemGait.csv	syn61370552	NLS207 (control)_TandemGait.csv	syn66528498	True	text/csv				
/ocean/projects/med260006p/aguda1/biomedAI/project/data/gait/weargait/CONTROL PARTICIPANTS/CSV files/WHC001_Balance.csv	syn61370552	WHC001_Balance.csv	syn61498753	True	text/csv				
/ocean/projects/med260006p/aguda1/biomedAI/project/data/gait/weargait/CONTROL PARTICIPANTS/CSV files/WHC001_HurriedPace.csv	syn61370552	WHC001_HurriedPace.csv	syn61498755	True	text/csv				
/ocean/projects/med260006p/aguda1/biomedAI/project/data/gait/weargait/CONTROL PARTICIPANTS/CSV files/WHC001_HurriedPace_mat.csv	syn61370552	WHC001_HurriedPace_mat.csv	syn61498758	True	text/csv				
/ocean/projects/med260006p/aguda1/biomedAI/project/data/gait/weargait/CONTROL PARTICIPANTS/CSV files/WHC001_SelfPace.csv	syn61370552	WHC001_SelfPace.csv	syn61498760	True	text/csv				
/ocean/projects/med260006p/aguda1/biomedAI/project/data/gait/weargait/CONTROL PARTICIPANTS/CSV files/WHC001_SelfPace_mat.csv	syn61370552	WHC001_SelfPace_mat.csv	syn61498765	True	text/csv				
/ocean/projects/med260006p/aguda1/biomedAI/project/data/gait/weargait/CONTROL PARTICIPANTS/CSV files/WHC001_SelfPace_matTURN.csv	syn61370552	WHC001_SelfPace_matTURN.csv	syn61498768	True	text/csv				
/ocean/projects/med260006p/aguda1/biomedAI/project/data/gait/weargait/CONTROL PARTICIPANTS/CSV files/WHC001_TUG.csv	syn61370552	WHC001_TUG.csv	syn61498776	True	text/csv				
/ocean/projects/med260006p/aguda1/biomedAI/project/data/gait/weargait/CONTROL PARTICIPANTS/CSV files/WHC001_TandemGait.csv	syn61370552	WHC001_TandemGait.csv	syn61498772	True	text/csv				
/ocean/projects/med260006p/aguda1/biomedAI/project/data/gait/weargait/CONTROL PARTICIPANTS/CSV files/WHC002_Balance.csv	syn61370552	WHC002_Balance.csv	syn61498780	True	text/csv				
/ocean/projects/med260006p/aguda1/biomedAI/project/data/gait/weargait/CONTROL PARTICIPANTS/CSV files/WHC002_HurriedPace.csv	syn61370552	WHC002_HurriedPace.csv	syn61498783	True	text/csv				
/ocean/projects/med260006p/aguda1/biomedAI/project/data/gait/weargait/CONTROL PARTICIPANTS/CSV files/WHC002_HurriedPace_mat.csv	syn61370552	WHC002_HurriedPace_mat.csv	syn61498787	True	text/csv				
/ocean/projects/med260006p/aguda1/biomedAI/project/data/gait/weargait/CONTROL PARTICIPANTS/CSV files/WHC002_SelfPace.csv	syn61370552	WHC002_SelfPace.csv	syn61498790	True	text/csv				
/ocean/projects/med260006p/aguda1/biomedAI/project/data/gait/weargait/CONTROL PARTICIPANTS/CSV files/WHC002_SelfPace_mat.csv	syn61370552	WHC002_SelfPace_mat.csv	syn61498793	True	text/csv				
/ocean/projects/med260006p/aguda1/biomedAI/project/data/gait/weargait/CONTROL PARTICIPANTS/CSV files/WHC002_SelfPace_matTURN.csv	syn61370552	WHC002_SelfPace_matTURN.csv	syn61498797	True	text/csv				
/ocean/projects/med260006p/aguda1/biomedAI/project/data/gait/weargait/CONTROL PARTICIPANTS/CSV files/WHC002_TUG.csv	syn61370552	WHC002_TUG.csv	syn61498804	True	text/csv				
/ocean/projects/med260006p/aguda1/biomedAI/project/data/gait/weargait/CONTROL PARTICIPANTS/CSV files/WHC002_TandemGait.csv	syn61370552	WHC002_TandemGait.csv	syn61498800	True	text/csv				
/ocean/projects/med260006p/aguda1/biomedAI/project/data/gait/weargait/CONTROL PARTICIPANTS/CSV files/WHC003_Balance.csv	syn61370552	WHC003_Balance.csv	syn61498808	True	text/csv				
/ocean/projects/med260006p/aguda1/biomedAI/project/data/gait/weargait/CONTROL PARTICIPANTS/CSV files/WHC003_HurriedPace.csv	syn61370552	WHC003_HurriedPace.csv	syn61498810	True	text/csv				
/ocean/projects/med260006p/aguda1/biomedAI/project/data/gait/weargait/CONTROL PARTICIPANTS/CSV files/WHC003_HurriedPace_mat.csv	syn61370552	WHC003_HurriedPace_mat.csv	syn61498813	True	text/csv				
/ocean/projects/med260006p/aguda1/biomedAI/project/data/gait/weargait/CONTROL PARTICIPANTS/CSV files/WHC003_SelfPace.csv	syn61370552	WHC003_SelfPace.csv	syn61498815	True	text/csv				
/ocean/projects/med260006p/aguda1/biomedAI/project/data/gait/weargait/CONTROL PARTICIPANTS/CSV files/WHC003_SelfPace_mat.csv	syn61370552	WHC003_SelfPace_mat.csv	syn61498818	True	text/csv				
/ocean/projects/med260006p/aguda1/biomedAI/project/data/gait/weargait/CONTROL PARTICIPANTS/CSV files/WHC003_SelfPace_matTURN.csv	syn61370552	WHC003_SelfPace_matTURN.csv	syn61498821	True	text/csv				
/ocean/projects/med260006p/aguda1/biomedAI/project/data/gait/weargait/CONTROL PARTICIPANTS/CSV files/WHC003_TUG.csv	syn61370552	WHC003_TUG.csv	syn61498827	True	text/csv				
/ocean/projects/med260006p/aguda1/biomedAI/project/data/gait/weargait/CONTROL PARTICIPANTS/CSV files/WHC003_TandemGait.csv	syn61370552	WHC003_TandemGait.csv	syn61498824	True	text/csv				
/ocean/projects/med260006p/aguda1/biomedAI/project/data/gait/weargait/CONTROL PARTICIPANTS/CSV files/WHC004_Balance.csv	syn61370552	WHC004_Balance.csv	syn61498832	True	text/csv				
/ocean/projects/med260006p/aguda1/biomedAI/project/data/gait/weargait/CONTROL PARTICIPANTS/CSV files/WHC004_HurriedPace.csv	syn61370552	WHC004_HurriedPace.csv	syn61498834	True	text/csv				
/ocean/projects/med260006p/aguda1/biomedAI/project/data/gait/weargait/CONTROL PARTICIPANTS/CSV files/WHC004_HurriedPace_mat.csv	syn61370552	WHC004_HurriedPace_mat.csv	syn61498837	True	text/csv				
/ocean/projects/med260006p/aguda1/biomedAI/project/data/gait/weargait/CONTROL PARTICIPANTS/CSV files/WHC004_SelfPace.csv	syn61370552	WHC004_SelfPace.csv	syn61498840	True	text/csv				
/ocean/projects/med260006p/aguda1/biomedAI/project/data/gait/weargait/CONTROL PARTICIPANTS/CSV files/WHC004_SelfPace_mat.csv	syn61370552	WHC004_SelfPace_mat.csv	syn61498843	True	text/csv				
/ocean/projects/med260006p/aguda1/biomedAI/project/data/gait/weargait/CONTROL PARTICIPANTS/CSV files/WHC004_SelfPace_matTURN.csv	syn61370552	WHC004_SelfPace_matTURN.csv	syn61498846	True	text/csv				
/ocean/projects/med260006p/aguda1/biomedAI/project/data/gait/weargait/CONTROL PARTICIPANTS/CSV files/WHC004_TUG.csv	syn61370552	WHC004_TUG.csv	syn61498853	True	text/csv				
/ocean/projects/med260006p/aguda1/biomedAI/project/data/gait/weargait/CONTROL PARTICIPANTS/CSV files/WHC004_TandemGait.csv	syn61370552	WHC004_TandemGait.csv	syn61498850	True	text/csv				
/ocean/projects/med260006p/aguda1/biomedAI/project/data/gait/weargait/CONTROL PARTICIPANTS/CSV files/WHC005_Balance.csv	syn61370552	WHC005_Balance.csv	syn61498857	True	text/csv				
/ocean/projects/med260006p/aguda1/biomedAI/project/data/gait/weargait/CONTROL PARTICIPANTS/CSV files/WHC005_HurriedPace.csv	syn61370552	WHC005_HurriedPace.csv	syn61498860	True	text/csv				
/ocean/projects/med260006p/aguda1/biomedAI/project/data/gait/weargait/CONTROL PARTICIPANTS/CSV files/WHC005_HurriedPace_mat.csv	syn61370552	WHC005_HurriedPace_mat.csv	syn61498863	True	text/csv				
/ocean/projects/med260006p/aguda1/biomedAI/project/data/gait/weargait/CONTROL PARTICIPANTS/CSV files/WHC005_SelfPace.csv	syn61370552	WHC005_SelfPace.csv	syn61498866	True	text/csv				
/ocean/projects/med260006p/aguda1/biomedAI/project/data/gait/weargait/CONTROL PARTICIPANTS/CSV files/WHC005_SelfPace_mat.csv	syn61370552	WHC005_SelfPace_mat.csv	syn61498869	True	text/csv				
/ocean/projects/med260006p/aguda1/biomedAI/project/data/gait/weargait/CONTROL PARTICIPANTS/CSV files/WHC005_SelfPace_matTURN.csv	syn61370552	WHC005_SelfPace_matTURN.csv	syn61498872	True	text/csv				
/ocean/projects/med260006p/aguda1/biomedAI/project/data/gait/weargait/CONTROL PARTICIPANTS/CSV files/WHC005_TUG.csv	syn61370552	WHC005_TUG.csv	syn61498879	True	text/csv				
/ocean/projects/med260006p/aguda1/biomedAI/project/data/gait/weargait/CONTROL PARTICIPANTS/CSV files/WHC005_TandemGait.csv	syn61370552	WHC005_TandemGait.csv	syn61498876	True	text/csv				
/ocean/projects/med260006p/aguda1/biomedAI/project/data/gait/weargait/CONTROL PARTICIPANTS/CSV files/WHC006_Balance.csv	syn61370552	WHC006_Balance.csv	syn61498884	True	text/csv				
/ocean/projects/med260006p/aguda1/biomedAI/project/data/gait/weargait/CONTROL PARTICIPANTS/CSV files/WHC006_HurriedPace.csv	syn61370552	WHC006_HurriedPace.csv	syn61498886	True	text/csv				
/ocean/projects/med260006p/aguda1/biomedAI/project/data/gait/weargait/CONTROL PARTICIPANTS/CSV files/WHC006_HurriedPace_mat.csv	syn61370552	WHC006_HurriedPace_mat.csv	syn61498889	True	text/csv				
/ocean/projects/med260006p/aguda1/biomedAI/project/data/gait/weargait/CONTROL PARTICIPANTS/CSV files/WHC006_SelfPace.csv	syn61370552	WHC006_SelfPace.csv	syn61498892	True	text/csv				
/ocean/projects/med260006p/aguda1/biomedAI/project/data/gait/weargait/CONTROL PARTICIPANTS/CSV files/WHC006_SelfPace_mat.csv	syn61370552	WHC006_SelfPace_mat.csv	syn61498896	True	text/csv				
/ocean/projects/med260006p/aguda1/biomedAI/project/data/gait/weargait/CONTROL PARTICIPANTS/CSV files/WHC006_SelfPace_matTURN.csv	syn61370552	WHC006_SelfPace_matTURN.csv	syn61498898	True	text/csv				
/ocean/projects/med260006p/aguda1/biomedAI/project/data/gait/weargait/CONTROL PARTICIPANTS/CSV files/WHC006_TUG.csv	syn61370552	WHC006_TUG.csv	syn61498905	True	text/csv				
/ocean/projects/med260006p/aguda1/biomedAI/project/data/gait/weargait/CONTROL PARTICIPANTS/CSV files/WHC006_TandemGait.csv	syn61370552	WHC006_TandemGait.csv	syn61498902	True	text/csv				
/ocean/projects/med260006p/aguda1/biomedAI/project/data/gait/weargait/CONTROL PARTICIPANTS/CSV files/WHC007_Balance.csv	syn61370552	WHC007_Balance.csv	syn61981068	True	text/csv				
/ocean/projects/med260006p/aguda1/biomedAI/project/data/gait/weargait/CONTROL PARTICIPANTS/CSV files/WHC007_HurriedPace.csv	syn61370552	WHC007_HurriedPace.csv	syn61981069	True	text/csv				
/ocean/projects/med260006p/aguda1/biomedAI/project/data/gait/weargait/CONTROL PARTICIPANTS/CSV files/WHC007_HurriedPace_mat.csv	syn61370552	WHC007_HurriedPace_mat.csv	syn61981070	True	text/csv				
/ocean/projects/med260006p/aguda1/biomedAI/project/data/gait/weargait/CONTROL PARTICIPANTS/CSV files/WHC007_SelfPace.csv	syn61370552	WHC007_SelfPace.csv	syn61981071	True	text/csv				
/ocean/projects/med260006p/aguda1/biomedAI/project/data/gait/weargait/CONTROL PARTICIPANTS/CSV files/WHC007_SelfPace_mat.csv	syn61370552	WHC007_SelfPace_mat.csv	syn61981072	True	text/csv				
/ocean/projects/med260006p/aguda1/biomedAI/project/data/gait/weargait/CONTROL PARTICIPANTS/CSV files/WHC007_SelfPace_matTURN.csv	syn61370552	WHC007_SelfPace_matTURN.csv	syn61981073	True	text/csv				
/ocean/projects/med260006p/aguda1/biomedAI/project/data/gait/weargait/CONTROL PARTICIPANTS/CSV files/WHC007_TUG.csv	syn61370552	WHC007_TUG.csv	syn61981075	True	text/csv				
/ocean/projects/med260006p/aguda1/biomedAI/project/data/gait/weargait/CONTROL PARTICIPANTS/CSV files/WHC007_TandemGait.csv	syn61370552	WHC007_TandemGait.csv	syn61981074	True	text/csv				
/ocean/projects/med260006p/aguda1/biomedAI/project/data/gait/weargait/CONTROL PARTICIPANTS/CSV files/WHC008_Balance.csv	syn61370552	WHC008_Balance.csv	syn61981076	True	text/csv				
/ocean/projects/med260006p/aguda1/biomedAI/project/data/gait/weargait/CONTROL PARTICIPANTS/CSV files/WHC008_HurriedPace.csv	syn61370552	WHC008_HurriedPace.csv	syn61981077	True	text/csv				
/ocean/projects/med260006p/aguda1/biomedAI/project/data/gait/weargait/CONTROL PARTICIPANTS/CSV files/WHC008_HurriedPace_mat.csv	syn61370552	WHC008_HurriedPace_mat.csv	syn61981078	True	text/csv				
/ocean/projects/med260006p/aguda1/biomedAI/project/data/gait/weargait/CONTROL PARTICIPANTS/CSV files/WHC008_SelfPace.csv	syn61370552	WHC008_SelfPace.csv	syn61981079	True	text/csv				
/ocean/projects/med260006p/aguda1/biomedAI/project/data/gait/weargait/CONTROL PARTICIPANTS/CSV files/WHC008_SelfPace_mat.csv	syn61370552	WHC008_SelfPace_mat.csv	syn61981080	True	text/csv				
/ocean/projects/med260006p/aguda1/biomedAI/project/data/gait/weargait/CONTROL PARTICIPANTS/CSV files/WHC008_SelfPace_matTURN.csv	syn61370552	WHC008_SelfPace_matTURN.csv	syn61981081	True	text/csv				
/ocean/projects/med260006p/aguda1/biomedAI/project/data/gait/weargait/CONTROL PARTICIPANTS/CSV files/WHC008_TUG.csv	syn61370552	WHC008_TUG.csv	syn61981083	True	text/csv				
/ocean/projects/med260006p/aguda1/biomedAI/project/data/gait/weargait/CONTROL PARTICIPANTS/CSV files/WHC008_TandemGait.csv	syn61370552	WHC008_TandemGait.csv	syn61981082	True	text/csv				
/ocean/projects/med260006p/aguda1/biomedAI/project/data/gait/weargait/CONTROL PARTICIPANTS/CSV files/WHC009_Balance.csv	syn61370552	WHC009_Balance.csv	syn61981084	True	text/csv				
/ocean/projects/med260006p/aguda1/biomedAI/project/data/gait/weargait/CONTROL PARTICIPANTS/CSV files/WHC009_HurriedPace.csv	syn61370552	WHC009_HurriedPace.csv	syn61981085	True	text/csv				
/ocean/projects/med260006p/aguda1/biomedAI/project/data/gait/weargait/CONTROL PARTICIPANTS/CSV files/WHC009_HurriedPace_mat.csv	syn61370552	WHC009_HurriedPace_mat.csv	syn61981086	True	text/csv				
/ocean/projects/med260006p/aguda1/biomedAI/project/data/gait/weargait/CONTROL PARTICIPANTS/CSV files/WHC009_SelfPace.csv	syn61370552	WHC009_SelfPace.csv	syn61981087	True	text/csv				
/ocean/projects/med260006p/aguda1/biomedAI/project/data/gait/weargait/CONTROL PARTICIPANTS/CSV files/WHC009_SelfPace_mat.csv	syn61370552	WHC009_SelfPace_mat.csv	syn61981088	True	text/csv				
/ocean/projects/med260006p/aguda1/biomedAI/project/data/gait/weargait/CONTROL PARTICIPANTS/CSV files/WHC009_SelfPace_matTURN.csv	syn61370552	WHC009_SelfPace_matTURN.csv	syn61981089	True	text/csv				
/ocean/projects/med260006p/aguda1/biomedAI/project/data/gait/weargait/CONTROL PARTICIPANTS/CSV files/WHC009_TUG.csv	syn61370552	WHC009_TUG.csv	syn61981092	True	text/csv				
/ocean/projects/med260006p/aguda1/biomedAI/project/data/gait/weargait/CONTROL PARTICIPANTS/CSV files/WHC009_TandemGait.csv	syn61370552	WHC009_TandemGait.csv	syn61981091	True	text/csv				
/ocean/projects/med260006p/aguda1/biomedAI/project/data/gait/weargait/CONTROL PARTICIPANTS/CSV files/WHC010_Balance.csv	syn61370552	WHC010_Balance.csv	syn61981093	True	text/csv				
/ocean/projects/med260006p/aguda1/biomedAI/project/data/gait/weargait/CONTROL PARTICIPANTS/CSV files/WHC010_HurriedPace.csv	syn61370552	WHC010_HurriedPace.csv	syn61981094	True	text/csv				
/ocean/projects/med260006p/aguda1/biomedAI/project/data/gait/weargait/CONTROL PARTICIPANTS/CSV files/WHC010_HurriedPace_mat.csv	syn61370552	WHC010_HurriedPace_mat.csv	syn61981095	True	text/csv				
/ocean/projects/med260006p/aguda1/biomedAI/project/data/gait/weargait/CONTROL PARTICIPANTS/CSV files/WHC010_SelfPace.csv	syn61370552	WHC010_SelfPace.csv	syn61981096	True	text/csv				
/ocean/projects/med260006p/aguda1/biomedAI/project/data/gait/weargait/CONTROL PARTICIPANTS/CSV files/WHC010_SelfPace_mat.csv	syn61370552	WHC010_SelfPace_mat.csv	syn61981097	True	text/csv				
/ocean/projects/med260006p/aguda1/biomedAI/project/data/gait/weargait/CONTROL PARTICIPANTS/CSV files/WHC010_SelfPace_matTURN.csv	syn61370552	WHC010_SelfPace_matTURN.csv	syn61981098	True	text/csv				
/ocean/projects/med260006p/aguda1/biomedAI/project/data/gait/weargait/CONTROL PARTICIPANTS/CSV files/WHC010_TUG.csv	syn61370552	WHC010_TUG.csv	syn61981100	True	text/csv				
/ocean/projects/med260006p/aguda1/biomedAI/project/data/gait/weargait/CONTROL PARTICIPANTS/CSV files/WHC010_TandemGait.csv	syn61370552	WHC010_TandemGait.csv	syn61981099	True	text/csv				
/ocean/projects/med260006p/aguda1/biomedAI/project/data/gait/weargait/CONTROL PARTICIPANTS/CSV files/WHC011_Balance.csv	syn61370552	WHC011_Balance.csv	syn61981102	True	text/csv				
/ocean/projects/med260006p/aguda1/biomedAI/project/data/gait/weargait/CONTROL PARTICIPANTS/CSV files/WHC011_HurriedPace.csv	syn61370552	WHC011_HurriedPace.csv	syn61981104	True	text/csv				
/ocean/projects/med260006p/aguda1/biomedAI/project/data/gait/weargait/CONTROL PARTICIPANTS/CSV files/WHC011_HurriedPace_mat.csv	syn61370552	WHC011_HurriedPace_mat.csv	syn61981105	True	text/csv				
/ocean/projects/med260006p/aguda1/biomedAI/project/data/gait/weargait/CONTROL PARTICIPANTS/CSV files/WHC011_SelfPace.csv	syn61370552	WHC011_SelfPace.csv	syn61981106	True	text/csv				
/ocean/projects/med260006p/aguda1/biomedAI/project/data/gait/weargait/CONTROL PARTICIPANTS/CSV files/WHC011_SelfPace_mat.csv	syn61370552	WHC011_SelfPace_mat.csv	syn61981109	True	text/csv				
/ocean/projects/med260006p/aguda1/biomedAI/project/data/gait/weargait/CONTROL PARTICIPANTS/CSV files/WHC011_SelfPace_matTURN.csv	syn61370552	WHC011_SelfPace_matTURN.csv	syn61981110	True	text/csv				
/ocean/projects/med260006p/aguda1/biomedAI/project/data/gait/weargait/CONTROL PARTICIPANTS/CSV files/WHC011_TUG.csv	syn61370552	WHC011_TUG.csv	syn61981112	True	text/csv				
/ocean/projects/med260006p/aguda1/biomedAI/project/data/gait/weargait/CONTROL PARTICIPANTS/CSV files/WHC011_TandemGait.csv	syn61370552	WHC011_TandemGait.csv	syn61981111	True	text/csv				
/ocean/projects/med260006p/aguda1/biomedAI/project/data/gait/weargait/CONTROL PARTICIPANTS/CSV files/WHC012_Balance.csv	syn61370552	WHC012_Balance.csv	syn61981113	True	text/csv				
/ocean/projects/med260006p/aguda1/biomedAI/project/data/gait/weargait/CONTROL PARTICIPANTS/CSV files/WHC012_HurriedPace.csv	syn61370552	WHC012_HurriedPace.csv	syn61981114	True	text/csv				
/ocean/projects/med260006p/aguda1/biomedAI/project/data/gait/weargait/CONTROL PARTICIPANTS/CSV files/WHC012_HurriedPace_mat.csv	syn61370552	WHC012_HurriedPace_mat.csv	syn61981115	True	text/csv				
/ocean/projects/med260006p/aguda1/biomedAI/project/data/gait/weargait/CONTROL PARTICIPANTS/CSV files/WHC012_SelfPace.csv	syn61370552	WHC012_SelfPace.csv	syn61981116	True	text/csv				
/ocean/projects/med260006p/aguda1/biomedAI/project/data/gait/weargait/CONTROL PARTICIPANTS/CSV files/WHC012_SelfPace_mat.csv	syn61370552	WHC012_SelfPace_mat.csv	syn61981117	True	text/csv				
/ocean/projects/med260006p/aguda1/biomedAI/project/data/gait/weargait/CONTROL PARTICIPANTS/CSV files/WHC012_SelfPace_matTURN.csv	syn61370552	WHC012_SelfPace_matTURN.csv	syn61981118	True	text/csv				
/ocean/projects/med260006p/aguda1/biomedAI/project/data/gait/weargait/CONTROL PARTICIPANTS/CSV files/WHC012_TUG.csv	syn61370552	WHC012_TUG.csv	syn61981120	True	text/csv				
/ocean/projects/med260006p/aguda1/biomedAI/project/data/gait/weargait/CONTROL PARTICIPANTS/CSV files/WHC012_TandemGait.csv	syn61370552	WHC012_TandemGait.csv	syn61981119	True	text/csv				
/ocean/projects/med260006p/aguda1/biomedAI/project/data/gait/weargait/CONTROL PARTICIPANTS/CSV files/WHC013_Balance.csv	syn61370552	WHC013_Balance.csv	syn63099979	True	text/csv				
/ocean/projects/med260006p/aguda1/biomedAI/project/data/gait/weargait/CONTROL PARTICIPANTS/CSV files/WHC013_HurriedPace.csv	syn61370552	WHC013_HurriedPace.csv	syn63099980	True	text/csv				
/ocean/projects/med260006p/aguda1/biomedAI/project/data/gait/weargait/CONTROL PARTICIPANTS/CSV files/WHC013_HurriedPace_mat.csv	syn61370552	WHC013_HurriedPace_mat.csv	syn63099981	True	text/csv				
/ocean/projects/med260006p/aguda1/biomedAI/project/data/gait/weargait/CONTROL PARTICIPANTS/CSV files/WHC013_SelfPace.csv	syn61370552	WHC013_SelfPace.csv	syn63099982	True	text/csv				
/ocean/projects/med260006p/aguda1/biomedAI/project/data/gait/weargait/CONTROL PARTICIPANTS/CSV files/WHC013_SelfPace_mat.csv	syn61370552	WHC013_SelfPace_mat.csv	syn63099983	True	text/csv				
/ocean/projects/med260006p/aguda1/biomedAI/project/data/gait/weargait/CONTROL PARTICIPANTS/CSV files/WHC013_SelfPace_matTURN.csv	syn61370552	WHC013_SelfPace_matTURN.csv	syn63099984	True	text/csv				
/ocean/projects/med260006p/aguda1/biomedAI/project/data/gait/weargait/CONTROL PARTICIPANTS/CSV files/WHC013_TUG.csv	syn61370552	WHC013_TUG.csv	syn63099986	True	text/csv				
/ocean/projects/med260006p/aguda1/biomedAI/project/data/gait/weargait/CONTROL PARTICIPANTS/CSV files/WHC013_TandemGait.csv	syn61370552	WHC013_TandemGait.csv	syn63099985	True	text/csv				
/ocean/projects/med260006p/aguda1/biomedAI/project/data/gait/weargait/CONTROL PARTICIPANTS/CSV files/WHC014_Balance.csv	syn61370552	WHC014_Balance.csv	syn63099987	True	text/csv				
/ocean/projects/med260006p/aguda1/biomedAI/project/data/gait/weargait/CONTROL PARTICIPANTS/CSV files/WHC014_HurriedPace.csv	syn61370552	WHC014_HurriedPace.csv	syn63099988	True	text/csv				
/ocean/projects/med260006p/aguda1/biomedAI/project/data/gait/weargait/CONTROL PARTICIPANTS/CSV files/WHC014_HurriedPace_mat.csv	syn61370552	WHC014_HurriedPace_mat.csv	syn63099989	True	text/csv				
/ocean/projects/med260006p/aguda1/biomedAI/project/data/gait/weargait/CONTROL PARTICIPANTS/CSV files/WHC014_SelfPace.csv	syn61370552	WHC014_SelfPace.csv	syn63099990	True	text/csv				
/ocean/projects/med260006p/aguda1/biomedAI/project/data/gait/weargait/CONTROL PARTICIPANTS/CSV files/WHC014_SelfPace_mat.csv	syn61370552	WHC014_SelfPace_mat.csv	syn63099991	True	text/csv				
/ocean/projects/med260006p/aguda1/biomedAI/project/data/gait/weargait/CONTROL PARTICIPANTS/CSV files/WHC014_SelfPace_matTURN.csv	syn61370552	WHC014_SelfPace_matTURN.csv	syn63099992	True	text/csv				
/ocean/projects/med260006p/aguda1/biomedAI/project/data/gait/weargait/CONTROL PARTICIPANTS/CSV files/WHC014_TUG.csv	syn61370552	WHC014_TUG.csv	syn63099996	True	text/csv				
/ocean/projects/med260006p/aguda1/biomedAI/project/data/gait/weargait/CONTROL PARTICIPANTS/CSV files/WHC014_TandemGait.csv	syn61370552	WHC014_TandemGait.csv	syn63099994	True	text/csv				
/ocean/projects/med260006p/aguda1/biomedAI/project/data/gait/weargait/CONTROL PARTICIPANTS/CSV files/WHC015_Balance.csv	syn61370552	WHC015_Balance.csv	syn66528501	True	text/csv				
/ocean/projects/med260006p/aguda1/biomedAI/project/data/gait/weargait/CONTROL PARTICIPANTS/CSV files/WHC015_HurriedPace.csv	syn61370552	WHC015_HurriedPace.csv	syn66528499	True	text/csv				
/ocean/projects/med260006p/aguda1/biomedAI/project/data/gait/weargait/CONTROL PARTICIPANTS/CSV files/WHC015_HurriedPace_mat.csv	syn61370552	WHC015_HurriedPace_mat.csv	syn66528500	True	text/csv				
/ocean/projects/med260006p/aguda1/biomedAI/project/data/gait/weargait/CONTROL PARTICIPANTS/CSV files/WHC015_SelfPace.csv	syn61370552	WHC015_SelfPace.csv	syn66528502	True	text/csv				
/ocean/projects/med260006p/aguda1/biomedAI/project/data/gait/weargait/CONTROL PARTICIPANTS/CSV files/WHC015_SelfPace_mat.csv	syn61370552	WHC015_SelfPace_mat.csv	syn66528503	True	text/csv				
/ocean/projects/med260006p/aguda1/biomedAI/project/data/gait/weargait/CONTROL PARTICIPANTS/CSV files/WHC015_SelfPace_matTURN.csv	syn61370552	WHC015_SelfPace_matTURN.csv	syn66528504	True	text/csv				
/ocean/projects/med260006p/aguda1/biomedAI/project/data/gait/weargait/CONTROL PARTICIPANTS/CSV files/WHC015_TUG.csv	syn61370552	WHC015_TUG.csv	syn66528506	True	text/csv				
/ocean/projects/med260006p/aguda1/biomedAI/project/data/gait/weargait/CONTROL PARTICIPANTS/CSV files/WHC015_TandemGait.csv	syn61370552	WHC015_TandemGait.csv	syn66528505	True	text/csv				
/ocean/projects/med260006p/aguda1/biomedAI/project/data/gait/weargait/CONTROL PARTICIPANTS/CSV files/WHC016_Balance.csv	syn61370552	WHC016_Balance.csv	syn66528507	True	text/csv				
/ocean/projects/med260006p/aguda1/biomedAI/project/data/gait/weargait/CONTROL PARTICIPANTS/CSV files/WHC016_HurriedPace.csv	syn61370552	WHC016_HurriedPace.csv	syn66528508	True	text/csv				
/ocean/projects/med260006p/aguda1/biomedAI/project/data/gait/weargait/CONTROL PARTICIPANTS/CSV files/WHC016_HurriedPace_mat.csv	syn61370552	WHC016_HurriedPace_mat.csv	syn66528509	True	text/csv				
/ocean/projects/med260006p/aguda1/biomedAI/project/data/gait/weargait/CONTROL PARTICIPANTS/CSV files/WHC016_SelfPace.csv	syn61370552	WHC016_SelfPace.csv	syn66528510	True	text/csv				
/ocean/projects/med260006p/aguda1/biomedAI/project/data/gait/weargait/CONTROL PARTICIPANTS/CSV files/WHC016_SelfPace_mat.csv	syn61370552	WHC016_SelfPace_mat.csv	syn66528511	True	text/csv				
/ocean/projects/med260006p/aguda1/biomedAI/project/data/gait/weargait/CONTROL PARTICIPANTS/CSV files/WHC016_SelfPace_matTURN.csv	syn61370552	WHC016_SelfPace_matTURN.csv	syn66528512	True	text/csv				
/ocean/projects/med260006p/aguda1/biomedAI/project/data/gait/weargait/CONTROL PARTICIPANTS/CSV files/WHC016_TUG.csv	syn61370552	WHC016_TUG.csv	syn66528514	True	text/csv				
/ocean/projects/med260006p/aguda1/biomedAI/project/data/gait/weargait/CONTROL PARTICIPANTS/CSV files/WHC016_TandemGait.csv	syn61370552	WHC016_TandemGait.csv	syn66528513	True	text/csv				
/ocean/projects/med260006p/aguda1/biomedAI/project/data/gait/weargait/CONTROL PARTICIPANTS/CSV files/WHC017_Balance.csv	syn61370552	WHC017_Balance.csv	syn66528515	True	text/csv				
/ocean/projects/med260006p/aguda1/biomedAI/project/data/gait/weargait/CONTROL PARTICIPANTS/CSV files/WHC017_HurriedPace.csv	syn61370552	WHC017_HurriedPace.csv	syn66528516	True	text/csv				
/ocean/projects/med260006p/aguda1/biomedAI/project/data/gait/weargait/CONTROL PARTICIPANTS/CSV files/WHC017_HurriedPace_mat.csv	syn61370552	WHC017_HurriedPace_mat.csv	syn66528517	True	text/csv				
/ocean/projects/med260006p/aguda1/biomedAI/project/data/gait/weargait/CONTROL PARTICIPANTS/CSV files/WHC017_SelfPace.csv	syn61370552	WHC017_SelfPace.csv	syn66528518	True	text/csv				
/ocean/projects/med260006p/aguda1/biomedAI/project/data/gait/weargait/CONTROL PARTICIPANTS/CSV files/WHC017_SelfPace_mat.csv	syn61370552	WHC017_SelfPace_mat.csv	syn66528519	True	text/csv				
/ocean/projects/med260006p/aguda1/biomedAI/project/data/gait/weargait/CONTROL PARTICIPANTS/CSV files/WHC017_SelfPace_matTURN.csv	syn61370552	WHC017_SelfPace_matTURN.csv	syn66528520	True	text/csv				
/ocean/projects/med260006p/aguda1/biomedAI/project/data/gait/weargait/CONTROL PARTICIPANTS/CSV files/WHC017_TUG.csv	syn61370552	WHC017_TUG.csv	syn66528522	True	text/csv				
/ocean/projects/med260006p/aguda1/biomedAI/project/data/gait/weargait/CONTROL PARTICIPANTS/CSV files/WHC017_TandemGait.csv	syn61370552	WHC017_TandemGait.csv	syn66528521	True	text/csv				
/ocean/projects/med260006p/aguda1/biomedAI/project/data/gait/weargait/CONTROL PARTICIPANTS/CSV files/WHC018_Balance.csv	syn61370552	WHC018_Balance.csv	syn66528523	True	text/csv				
/ocean/projects/med260006p/aguda1/biomedAI/project/data/gait/weargait/CONTROL PARTICIPANTS/CSV files/WHC018_HurriedPace.csv	syn61370552	WHC018_HurriedPace.csv	syn66528524	True	text/csv				
/ocean/projects/med260006p/aguda1/biomedAI/project/data/gait/weargait/CONTROL PARTICIPANTS/CSV files/WHC018_HurriedPace_mat.csv	syn61370552	WHC018_HurriedPace_mat.csv	syn66528525	True	text/csv				
/ocean/projects/med260006p/aguda1/biomedAI/project/data/gait/weargait/CONTROL PARTICIPANTS/CSV files/WHC018_SelfPace.csv	syn61370552	WHC018_SelfPace.csv	syn66528526	True	text/csv				
/ocean/projects/med260006p/aguda1/biomedAI/project/data/gait/weargait/CONTROL PARTICIPANTS/CSV files/WHC018_SelfPace_mat.csv	syn61370552	WHC018_SelfPace_mat.csv	syn66528527	True	text/csv				
/ocean/projects/med260006p/aguda1/biomedAI/project/data/gait/weargait/CONTROL PARTICIPANTS/CSV files/WHC018_SelfPace_matTURN.csv	syn61370552	WHC018_SelfPace_matTURN.csv	syn66528528	True	text/csv				
/ocean/projects/med260006p/aguda1/biomedAI/project/data/gait/weargait/CONTROL PARTICIPANTS/CSV files/WHC018_TUG.csv	syn61370552	WHC018_TUG.csv	syn66528530	True	text/csv				
/ocean/projects/med260006p/aguda1/biomedAI/project/data/gait/weargait/CONTROL PARTICIPANTS/CSV files/WHC018_TandemGait.csv	syn61370552	WHC018_TandemGait.csv	syn66528529	True	text/csv				
/ocean/projects/med260006p/aguda1/biomedAI/project/data/gait/weargait/CONTROL PARTICIPANTS/CSV files/WHC019_Balance.csv	syn61370552	WHC019_Balance.csv	syn66528531	True	text/csv				
/ocean/projects/med260006p/aguda1/biomedAI/project/data/gait/weargait/CONTROL PARTICIPANTS/CSV files/WHC019_HurriedPace.csv	syn61370552	WHC019_HurriedPace.csv	syn66528532	True	text/csv				
/ocean/projects/med260006p/aguda1/biomedAI/project/data/gait/weargait/CONTROL PARTICIPANTS/CSV files/WHC019_HurriedPace_mat.csv	syn61370552	WHC019_HurriedPace_mat.csv	syn66528533	True	text/csv				
/ocean/projects/med260006p/aguda1/biomedAI/project/data/gait/weargait/CONTROL PARTICIPANTS/CSV files/WHC019_SelfPace.csv	syn61370552	WHC019_SelfPace.csv	syn66528535	True	text/csv				
/ocean/projects/med260006p/aguda1/biomedAI/project/data/gait/weargait/CONTROL PARTICIPANTS/CSV files/WHC019_SelfPace_mat.csv	syn61370552	WHC019_SelfPace_mat.csv	syn66528534	True	text/csv				
/ocean/projects/med260006p/aguda1/biomedAI/project/data/gait/weargait/CONTROL PARTICIPANTS/CSV files/WHC019_SelfPace_matTURN.csv	syn61370552	WHC019_SelfPace_matTURN.csv	syn66528536	True	text/csv				
/ocean/projects/med260006p/aguda1/biomedAI/project/data/gait/weargait/CONTROL PARTICIPANTS/CSV files/WHC019_TUG.csv	syn61370552	WHC019_TUG.csv	syn66528538	True	text/csv				
/ocean/projects/med260006p/aguda1/biomedAI/project/data/gait/weargait/CONTROL PARTICIPANTS/CSV files/WHC019_TandemGait.csv	syn61370552	WHC019_TandemGait.csv	syn66528537	True	text/csv				
/ocean/projects/med260006p/aguda1/biomedAI/project/data/gait/weargait/CONTROL PARTICIPANTS/CSV files/WHC020_Balance.csv	syn61370552	WHC020_Balance.csv	syn66528541	True	text/csv				
/ocean/projects/med260006p/aguda1/biomedAI/project/data/gait/weargait/CONTROL PARTICIPANTS/CSV files/WHC020_HurriedPace.csv	syn61370552	WHC020_HurriedPace.csv	syn66528539	True	text/csv				
/ocean/projects/med260006p/aguda1/biomedAI/project/data/gait/weargait/CONTROL PARTICIPANTS/CSV files/WHC020_HurriedPace_mat.csv	syn61370552	WHC020_HurriedPace_mat.csv	syn66528540	True	text/csv				
/ocean/projects/med260006p/aguda1/biomedAI/project/data/gait/weargait/CONTROL PARTICIPANTS/CSV files/WHC020_SelfPace.csv	syn61370552	WHC020_SelfPace.csv	syn66528542	True	text/csv				
/ocean/projects/med260006p/aguda1/biomedAI/project/data/gait/weargait/CONTROL PARTICIPANTS/CSV files/WHC020_SelfPace_mat.csv	syn61370552	WHC020_SelfPace_mat.csv	syn66528543	True	text/csv				
/ocean/projects/med260006p/aguda1/biomedAI/project/data/gait/weargait/CONTROL PARTICIPANTS/CSV files/WHC020_SelfPace_matTURN.csv	syn61370552	WHC020_SelfPace_matTURN.csv	syn66528544	True	text/csv				
/ocean/projects/med260006p/aguda1/biomedAI/project/data/gait/weargait/CONTROL PARTICIPANTS/CSV files/WHC020_TUG.csv	syn61370552	WHC020_TUG.csv	syn66528546	True	text/csv				
/ocean/projects/med260006p/aguda1/biomedAI/project/data/gait/weargait/CONTROL PARTICIPANTS/CSV files/WHC020_TandemGait.csv	syn61370552	WHC020_TandemGait.csv	syn66528545	True	text/csv				
/ocean/projects/med260006p/aguda1/biomedAI/project/data/gait/weargait/CONTROL PARTICIPANTS/CSV files/WHC021_Balance.csv	syn61370552	WHC021_Balance.csv	syn66528547	True	text/csv				
/ocean/projects/med260006p/aguda1/biomedAI/project/data/gait/weargait/CONTROL PARTICIPANTS/CSV files/WHC021_HurriedPace.csv	syn61370552	WHC021_HurriedPace.csv	syn66528548	True	text/csv				
/ocean/projects/med260006p/aguda1/biomedAI/project/data/gait/weargait/CONTROL PARTICIPANTS/CSV files/WHC021_HurriedPace_mat.csv	syn61370552	WHC021_HurriedPace_mat.csv	syn66528549	True	text/csv				
/ocean/projects/med260006p/aguda1/biomedAI/project/data/gait/weargait/CONTROL PARTICIPANTS/CSV files/WHC021_SelfPace.csv	syn61370552	WHC021_SelfPace.csv	syn66528550	True	text/csv				
/ocean/projects/med260006p/aguda1/biomedAI/project/data/gait/weargait/CONTROL PARTICIPANTS/CSV files/WHC021_SelfPace_mat.csv	syn61370552	WHC021_SelfPace_mat.csv	syn66528551	True	text/csv				
/ocean/projects/med260006p/aguda1/biomedAI/project/data/gait/weargait/CONTROL PARTICIPANTS/CSV files/WHC021_SelfPace_matTURN.csv	syn61370552	WHC021_SelfPace_matTURN.csv	syn66528552	True	text/csv				
/ocean/projects/med260006p/aguda1/biomedAI/project/data/gait/weargait/CONTROL PARTICIPANTS/CSV files/WHC021_TUG.csv	syn61370552	WHC021_TUG.csv	syn66528554	True	text/csv				
/ocean/projects/med260006p/aguda1/biomedAI/project/data/gait/weargait/CONTROL PARTICIPANTS/CSV files/WHC021_TandemGait.csv	syn61370552	WHC021_TandemGait.csv	syn66528553	True	text/csv				
/ocean/projects/med260006p/aguda1/biomedAI/project/data/gait/weargait/CONTROL PARTICIPANTS/CSV files/WHC022_Balance.csv	syn61370552	WHC022_Balance.csv	syn66528555	True	text/csv				
/ocean/projects/med260006p/aguda1/biomedAI/project/data/gait/weargait/CONTROL PARTICIPANTS/CSV files/WHC022_HurriedPace.csv	syn61370552	WHC022_HurriedPace.csv	syn66528556	True	text/csv				
/ocean/projects/med260006p/aguda1/biomedAI/project/data/gait/weargait/CONTROL PARTICIPANTS/CSV files/WHC022_HurriedPace_mat.csv	syn61370552	WHC022_HurriedPace_mat.csv	syn66528557	True	text/csv				
/ocean/projects/med260006p/aguda1/biomedAI/project/data/gait/weargait/CONTROL PARTICIPANTS/CSV files/WHC022_SelfPace.csv	syn61370552	WHC022_SelfPace.csv	syn66528558	True	text/csv				
/ocean/projects/med260006p/aguda1/biomedAI/project/data/gait/weargait/CONTROL PARTICIPANTS/CSV files/WHC022_SelfPace_mat.csv	syn61370552	WHC022_SelfPace_mat.csv	syn66528559	True	text/csv				
/ocean/projects/med260006p/aguda1/biomedAI/project/data/gait/weargait/CONTROL PARTICIPANTS/CSV files/WHC022_SelfPace_matTURN.csv	syn61370552	WHC022_SelfPace_matTURN.csv	syn66528560	True	text/csv				
/ocean/projects/med260006p/aguda1/biomedAI/project/data/gait/weargait/CONTROL PARTICIPANTS/CSV files/WHC022_TUG.csv	syn61370552	WHC022_TUG.csv	syn66528562	True	text/csv				
/ocean/projects/med260006p/aguda1/biomedAI/project/data/gait/weargait/CONTROL PARTICIPANTS/CSV files/WHC022_TandemGait.csv	syn61370552	WHC022_TandemGait.csv	syn66528561	True	text/csv				
/ocean/projects/med260006p/aguda1/biomedAI/project/data/gait/weargait/CONTROL PARTICIPANTS/CSV files/WHC024_Balance.csv	syn61370552	WHC024_Balance.csv	syn66528563	True	text/csv				
/ocean/projects/med260006p/aguda1/biomedAI/project/data/gait/weargait/CONTROL PARTICIPANTS/CSV files/WHC024_HurriedPace.csv	syn61370552	WHC024_HurriedPace.csv	syn66528564	True	text/csv				
/ocean/projects/med260006p/aguda1/biomedAI/project/data/gait/weargait/CONTROL PARTICIPANTS/CSV files/WHC024_HurriedPace_mat.csv	syn61370552	WHC024_HurriedPace_mat.csv	syn66528565	True	text/csv				
/ocean/projects/med260006p/aguda1/biomedAI/project/data/gait/weargait/CONTROL PARTICIPANTS/CSV files/WHC024_SelfPace.csv	syn61370552	WHC024_SelfPace.csv	syn66528566	True	text/csv				
/ocean/projects/med260006p/aguda1/biomedAI/project/data/gait/weargait/CONTROL PARTICIPANTS/CSV files/WHC024_SelfPace_mat.csv	syn61370552	WHC024_SelfPace_mat.csv	syn66528567	True	text/csv				
/ocean/projects/med260006p/aguda1/biomedAI/project/data/gait/weargait/CONTROL PARTICIPANTS/CSV files/WHC024_SelfPace_matTURN.csv	syn61370552	WHC024_SelfPace_matTURN.csv	syn66528568	True	text/csv				
/ocean/projects/med260006p/aguda1/biomedAI/project/data/gait/weargait/CONTROL PARTICIPANTS/CSV files/WHC024_TUG.csv	syn61370552	WHC024_TUG.csv	syn66528571	True	text/csv				
/ocean/projects/med260006p/aguda1/biomedAI/project/data/gait/weargait/CONTROL PARTICIPANTS/CSV files/WHC024_TandemGait.csv	syn61370552	WHC024_TandemGait.csv	syn66528569	True	text/csv				
/ocean/projects/med260006p/aguda1/biomedAI/project/data/gait/weargait/CONTROL PARTICIPANTS/CSV files/WHC025_Balance.csv	syn61370552	WHC025_Balance.csv	syn66528572	True	text/csv				
/ocean/projects/med260006p/aguda1/biomedAI/project/data/gait/weargait/CONTROL PARTICIPANTS/CSV files/WHC025_HurriedPace.csv	syn61370552	WHC025_HurriedPace.csv	syn66528573	True	text/csv				
/ocean/projects/med260006p/aguda1/biomedAI/project/data/gait/weargait/CONTROL PARTICIPANTS/CSV files/WHC025_HurriedPace_mat.csv	syn61370552	WHC025_HurriedPace_mat.csv	syn66528574	True	text/csv				
/ocean/projects/med260006p/aguda1/biomedAI/project/data/gait/weargait/CONTROL PARTICIPANTS/CSV files/WHC025_SelfPace.csv	syn61370552	WHC025_SelfPace.csv	syn66528575	True	text/csv				
/ocean/projects/med260006p/aguda1/biomedAI/project/data/gait/weargait/CONTROL PARTICIPANTS/CSV files/WHC025_SelfPace_mat.csv	syn61370552	WHC025_SelfPace_mat.csv	syn66528576	True	text/csv				
/ocean/projects/med260006p/aguda1/biomedAI/project/data/gait/weargait/CONTROL PARTICIPANTS/CSV files/WHC025_SelfPace_matTURN.csv	syn61370552	WHC025_SelfPace_matTURN.csv	syn66528578	True	text/csv				
/ocean/projects/med260006p/aguda1/biomedAI/project/data/gait/weargait/CONTROL PARTICIPANTS/CSV files/WHC025_TUG.csv	syn61370552	WHC025_TUG.csv	syn66528580	True	text/csv				
/ocean/projects/med260006p/aguda1/biomedAI/project/data/gait/weargait/CONTROL PARTICIPANTS/CSV files/WHC025_TandemGait.csv	syn61370552	WHC025_TandemGait.csv	syn66528579	True	text/csv				
/ocean/projects/med260006p/aguda1/biomedAI/project/data/gait/weargait/CONTROL PARTICIPANTS/CSV files/WHC026_Balance.csv	syn61370552	WHC026_Balance.csv	syn66528581	True	text/csv				
/ocean/projects/med260006p/aguda1/biomedAI/project/data/gait/weargait/CONTROL PARTICIPANTS/CSV files/WHC026_HurriedPace.csv	syn61370552	WHC026_HurriedPace.csv	syn66528582	True	text/csv				
/ocean/projects/med260006p/aguda1/biomedAI/project/data/gait/weargait/CONTROL PARTICIPANTS/CSV files/WHC026_HurriedPace_mat.csv	syn61370552	WHC026_HurriedPace_mat.csv	syn66528583	True	text/csv				
/ocean/projects/med260006p/aguda1/biomedAI/project/data/gait/weargait/CONTROL PARTICIPANTS/CSV files/WHC026_SelfPace.csv	syn61370552	WHC026_SelfPace.csv	syn66528585	True	text/csv				
/ocean/projects/med260006p/aguda1/biomedAI/project/data/gait/weargait/CONTROL PARTICIPANTS/CSV files/WHC026_SelfPace_mat.csv	syn61370552	WHC026_SelfPace_mat.csv	syn66528586	True	text/csv				
/ocean/projects/med260006p/aguda1/biomedAI/project/data/gait/weargait/CONTROL PARTICIPANTS/CSV files/WHC026_SelfPace_matTURN.csv	syn61370552	WHC026_SelfPace_matTURN.csv	syn66528587	True	text/csv				
/ocean/projects/med260006p/aguda1/biomedAI/project/data/gait/weargait/CONTROL PARTICIPANTS/CSV files/WHC026_TUG.csv	syn61370552	WHC026_TUG.csv	syn66528589	True	text/csv				
/ocean/projects/med260006p/aguda1/biomedAI/project/data/gait/weargait/CONTROL PARTICIPANTS/CSV files/WHC026_TandemGait.csv	syn61370552	WHC026_TandemGait.csv	syn66528588	True	text/csv				
/ocean/projects/med260006p/aguda1/biomedAI/project/data/gait/weargait/CONTROL PARTICIPANTS/CSV files/WHC027_Balance.csv	syn61370552	WHC027_Balance.csv	syn66528590	True	text/csv				
/ocean/projects/med260006p/aguda1/biomedAI/project/data/gait/weargait/CONTROL PARTICIPANTS/CSV files/WHC027_HurriedPace.csv	syn61370552	WHC027_HurriedPace.csv	syn66528591	True	text/csv				
/ocean/projects/med260006p/aguda1/biomedAI/project/data/gait/weargait/CONTROL PARTICIPANTS/CSV files/WHC027_HurriedPace_mat.csv	syn61370552	WHC027_HurriedPace_mat.csv	syn66528593	True	text/csv				
/ocean/projects/med260006p/aguda1/biomedAI/project/data/gait/weargait/CONTROL PARTICIPANTS/CSV files/WHC027_SelfPace.csv	syn61370552	WHC027_SelfPace.csv	syn66528592	True	text/csv				
/ocean/projects/med260006p/aguda1/biomedAI/project/data/gait/weargait/CONTROL PARTICIPANTS/CSV files/WHC027_SelfPace_mat.csv	syn61370552	WHC027_SelfPace_mat.csv	syn66528594	True	text/csv				
/ocean/projects/med260006p/aguda1/biomedAI/project/data/gait/weargait/CONTROL PARTICIPANTS/CSV files/WHC027_SelfPace_matTURN.csv	syn61370552	WHC027_SelfPace_matTURN.csv	syn66528595	True	text/csv				
/ocean/projects/med260006p/aguda1/biomedAI/project/data/gait/weargait/CONTROL PARTICIPANTS/CSV files/WHC027_TUG.csv	syn61370552	WHC027_TUG.csv	syn66528597	True	text/csv				
/ocean/projects/med260006p/aguda1/biomedAI/project/data/gait/weargait/CONTROL PARTICIPANTS/CSV files/WHC027_TandemGait.csv	syn61370552	WHC027_TandemGait.csv	syn66528596	True	text/csv				
/ocean/projects/med260006p/aguda1/biomedAI/project/data/gait/weargait/CONTROL PARTICIPANTS/CSV files/WHC029_Balance.csv	syn61370552	WHC029_Balance.csv	syn66528598	True	text/csv				
/ocean/projects/med260006p/aguda1/biomedAI/project/data/gait/weargait/CONTROL PARTICIPANTS/CSV files/WHC029_HurriedPace.csv	syn61370552	WHC029_HurriedPace.csv	syn66528599	True	text/csv				
/ocean/projects/med260006p/aguda1/biomedAI/project/data/gait/weargait/CONTROL PARTICIPANTS/CSV files/WHC029_HurriedPace_mat.csv	syn61370552	WHC029_HurriedPace_mat.csv	syn66528600	True	text/csv				
/ocean/projects/med260006p/aguda1/biomedAI/project/data/gait/weargait/CONTROL PARTICIPANTS/CSV files/WHC029_SelfPace.csv	syn61370552	WHC029_SelfPace.csv	syn66528601	True	text/csv				
/ocean/projects/med260006p/aguda1/biomedAI/project/data/gait/weargait/CONTROL PARTICIPANTS/CSV files/WHC029_SelfPace_mat.csv	syn61370552	WHC029_SelfPace_mat.csv	syn66528602	True	text/csv				
/ocean/projects/med260006p/aguda1/biomedAI/project/data/gait/weargait/CONTROL PARTICIPANTS/CSV files/WHC029_SelfPace_matTURN.csv	syn61370552	WHC029_SelfPace_matTURN.csv	syn66528603	True	text/csv				
/ocean/projects/med260006p/aguda1/biomedAI/project/data/gait/weargait/CONTROL PARTICIPANTS/CSV files/WHC029_TUG.csv	syn61370552	WHC029_TUG.csv	syn66528605	True	text/csv				
/ocean/projects/med260006p/aguda1/biomedAI/project/data/gait/weargait/CONTROL PARTICIPANTS/CSV files/WHC029_TandemGait.csv	syn61370552	WHC029_TandemGait.csv	syn66528604	True	text/csv				
/ocean/projects/med260006p/aguda1/biomedAI/project/data/gait/weargait/CONTROL PARTICIPANTS/CSV files/WHC030_Balance.csv	syn61370552	WHC030_Balance.csv	syn66528610	True	text/csv				
/ocean/projects/med260006p/aguda1/biomedAI/project/data/gait/weargait/CONTROL PARTICIPANTS/CSV files/WHC030_HurriedPace.csv	syn61370552	WHC030_HurriedPace.csv	syn66528606	True	text/csv				
/ocean/projects/med260006p/aguda1/biomedAI/project/data/gait/weargait/CONTROL PARTICIPANTS/CSV files/WHC030_HurriedPace_mat.csv	syn61370552	WHC030_HurriedPace_mat.csv	syn66528607	True	text/csv				
/ocean/projects/med260006p/aguda1/biomedAI/project/data/gait/weargait/CONTROL PARTICIPANTS/CSV files/WHC030_SelfPace.csv	syn61370552	WHC030_SelfPace.csv	syn66528608	True	text/csv				
/ocean/projects/med260006p/aguda1/biomedAI/project/data/gait/weargait/CONTROL PARTICIPANTS/CSV files/WHC030_SelfPace_mat.csv	syn61370552	WHC030_SelfPace_mat.csv	syn66528609	True	text/csv				
/ocean/projects/med260006p/aguda1/biomedAI/project/data/gait/weargait/CONTROL PARTICIPANTS/CSV files/WHC030_SelfPace_matTURN.csv	syn61370552	WHC030_SelfPace_matTURN.csv	syn66528612	True	text/csv				
/ocean/projects/med260006p/aguda1/biomedAI/project/data/gait/weargait/CONTROL PARTICIPANTS/CSV files/WHC030_TUG.csv	syn61370552	WHC030_TUG.csv	syn66528614	True	text/csv				
/ocean/projects/med260006p/aguda1/biomedAI/project/data/gait/weargait/CONTROL PARTICIPANTS/CSV files/WHC030_TandemGait.csv	syn61370552	WHC030_TandemGait.csv	syn66528613	True	text/csv				
/ocean/projects/med260006p/aguda1/biomedAI/project/data/gait/weargait/CONTROL PARTICIPANTS/CSV files/WHC031_Balance.csv	syn61370552	WHC031_Balance.csv	syn66528615	True	text/csv				
/ocean/projects/med260006p/aguda1/biomedAI/project/data/gait/weargait/CONTROL PARTICIPANTS/CSV files/WHC031_HurriedPace.csv	syn61370552	WHC031_HurriedPace.csv	syn66528616	True	text/csv				
/ocean/projects/med260006p/aguda1/biomedAI/project/data/gait/weargait/CONTROL PARTICIPANTS/CSV files/WHC031_HurriedPace_mat.csv	syn61370552	WHC031_HurriedPace_mat.csv	syn66528617	True	text/csv				
/ocean/projects/med260006p/aguda1/biomedAI/project/data/gait/weargait/CONTROL PARTICIPANTS/CSV files/WHC031_SelfPace.csv	syn61370552	WHC031_SelfPace.csv	syn66528618	True	text/csv				
/ocean/projects/med260006p/aguda1/biomedAI/project/data/gait/weargait/CONTROL PARTICIPANTS/CSV files/WHC031_SelfPace_mat.csv	syn61370552	WHC031_SelfPace_mat.csv	syn66528619	True	text/csv				
/ocean/projects/med260006p/aguda1/biomedAI/project/data/gait/weargait/CONTROL PARTICIPANTS/CSV files/WHC031_SelfPace_matTURN.csv	syn61370552	WHC031_SelfPace_matTURN.csv	syn66528621	True	text/csv				
/ocean/projects/med260006p/aguda1/biomedAI/project/data/gait/weargait/CONTROL PARTICIPANTS/CSV files/WHC031_TUG.csv	syn61370552	WHC031_TUG.csv	syn66528623	True	text/csv				
/ocean/projects/med260006p/aguda1/biomedAI/project/data/gait/weargait/CONTROL PARTICIPANTS/CSV files/WHC031_TandemGait.csv	syn61370552	WHC031_TandemGait.csv	syn66528622	True	text/csv				
/ocean/projects/med260006p/aguda1/biomedAI/project/data/gait/weargait/CONTROL PARTICIPANTS/CSV files/WHC032_Balance.csv	syn61370552	WHC032_Balance.csv	syn66528625	True	text/csv				
/ocean/projects/med260006p/aguda1/biomedAI/project/data/gait/weargait/CONTROL PARTICIPANTS/CSV files/WHC032_HurriedPace.csv	syn61370552	WHC032_HurriedPace.csv	syn66528626	True	text/csv				
/ocean/projects/med260006p/aguda1/biomedAI/project/data/gait/weargait/CONTROL PARTICIPANTS/CSV files/WHC032_HurriedPace_mat.csv	syn61370552	WHC032_HurriedPace_mat.csv	syn66528627	True	text/csv				
/ocean/projects/med260006p/aguda1/biomedAI/project/data/gait/weargait/CONTROL PARTICIPANTS/CSV files/WHC032_SelfPace.csv	syn61370552	WHC032_SelfPace.csv	syn66528629	True	text/csv				
/ocean/projects/med260006p/aguda1/biomedAI/project/data/gait/weargait/CONTROL PARTICIPANTS/CSV files/WHC032_SelfPace_mat.csv	syn61370552	WHC032_SelfPace_mat.csv	syn66528628	True	text/csv				
/ocean/projects/med260006p/aguda1/biomedAI/project/data/gait/weargait/CONTROL PARTICIPANTS/CSV files/WHC032_SelfPace_matTURN.csv	syn61370552	WHC032_SelfPace_matTURN.csv	syn66528630	True	text/csv				
/ocean/projects/med260006p/aguda1/biomedAI/project/data/gait/weargait/CONTROL PARTICIPANTS/CSV files/WHC032_TUG.csv	syn61370552	WHC032_TUG.csv	syn66528632	True	text/csv				
/ocean/projects/med260006p/aguda1/biomedAI/project/data/gait/weargait/CONTROL PARTICIPANTS/CSV files/WHC032_TandemGait.csv	syn61370552	WHC032_TandemGait.csv	syn66528631	True	text/csv				
/ocean/projects/med260006p/aguda1/biomedAI/project/data/gait/weargait/CONTROL PARTICIPANTS/CSV files/WHC033_Balance.csv	syn61370552	WHC033_Balance.csv	syn66528634	True	text/csv				
/ocean/projects/med260006p/aguda1/biomedAI/project/data/gait/weargait/CONTROL PARTICIPANTS/CSV files/WHC033_HurriedPace.csv	syn61370552	WHC033_HurriedPace.csv	syn66528635	True	text/csv				
/ocean/projects/med260006p/aguda1/biomedAI/project/data/gait/weargait/CONTROL PARTICIPANTS/CSV files/WHC033_HurriedPace_mat.csv	syn61370552	WHC033_HurriedPace_mat.csv	syn66528636	True	text/csv				
/ocean/projects/med260006p/aguda1/biomedAI/project/data/gait/weargait/CONTROL PARTICIPANTS/CSV files/WHC033_SelfPace.csv	syn61370552	WHC033_SelfPace.csv	syn66528637	True	text/csv				
/ocean/projects/med260006p/aguda1/biomedAI/project/data/gait/weargait/CONTROL PARTICIPANTS/CSV files/WHC033_SelfPace_mat.csv	syn61370552	WHC033_SelfPace_mat.csv	syn66528638	True	text/csv				
/ocean/projects/med260006p/aguda1/biomedAI/project/data/gait/weargait/CONTROL PARTICIPANTS/CSV files/WHC033_SelfPace_matTURN.csv	syn61370552	WHC033_SelfPace_matTURN.csv	syn66528639	True	text/csv				
/ocean/projects/med260006p/aguda1/biomedAI/project/data/gait/weargait/CONTROL PARTICIPANTS/CSV files/WHC033_TUG.csv	syn61370552	WHC033_TUG.csv	syn66528641	True	text/csv				
/ocean/projects/med260006p/aguda1/biomedAI/project/data/gait/weargait/CONTROL PARTICIPANTS/CSV files/WHC033_TandemGait.csv	syn61370552	WHC033_TandemGait.csv	syn66528640	True	text/csv				
/ocean/projects/med260006p/aguda1/biomedAI/project/data/gait/weargait/CONTROL PARTICIPANTS/MAT files/HC100.mat	syn61370555	HC100.mat	syn61496687	True	application/octet-stream				
/ocean/projects/med260006p/aguda1/biomedAI/project/data/gait/weargait/CONTROL PARTICIPANTS/MAT files/HC101.mat	syn61370555	HC101.mat	syn61496688	True	application/octet-stream				
/ocean/projects/med260006p/aguda1/biomedAI/project/data/gait/weargait/CONTROL PARTICIPANTS/MAT files/HC102.mat	syn61370555	HC102.mat	syn61496689	True	application/octet-stream				
/ocean/projects/med260006p/aguda1/biomedAI/project/data/gait/weargait/CONTROL PARTICIPANTS/MAT files/HC103.mat	syn61370555	HC103.mat	syn61496690	True	application/octet-stream				
/ocean/projects/med260006p/aguda1/biomedAI/project/data/gait/weargait/CONTROL PARTICIPANTS/MAT files/HC104.mat	syn61370555	HC104.mat	syn61496691	True	application/octet-stream				
/ocean/projects/med260006p/aguda1/biomedAI/project/data/gait/weargait/CONTROL PARTICIPANTS/MAT files/HC105.mat	syn61370555	HC105.mat	syn61496694	True	application/octet-stream				
/ocean/projects/med260006p/aguda1/biomedAI/project/data/gait/weargait/CONTROL PARTICIPANTS/MAT files/HC106.mat	syn61370555	HC106.mat	syn61496695	True	application/octet-stream				
/ocean/projects/med260006p/aguda1/biomedAI/project/data/gait/weargait/CONTROL PARTICIPANTS/MAT files/HC107.mat	syn61370555	HC107.mat	syn61496696	True	application/octet-stream				
/ocean/projects/med260006p/aguda1/biomedAI/project/data/gait/weargait/CONTROL PARTICIPANTS/MAT files/HC108.mat	syn61370555	HC108.mat	syn61496697	True	application/octet-stream				
/ocean/projects/med260006p/aguda1/biomedAI/project/data/gait/weargait/CONTROL PARTICIPANTS/MAT files/HC109.mat	syn61370555	HC109.mat	syn61496698	True	application/octet-stream				
/ocean/projects/med260006p/aguda1/biomedAI/project/data/gait/weargait/CONTROL PARTICIPANTS/MAT files/HC110.mat	syn61370555	HC110.mat	syn61496699	True	application/octet-stream				
/ocean/projects/med260006p/aguda1/biomedAI/project/data/gait/weargait/CONTROL PARTICIPANTS/MAT files/HC111.mat	syn61370555	HC111.mat	syn61496700	True	application/octet-stream				
/ocean/projects/med260006p/aguda1/biomedAI/project/data/gait/weargait/CONTROL PARTICIPANTS/MAT files/HC112.mat	syn61370555	HC112.mat	syn61496701	True	application/octet-stream				
/ocean/projects/med260006p/aguda1/biomedAI/project/data/gait/weargait/CONTROL PARTICIPANTS/MAT files/HC113.mat	syn61370555	HC113.mat	syn61496704	True	application/octet-stream				
/ocean/projects/med260006p/aguda1/biomedAI/project/data/gait/weargait/CONTROL PARTICIPANTS/MAT files/HC114.mat	syn61370555	HC114.mat	syn61496705	True	application/octet-stream				
/ocean/projects/med260006p/aguda1/biomedAI/project/data/gait/weargait/CONTROL PARTICIPANTS/MAT files/HC115.mat	syn61370555	HC115.mat	syn61496708	True	application/octet-stream				
/ocean/projects/med260006p/aguda1/biomedAI/project/data/gait/weargait/CONTROL PARTICIPANTS/MAT files/HC116.mat	syn61370555	HC116.mat	syn61496709	True	application/octet-stream				
/ocean/projects/med260006p/aguda1/biomedAI/project/data/gait/weargait/CONTROL PARTICIPANTS/MAT files/HC117.mat	syn61370555	HC117.mat	syn61496710	True	application/octet-stream				
/ocean/projects/med260006p/aguda1/biomedAI/project/data/gait/weargait/CONTROL PARTICIPANTS/MAT files/HC118.mat	syn61370555	HC118.mat	syn61496715	True	application/octet-stream				
/ocean/projects/med260006p/aguda1/biomedAI/project/data/gait/weargait/CONTROL PARTICIPANTS/MAT files/HC120.mat	syn61370555	HC120.mat	syn61496716	True	application/octet-stream				
/ocean/projects/med260006p/aguda1/biomedAI/project/data/gait/weargait/CONTROL PARTICIPANTS/MAT files/HC121.mat	syn61370555	HC121.mat	syn61496717	True	application/octet-stream				
/ocean/projects/med260006p/aguda1/biomedAI/project/data/gait/weargait/CONTROL PARTICIPANTS/MAT files/HC122.mat	syn61370555	HC122.mat	syn61496718	True	application/octet-stream				
/ocean/projects/med260006p/aguda1/biomedAI/project/data/gait/weargait/CONTROL PARTICIPANTS/MAT files/HC123.mat	syn61370555	HC123.mat	syn61496719	True	application/octet-stream				
/ocean/projects/med260006p/aguda1/biomedAI/project/data/gait/weargait/CONTROL PARTICIPANTS/MAT files/HC124.mat	syn61370555	HC124.mat	syn61981121	True	application/octet-stream				
/ocean/projects/med260006p/aguda1/biomedAI/project/data/gait/weargait/CONTROL PARTICIPANTS/MAT files/HC125.mat	syn61370555	HC125.mat	syn61981122	True	application/octet-stream				
/ocean/projects/med260006p/aguda1/biomedAI/project/data/gait/weargait/CONTROL PARTICIPANTS/MAT files/HC126.mat	syn61370555	HC126.mat	syn61981123	True	application/octet-stream				
/ocean/projects/med260006p/aguda1/biomedAI/project/data/gait/weargait/CONTROL PARTICIPANTS/MAT files/HC127.mat	syn61370555	HC127.mat	syn61981126	True	application/octet-stream				
/ocean/projects/med260006p/aguda1/biomedAI/project/data/gait/weargait/CONTROL PARTICIPANTS/MAT files/HC128.mat	syn61370555	HC128.mat	syn61981127	True	application/octet-stream				
/ocean/projects/med260006p/aguda1/biomedAI/project/data/gait/weargait/CONTROL PARTICIPANTS/MAT files/HC129.mat	syn61370555	HC129.mat	syn61981128	True	application/octet-stream				
/ocean/projects/med260006p/aguda1/biomedAI/project/data/gait/weargait/CONTROL PARTICIPANTS/MAT files/HC130.mat	syn61370555	HC130.mat	syn61981131	True	application/octet-stream				
/ocean/projects/med260006p/aguda1/biomedAI/project/data/gait/weargait/CONTROL PARTICIPANTS/MAT files/HC132.mat	syn61370555	HC132.mat	syn61981132	True	application/octet-stream				
/ocean/projects/med260006p/aguda1/biomedAI/project/data/gait/weargait/CONTROL PARTICIPANTS/MAT files/HC133.mat	syn61370555	HC133.mat	syn61981133	True	application/octet-stream				
/ocean/projects/med260006p/aguda1/biomedAI/project/data/gait/weargait/CONTROL PARTICIPANTS/MAT files/HC134.mat	syn61370555	HC134.mat	syn61981134	True	application/octet-stream				
/ocean/projects/med260006p/aguda1/biomedAI/project/data/gait/weargait/CONTROL PARTICIPANTS/MAT files/HC135.mat	syn61370555	HC135.mat	syn61981135	True	application/octet-stream				
/ocean/projects/med260006p/aguda1/biomedAI/project/data/gait/weargait/CONTROL PARTICIPANTS/MAT files/HC136.mat	syn61370555	HC136.mat	syn61981138	True	application/octet-stream				
/ocean/projects/med260006p/aguda1/biomedAI/project/data/gait/weargait/CONTROL PARTICIPANTS/MAT files/HC137.mat	syn61370555	HC137.mat	syn61981139	True	application/octet-stream				
/ocean/projects/med260006p/aguda1/biomedAI/project/data/gait/weargait/CONTROL PARTICIPANTS/MAT files/HC138.mat	syn61370555	HC138.mat	syn61981140	True	application/octet-stream				
/ocean/projects/med260006p/aguda1/biomedAI/project/data/gait/weargait/CONTROL PARTICIPANTS/MAT files/HC139.mat	syn61370555	HC139.mat	syn61981141	True	application/octet-stream				
/ocean/projects/med260006p/aguda1/biomedAI/project/data/gait/weargait/CONTROL PARTICIPANTS/MAT files/HC140.mat	syn61370555	HC140.mat	syn61981142	True	application/octet-stream				
/ocean/projects/med260006p/aguda1/biomedAI/project/data/gait/weargait/CONTROL PARTICIPANTS/MAT files/HC141.mat	syn61370555	HC141.mat	syn61981143	True	application/octet-stream				
/ocean/projects/med260006p/aguda1/biomedAI/project/data/gait/weargait/CONTROL PARTICIPANTS/MAT files/HC142.mat	syn61370555	HC142.mat	syn61981144	True	application/octet-stream				
/ocean/projects/med260006p/aguda1/biomedAI/project/data/gait/weargait/CONTROL PARTICIPANTS/MAT files/HC143.mat	syn61370555	HC143.mat	syn61981147	True	application/octet-stream				
/ocean/projects/med260006p/aguda1/biomedAI/project/data/gait/weargait/CONTROL PARTICIPANTS/MAT files/HC144.mat	syn61370555	HC144.mat	syn61981148	True	application/octet-stream				
/ocean/projects/med260006p/aguda1/biomedAI/project/data/gait/weargait/CONTROL PARTICIPANTS/MAT files/HC145.mat	syn61370555	HC145.mat	syn61981149	True	application/octet-stream				
/ocean/projects/med260006p/aguda1/biomedAI/project/data/gait/weargait/CONTROL PARTICIPANTS/MAT files/HC147.mat	syn61370555	HC147.mat	syn61981150	True	application/octet-stream				
/ocean/projects/med260006p/aguda1/biomedAI/project/data/gait/weargait/CONTROL PARTICIPANTS/MAT files/HC148.mat	syn61370555	HC148.mat	syn61981151	True	application/octet-stream				
/ocean/projects/med260006p/aguda1/biomedAI/project/data/gait/weargait/CONTROL PARTICIPANTS/MAT files/HC149.mat	syn61370555	HC149.mat	syn61981152	True	application/octet-stream				
/ocean/projects/med260006p/aguda1/biomedAI/project/data/gait/weargait/CONTROL PARTICIPANTS/MAT files/HC150.mat	syn61370555	HC150.mat	syn61981153	True	application/octet-stream				
/ocean/projects/med260006p/aguda1/biomedAI/project/data/gait/weargait/CONTROL PARTICIPANTS/MAT files/HC151.mat	syn61370555	HC151.mat	syn61981154	True	application/octet-stream				
/ocean/projects/med260006p/aguda1/biomedAI/project/data/gait/weargait/CONTROL PARTICIPANTS/MAT files/HC153.mat	syn61370555	HC153.mat	syn61981155	True	application/octet-stream				
/ocean/projects/med260006p/aguda1/biomedAI/project/data/gait/weargait/CONTROL PARTICIPANTS/MAT files/HC154.mat	syn61370555	HC154.mat	syn61981156	True	application/octet-stream				
/ocean/projects/med260006p/aguda1/biomedAI/project/data/gait/weargait/CONTROL PARTICIPANTS/MAT files/NLS145 (control).mat	syn61370555	NLS145 (control).mat	syn66528650	True	application/octet-stream				
/ocean/projects/med260006p/aguda1/biomedAI/project/data/gait/weargait/CONTROL PARTICIPANTS/MAT files/NLS193 (control).mat	syn61370555	NLS193 (control).mat	syn66528649	True	application/octet-stream				
/ocean/projects/med260006p/aguda1/biomedAI/project/data/gait/weargait/CONTROL PARTICIPANTS/MAT files/NLS207 (control).mat	syn61370555	NLS207 (control).mat	syn66528643	True	application/octet-stream				
/ocean/projects/med260006p/aguda1/biomedAI/project/data/gait/weargait/CONTROL PARTICIPANTS/MAT files/WHC001.mat	syn61370555	WHC001.mat	syn61496722	True	application/octet-stream				
/ocean/projects/med260006p/aguda1/biomedAI/project/data/gait/weargait/CONTROL PARTICIPANTS/MAT files/WHC002.mat	syn61370555	WHC002.mat	syn61496729	True	application/octet-stream				
/ocean/projects/med260006p/aguda1/biomedAI/project/data/gait/weargait/CONTROL PARTICIPANTS/MAT files/WHC003.mat	syn61370555	WHC003.mat	syn61496730	True	application/octet-stream				
/ocean/projects/med260006p/aguda1/biomedAI/project/data/gait/weargait/CONTROL PARTICIPANTS/MAT files/WHC004.mat	syn61370555	WHC004.mat	syn61496731	True	application/octet-stream				
/ocean/projects/med260006p/aguda1/biomedAI/project/data/gait/weargait/CONTROL PARTICIPANTS/MAT files/WHC005.mat	syn61370555	WHC005.mat	syn61496732	True	application/octet-stream				
/ocean/projects/med260006p/aguda1/biomedAI/project/data/gait/weargait/CONTROL PARTICIPANTS/MAT files/WHC006.mat	syn61370555	WHC006.mat	syn61496733	True	application/octet-stream				
/ocean/projects/med260006p/aguda1/biomedAI/project/data/gait/weargait/CONTROL PARTICIPANTS/MAT files/WHC007.mat	syn61370555	WHC007.mat	syn61981157	True	application/octet-stream				
/ocean/projects/med260006p/aguda1/biomedAI/project/data/gait/weargait/CONTROL PARTICIPANTS/MAT files/WHC008.mat	syn61370555	WHC008.mat	syn61981158	True	application/octet-stream				
/ocean/projects/med260006p/aguda1/biomedAI/project/data/gait/weargait/CONTROL PARTICIPANTS/MAT files/WHC009.mat	syn61370555	WHC009.mat	syn61981159	True	application/octet-stream				
/ocean/projects/med260006p/aguda1/biomedAI/project/data/gait/weargait/CONTROL PARTICIPANTS/MAT files/WHC010.mat	syn61370555	WHC010.mat	syn61981162	True	application/octet-stream				
/ocean/projects/med260006p/aguda1/biomedAI/project/data/gait/weargait/CONTROL PARTICIPANTS/MAT files/WHC011.mat	syn61370555	WHC011.mat	syn61981163	True	application/octet-stream				
/ocean/projects/med260006p/aguda1/biomedAI/project/data/gait/weargait/CONTROL PARTICIPANTS/MAT files/WHC012.mat	syn61370555	WHC012.mat	syn61981164	True	application/octet-stream				
/ocean/projects/med260006p/aguda1/biomedAI/project/data/gait/weargait/CONTROL PARTICIPANTS/MAT files/WHC013.mat	syn61370555	WHC013.mat	syn63100013	True	application/octet-stream				
/ocean/projects/med260006p/aguda1/biomedAI/project/data/gait/weargait/CONTROL PARTICIPANTS/MAT files/WHC014.mat	syn61370555	WHC014.mat	syn63100014	True	application/octet-stream				
/ocean/projects/med260006p/aguda1/biomedAI/project/data/gait/weargait/CONTROL PARTICIPANTS/MAT files/WHC015.mat	syn61370555	WHC015.mat	syn66528645	True	application/octet-stream				
/ocean/projects/med260006p/aguda1/biomedAI/project/data/gait/weargait/CONTROL PARTICIPANTS/MAT files/WHC016.mat	syn61370555	WHC016.mat	syn66528648	True	application/octet-stream				
/ocean/projects/med260006p/aguda1/biomedAI/project/data/gait/weargait/CONTROL PARTICIPANTS/MAT files/WHC017.mat	syn61370555	WHC017.mat	syn66528647	True	application/octet-stream				
/ocean/projects/med260006p/aguda1/biomedAI/project/data/gait/weargait/CONTROL PARTICIPANTS/MAT files/WHC018.mat	syn61370555	WHC018.mat	syn66528644	True	application/octet-stream				
/ocean/projects/med260006p/aguda1/biomedAI/project/data/gait/weargait/CONTROL PARTICIPANTS/MAT files/WHC019.mat	syn61370555	WHC019.mat	syn66528646	True	application/octet-stream				
/ocean/projects/med260006p/aguda1/biomedAI/project/data/gait/weargait/CONTROL PARTICIPANTS/MAT files/WHC020.mat	syn61370555	WHC020.mat	syn66528652	True	application/octet-stream				
/ocean/projects/med260006p/aguda1/biomedAI/project/data/gait/weargait/CONTROL PARTICIPANTS/MAT files/WHC021.mat	syn61370555	WHC021.mat	syn66528653	True	application/octet-stream				
/ocean/projects/med260006p/aguda1/biomedAI/project/data/gait/weargait/CONTROL PARTICIPANTS/MAT files/WHC022.mat	syn61370555	WHC022.mat	syn66528654	True	application/octet-stream				
/ocean/projects/med260006p/aguda1/biomedAI/project/data/gait/weargait/CONTROL PARTICIPANTS/MAT files/WHC024.mat	syn61370555	WHC024.mat	syn66528655	True	application/octet-stream				
/ocean/projects/med260006p/aguda1/biomedAI/project/data/gait/weargait/CONTROL PARTICIPANTS/MAT files/WHC025.mat	syn61370555	WHC025.mat	syn66528656	True	application/octet-stream				
/ocean/projects/med260006p/aguda1/biomedAI/project/data/gait/weargait/CONTROL PARTICIPANTS/MAT files/WHC026.mat	syn61370555	WHC026.mat	syn66528657	True	application/octet-stream				
/ocean/projects/med260006p/aguda1/biomedAI/project/data/gait/weargait/CONTROL PARTICIPANTS/MAT files/WHC027.mat	syn61370555	WHC027.mat	syn66528658	True	application/octet-stream				
/ocean/projects/med260006p/aguda1/biomedAI/project/data/gait/weargait/CONTROL PARTICIPANTS/MAT files/WHC029.mat	syn61370555	WHC029.mat	syn66528659	True	application/octet-stream				
/ocean/projects/med260006p/aguda1/biomedAI/project/data/gait/weargait/CONTROL PARTICIPANTS/MAT files/WHC030.mat	syn61370555	WHC030.mat	syn66528660	True	application/octet-stream				
/ocean/projects/med260006p/aguda1/biomedAI/project/data/gait/weargait/CONTROL PARTICIPANTS/MAT files/WHC031.mat	syn61370555	WHC031.mat	syn66528662	True	application/octet-stream				
/ocean/projects/med260006p/aguda1/biomedAI/project/data/gait/weargait/CONTROL PARTICIPANTS/MAT files/WHC032.mat	syn61370555	WHC032.mat	syn66528663	True	application/octet-stream				
/ocean/projects/med260006p/aguda1/biomedAI/project/data/gait/weargait/CONTROL PARTICIPANTS/MAT files/WHC033.mat	syn61370555	WHC033.mat	syn66528664	True	application/octet-stream				
